{"stats":{"minecraft:dropped":{"alltheores:raw_platinum_block":1,"everythingcopper:copper_sword":3,"tombstone:grave_key":7,"mekanism:ingot_osmium":6,"minecraft:rotten_flesh":2,"apotheosis:gem":1,"minecraft:wooden_pickaxe":2,"botania:black_lotus":1},"minecraft:mined":{"thermal:deepslate_apatite_ore":1,"mysticalagriculture:prosperity_ore":1,"create:deepslate_zinc_ore":1,"minecraft:tuff":4,"minecraft:spruce_planks":2,"minecraft:grass_block":12,"occultism:silver_ore_deepslate":2,"gtceu:deepslate_almandine_ore":3,"ars_nouveau:sourceberry_bush":15,"minecraft:spawner":2,"gtceu:cassiterite_ore":1,"minecraft:hay_block":31,"forbidden_arcanus:deepslate_arcane_crystal_ore":3,"minecraft:cobbled_deepslate":1,"deepresonance:resonating_crystal_natural":4,"minecraft:brown_bed":1,"create:asurine":1,"minecraft:vine":1,"minecraft:rail":1,"minecraft:stripped_oak_log":2,"minecraft:stone":13,"minecraft:crafting_table":3,"thermal:apatite_ore":1,"alltheores:raw_osmium_block":2,"minecraft:torch":1,"biomesoplenty:fir_planks":3,"botania:pink_mushroom":1,"minecraft:campfire":1,"minecraft:cobblestone":26,"forbidden_arcanus:xpetrified_ore":3,"evilcraft:dark_ore_deepslate":1,"alltheores:deepslate_osmium_ore":44,"biomesoplenty:fir_log":68,"minecraft:grass":8,"minecraft:oak_log":42,"mekanism:deepslate_fluorite_ore":2,"alltheores:raw_platinum_block":1,"minecraft:stone_bricks":1,"minecraft:deepslate":13,"minecraft:fern":1},"minecraft:picked_up":{"minecraft:charcoal":2,"minecraft:crafting_table":3,"minecraft:lead":2,"minecraft:wooden_pickaxe":1,"minecraft:brown_bed":1,"minecraft:enchanted_book":1,"everythingcopper:copper_sword":3,"enderio:broken_spawner":4,"tombstone:grave_key":5,"sushigocrafting:soy_seeds":1,"forbidden_arcanus:xpetrified_orb":3,"minecraft:string":5,"artifacts:fire_gauntlet":1,"mysticalagriculture:inferium_essence":11,"minecraft:tnt_minecart":1,"biomesoplenty:fir_planks":33,"minecraft:cobbled_deepslate":13,"minecraft:spruce_planks":1,"minecraft:poppy":1,"minecraft:stick":5,"apotheosis:gem":1,"mysticalagriculture:prosperity_shard":1,"minecraft:porkchop":1,"alltheores:raw_platinum_block":1,"tombstone:grave_dust":3,"thermal:flax_seeds":1,"gtceu:stone_dust":1,"thermal:apatite":16,"eidolon:tattered_cloth":6,"minecraft:rotten_flesh":18,"minecraft:arrow":14,"silentgear:leather_scrap":1,"alltheores:raw_osmium_block":2,"minecraft:hay_block":31,"create:asurine":1,"supplementaries:ash":2,"reliquary:mob_charm_fragment":1,"alltheores:raw_osmium":44,"ars_nouveau:sourceberry_bush":27,"eidolon:wraith_heart":1,"gtceu:raw_cassiterite":1,"forbidden_arcanus:spawner_scrap":1,"minecraft:cobblestone":40,"minecraft:rail":1,"minecraft:stripped_oak_log":2,"minecraft:glow_ink_sac":4,"gtceu:deepslate_dust":2,"integrateddynamics:on_the_dynamics_of_integration":1,"minecraft:leather":3,"croptopia:glowing_calamari":6,"biomesoplenty:fir_log":68,"paraglider:spirit_orb":8,"minecraft:tuff":4,"create:raw_zinc":1,"minecraft:oak_log":41,"minecraft:dirt":10,"gtceu:raw_almandine":3,"bhc:red_heart":1,"minecraft:bone":5,"minecraft:stone_bricks":1,"minecraft:bow":1,"biomesoplenty:fir_boat":5,"minecraft:iron_ingot":3,"sushigocrafting:cucumber_seeds":1,"minecraft:spider_eye":1,"forbidden_arcanus:arcane_crystal":3,"immersiveengineering:seed":2,"evilcraft:dark_gem":4,"minecraft:crossbow":1,"deepresonance:resonating_crystal_natural":4,"alltheores:raw_silver_block":2},"minecraft:custom":{"lootr:looted_stat":16,"minecraft:mob_kills":44,"minecraft:interact_with_crafting_table":30,"minecraft:bell_ring":2,"minecraft:damage_dealt_resisted":0,"minecraft:leave_game":12,"minecraft:time_since_death":9444,"minecraft:climb_one_cm":3726,"minecraft:damage_resisted":0,"minecraft:sprint_one_cm":325827,"minecraft:walk_one_cm":337080,"minecraft:damage_blocked_by_shield":3870,"minecraft:drop":23,"minecraft:talked_to_villager":9,"minecraft:play_time":242487,"minecraft:deaths":9,"minecraft:sneak_time":5284,"minecraft:walk_under_water_one_cm":19469,"minecraft:jump":2905,"minecraft:walk_on_water_one_cm":48322,"minecraft:total_world_time":242487,"minecraft:interact_with_furnace":21,"minecraft:sleep_in_bed":6,"minecraft:time_since_rest":8223,"minecraft:damage_taken":4401,"minecraft:damage_dealt":11400,"tombstone:cast_on_ally":0,"minecraft:swim_one_cm":103580,"minecraft:fly_one_cm":568970,"minecraft:open_chest":36,"minecraft:crouch_one_cm":10554,"tombstone:undead_killed":29,"tombstone:villager_killed":1,"minecraft:fall_one_cm":70575},"minecraft:killed_by":{"minecraft:enderman":1,"eidolon:wraith":1,"quark:forgotten":1,"eidolon:zombie_brute":1,"creeperoverhaul:cave_creeper":1,"minecraft:skeleton":3,"minecraft:zombie":1},"minecraft:killed":{"minecraft:cave_spider":2,"minecraft:spider":2,"minecraft:skeleton":8,"eidolon:wraith":4,"thermal:blitz":2,"artifacts:mimic":1,"minecraft:pig":1,"minecraft:zombie_villager":2,"minecraft:iron_golem":1,"minecraft:wandering_trader":1,"minecraft:creeper":1,"minecraft:trader_llama":2,"minecraft:zombie":15},"minecraft:used":{"minecraft:iron_shovel":8,"minecraft:shield":36,"alltheores:raw_osmium_block":2,"mekanismtools:osmium_sword":93,"minecraft:iron_axe":56,"minecraft:bow":1,"everythingcopper:copper_sword":74,"minecraft:furnace":2,"ars_nouveau:sourceberry_bush":15,"mekanismtools:bronze_pickaxe":99,"tombstone:gift":2,"minecraft:brown_bed":1,"tombstone:scroll_of_mercy":1,"minecraft:water_bucket":15,"minecraft:stone_pickaxe":26,"minecraft:oak_planks":8,"minecraft:wooden_pickaxe":6,"biomesoplenty:fir_planks":3,"biomesoplenty:fir_boat":6,"minecraft:crafting_table":6,"mekanismtools:osmium_pickaxe":11,"mekanismtools:osmium_shield":37,"minecraft:bread":23,"tombstone:magic_scroll":1,"minecraft:stone_axe":67,"tombstone:familiar_stone":3,"minecraft:cobblestone":8,"minecraft:porkchop":1,"minecraft:bucket":14,"quark:oak_chest":2},"minecraft:crafted":{"minecraft:oak_planks":41,"mekanismtools:osmium_shield":1,"mekanism:ingot_osmium":44,"mekanismtools:osmium_chestplate":1,"minecraft:furnace":2,"mekanismtools:bronze_chestplate":1,"mekanismtools:osmium_axe":1,"minecraft:stone_pickaxe":2,"mekanismtools:osmium_boots":1,"mekanismtools:osmium_helmet":1,"mekanismtools:osmium_pickaxe":1,"minecraft:wheat":19,"mekanismtools:osmium_sword":1,"biomesoplenty:fir_boat":3,"minecraft:crafting_table":4,"minecraft:wooden_pickaxe":2,"mekanismtools:osmium_leggings":1,"minecraft:stone_axe":1,"minecraft:bread":57,"minecraft:air":699,"biomesoplenty:fir_planks":74,"mekanismtools:bronze_boots":1,"minecraft:shield":2,"minecraft:stick":12,"quark:oak_chest":2,"mekanismtools:bronze_leggings":1,"mekanismtools:bronze_pickaxe":1}},"DataVersion":3465}