{"stats":{"minecraft:dropped":{"tombstone:grave_key":1,"minecraft:rotten_flesh":2},"minecraft:picked_up":{"integrateddynamics:on_the_dynamics_of_integration":1,"biomesoplenty:fir_log":4,"minecraft:tuff":4,"tombstone:grave_dust":1,"minecraft:rotten_flesh":2,"minecraft:cobbled_deepslate":2,"biomesoplenty:fir_planks":33,"minecraft:rail":1,"minecraft:cobblestone":8},"minecraft:killed_by":{"eidolon:wraith":1,"minecraft:zombie":1,"eidolon:zombie_brute":1},"minecraft:used":{"minecraft:stone_pickaxe":6,"minecraft:wooden_pickaxe":6,"biomesoplenty:fir_planks":3,"tombstone:familiar_stone":3,"minecraft:cobblestone":1,"minecraft:crafting_table":1},"minecraft:mined":{"minecraft:tuff":4,"biomesoplenty:fir_log":4,"minecraft:grass":1,"biomesoplenty:fir_planks":3,"minecraft:rail":1,"minecraft:cobblestone":3,"minecraft:stone":3,"minecraft:deepslate":2},"minecraft:crafted":{"biomesoplenty:fir_planks":4,"minecraft:crafting_table":1,"minecraft:stick":5,"minecraft:wooden_pickaxe":2,"minecraft:stone_pickaxe":2,"minecraft:air":21},"minecraft:custom":{"minecraft:time_since_rest":2862,"lootr:looted_stat":1,"minecraft:sprint_one_cm":55243,"minecraft:damage_taken":804,"minecraft:walk_one_cm":49453,"minecraft:drop":3,"minecraft:damage_dealt":202,"minecraft:interact_with_crafting_table":4,"minecraft:fly_one_cm":44247,"minecraft:crouch_one_cm":3124,"minecraft:play_time":40718,"minecraft:deaths":3,"minecraft:sneak_time":600,"minecraft:damage_dealt_resisted":0,"minecraft:jump":215,"minecraft:leave_game":6,"minecraft:walk_on_water_one_cm":5006,"minecraft:time_since_death":3475,"minecraft:climb_one_cm":606,"minecraft:total_world_time":40718,"minecraft:fall_one_cm":2841}},"DataVersion":3465}