{"stats":{"minecraft:custom":{"minecraft:jump":16,"minecraft:time_since_rest":16416,"minecraft:crouch_one_cm":314,"minecraft:sprint_one_cm":1689,"minecraft:leave_game":5,"minecraft:play_time":16416,"minecraft:damage_taken":15,"minecraft:time_since_death":16416,"minecraft:walk_one_cm":3901,"minecraft:sneak_time":38,"minecraft:total_world_time":16416,"minecraft:fall_one_cm":209,"minecraft:fly_one_cm":2361},"minecraft:picked_up":{"integrateddynamics:on_the_dynamics_of_integration":1}},"DataVersion":3465}