{"stats":{"minecraft:crafted":{"minecraft:oak_planks":5,"biomesoplenty:fir_boat":1,"minecraft:crafting_table":3,"minecraft:wooden_pickaxe":2,"mekanismtools:bronze_chestplate":1,"minecraft:stone_axe":1,"minecraft:bread":57,"minecraft:air":503,"biomesoplenty:fir_planks":69,"mekanismtools:bronze_boots":1,"minecraft:stick":10,"minecraft:stone_pickaxe":2,"mekanismtools:bronze_leggings":1,"mekanismtools:bronze_pickaxe":1,"minecraft:wheat":19},"minecraft:killed_by":{"creeperoverhaul:cave_creeper":1,"minecraft:zombie":1,"eidolon:wraith":1,"eidolon:zombie_brute":1},"minecraft:mined":{"minecraft:tuff":4,"minecraft:spruce_planks":2,"minecraft:crafting_table":3,"minecraft:grass_block":4,"biomesoplenty:fir_planks":3,"minecraft:campfire":1,"minecraft:cobblestone":6,"ars_nouveau:sourceberry_bush":15,"gtceu:cassiterite_ore":1,"minecraft:hay_block":31,"biomesoplenty:fir_log":63,"minecraft:brown_bed":1,"minecraft:grass":5,"minecraft:oak_log":4,"minecraft:rail":1,"minecraft:stripped_oak_log":2,"minecraft:stone":13,"minecraft:stone_bricks":1,"minecraft:deepslate":2,"minecraft:fern":1},"minecraft:used":{"minecraft:stone_pickaxe":26,"minecraft:oak_planks":4,"minecraft:wooden_pickaxe":6,"biomesoplenty:fir_planks":3,"biomesoplenty:fir_boat":1,"minecraft:crafting_table":3,"minecraft:iron_axe":17,"minecraft:bread":3,"minecraft:stone_axe":67,"tombstone:familiar_stone":3,"minecraft:cobblestone":8,"minecraft:bow":1,"everythingcopper:copper_sword":27,"minecraft:porkchop":1,"ars_nouveau:sourceberry_bush":15,"minecraft:brown_bed":1},"minecraft:killed":{"minecraft:pig":1,"minecraft:zombie_villager":1,"minecraft:iron_golem":1,"minecraft:skeleton":1,"minecraft:zombie":3},"minecraft:custom":{"lootr:looted_stat":10,"minecraft:mob_kills":7,"minecraft:interact_with_crafting_table":12,"minecraft:damage_dealt_resisted":0,"minecraft:leave_game":7,"minecraft:time_since_death":26165,"minecraft:climb_one_cm":2992,"minecraft:time_since_rest":23766,"minecraft:sprint_one_cm":136393,"minecraft:damage_taken":1429,"minecraft:walk_one_cm":135427,"minecraft:drop":8,"minecraft:damage_dealt":2283,"minecraft:swim_one_cm":19839,"minecraft:talked_to_villager":4,"minecraft:fly_one_cm":164156,"minecraft:open_chest":6,"minecraft:crouch_one_cm":5877,"minecraft:play_time":93422,"tombstone:undead_killed":5,"minecraft:deaths":4,"minecraft:walk_under_water_one_cm":3521,"minecraft:sneak_time":1884,"minecraft:jump":873,"minecraft:walk_on_water_one_cm":8221,"minecraft:total_world_time":93422,"minecraft:fall_one_cm":17182},"minecraft:dropped":{"minecraft:rotten_flesh":2,"everythingcopper:copper_sword":1,"tombstone:grave_key":3,"minecraft:wooden_pickaxe":2},"minecraft:picked_up":{"minecraft:stripped_oak_log":2,"minecraft:charcoal":2,"minecraft:crafting_table":3,"integrateddynamics:on_the_dynamics_of_integration":1,"minecraft:wooden_pickaxe":1,"minecraft:brown_bed":1,"biomesoplenty:fir_log":63,"minecraft:tuff":4,"everythingcopper:copper_sword":1,"minecraft:oak_log":3,"tombstone:grave_key":2,"sushigocrafting:soy_seeds":1,"minecraft:dirt":4,"bhc:red_heart":1,"minecraft:stone_bricks":1,"mysticalagriculture:inferium_essence":1,"minecraft:bow":1,"minecraft:tnt_minecart":1,"biomesoplenty:fir_boat":1,"minecraft:cobbled_deepslate":2,"biomesoplenty:fir_planks":33,"minecraft:spruce_planks":1,"minecraft:iron_ingot":3,"minecraft:poppy":1,"minecraft:stick":5,"sushigocrafting:cucumber_seeds":1,"minecraft:porkchop":1,"tombstone:grave_dust":1,"thermal:flax_seeds":1,"gtceu:stone_dust":1,"silentgear:leather_scrap":1,"immersiveengineering:seed":1,"minecraft:arrow":1,"minecraft:rotten_flesh":6,"minecraft:hay_block":31,"minecraft:crossbow":1,"ars_nouveau:sourceberry_bush":27,"gtceu:raw_cassiterite":1,"minecraft:rail":1,"minecraft:cobblestone":21}},"DataVersion":3465}