{"stats":{"minecraft:picked_up":{"integrateddynamics:on_the_dynamics_of_integration":1,"minecraft:cobbled_deepslate":2,"biomesoplenty:fir_planks":30,"biomesoplenty:fir_log":2,"minecraft:cobblestone":4},"minecraft:killed_by":{"eidolon:wraith":1,"minecraft:zombie":1},"minecraft:used":{"minecraft:crafting_table":1,"minecraft:stone_pickaxe":2,"minecraft:wooden_pickaxe":3},"minecraft:mined":{"minecraft:cobblestone":3,"biomesoplenty:fir_log":2,"minecraft:deepslate":2},"minecraft:crafted":{"biomesoplenty:fir_planks":2,"minecraft:crafting_table":1,"minecraft:stick":4,"minecraft:air":9,"minecraft:wooden_pickaxe":1,"minecraft:stone_pickaxe":1},"minecraft:custom":{"minecraft:time_since_rest":4057,"minecraft:crouch_one_cm":2524,"minecraft:play_time":28718,"lootr:looted_stat":1,"minecraft:sprint_one_cm":31667,"minecraft:damage_taken":495,"minecraft:walk_one_cm":26830,"minecraft:deaths":2,"minecraft:sneak_time":514,"minecraft:jump":114,"minecraft:damage_dealt":46,"minecraft:leave_game":6,"minecraft:time_since_death":5411,"minecraft:walk_on_water_one_cm":5006,"minecraft:total_world_time":28718,"minecraft:climb_one_cm":564,"minecraft:interact_with_crafting_table":2,"minecraft:fall_one_cm":2003,"minecraft:fly_one_cm":27270}},"DataVersion":3465}