{"stats":{"minecraft:crafted":{"biomesoplenty:fir_planks":4,"minecraft:crafting_table":1,"minecraft:stick":9,"minecraft:wooden_pickaxe":2,"minecraft:stone_pickaxe":2,"minecraft:stone_axe":1,"minecraft:air":21},"minecraft:killed_by":{"eidolon:wraith":1,"minecraft:zombie":1,"eidolon:zombie_brute":1},"minecraft:mined":{"minecraft:tuff":4,"biomesoplenty:fir_log":4,"minecraft:grass":1,"biomesoplenty:fir_planks":3,"minecraft:rail":1,"minecraft:cobblestone":4,"minecraft:stone":12,"minecraft:deepslate":2},"minecraft:used":{"minecraft:stone_pickaxe":18,"minecraft:wooden_pickaxe":6,"biomesoplenty:fir_planks":3,"minecraft:stone_axe":4,"tombstone:familiar_stone":3,"minecraft:cobblestone":6,"minecraft:crafting_table":1},"minecraft:killed":{"minecraft:pig":1,"minecraft:zombie":1},"minecraft:custom":{"minecraft:time_since_rest":19566,"lootr:looted_stat":1,"minecraft:sprint_one_cm":71625,"minecraft:damage_taken":909,"minecraft:walk_one_cm":68563,"minecraft:mob_kills":2,"minecraft:drop":5,"minecraft:damage_dealt":452,"minecraft:interact_with_crafting_table":5,"minecraft:swim_one_cm":8123,"minecraft:fly_one_cm":74219,"minecraft:crouch_one_cm":3716,"minecraft:play_time":57422,"tombstone:undead_killed":1,"minecraft:deaths":3,"minecraft:sneak_time":728,"minecraft:walk_under_water_one_cm":562,"minecraft:jump":376,"minecraft:damage_dealt_resisted":0,"minecraft:leave_game":7,"minecraft:time_since_death":20179,"minecraft:walk_on_water_one_cm":5812,"minecraft:climb_one_cm":606,"minecraft:total_world_time":57422,"minecraft:fall_one_cm":5140},"minecraft:dropped":{"tombstone:grave_key":1,"minecraft:rotten_flesh":2,"minecraft:wooden_pickaxe":2},"minecraft:picked_up":{"minecraft:stick":5,"integrateddynamics:on_the_dynamics_of_integration":1,"minecraft:wooden_pickaxe":1,"biomesoplenty:fir_log":4,"minecraft:porkchop":1,"minecraft:tuff":4,"tombstone:grave_dust":1,"bhc:red_heart":1,"minecraft:rotten_flesh":3,"minecraft:cobbled_deepslate":2,"biomesoplenty:fir_planks":33,"minecraft:rail":1,"minecraft:cobblestone":18}},"DataVersion":3465}