{"stats":{"minecraft:killed":{"minecraft:cave_spider":4,"minecraft:spider":6,"minecraft:skeleton":13,"minecraft:silverfish":2,"thermal:blitz":2,"artifacts:mimic":1,"minecraft:pig":1,"minecraft:zombie_villager":3,"minecraft:iron_golem":1,"irons_spellbooks:necromancer":1,"minecraft:creeper":1,"minecraft:trader_llama":2,"minecraft:zombie":29,"minecraft:cow":4,"eidolon:wraith":6,"minecraft:husk":14,"minecraft:wandering_trader":1,"tombstone:spectral_wolf":1,"minecraft:villager":10},"minecraft:dropped":{"paraglider:spirit_orb":8,"minecraft:item_frame":2,"everythingcopper:copper_sword":3,"integrateddynamics:menril_planks":8,"mekanismtools:osmium_sword":1,"minecraft:amethyst_shard":6,"minecraft:bone":4,"eidolon:wraith_heart":2,"mekanism:ingot_osmium":6,"minecraft:cobbled_deepslate":56,"minecraft:beetroot":2,"minecraft:rotten_flesh":6,"patchouli:guide_book":1,"minecraft:sandstone_wall":11,"supplementaries:ash":7,"croptopia:zucchini":1,"mysticalagriculture:inferium_essence":2,"minecraft:beetroot_seeds":3,"apotheosis:gem":5,"quark:forgotten_hat":1,"forbidden_arcanus:arcane_crystal":1,"minecraft:spruce_slab":1,"immersiveengineering:seed":3,"botania:black_lotus":1,"minecraft:oak_slab":5,"minecraft:wheat_seeds":17,"tombstone:tablet_of_home":1,"alltheores:raw_platinum_block":1,"pneumaticcraft:compressed_iron_leggings":1,"mekanismtools:osmium_helmet":1,"minecraft:coal":8,"tombstone:grave_key":7,"croptopia:zucchini_seed":1,"forbidden_arcanus:spawner_scrap":2,"tombstone:grave_dust":4,"minecraft:oak_stairs":1,"minecraft:smooth_sandstone":10,"create:raw_zinc":2,"enderio:broken_spawner":6,"pneumaticcraft:compressed_iron_chestplate":1,"evilcraft:origins_of_darkness":1,"minecraft:wooden_pickaxe":2,"artifacts:fire_gauntlet":1},"minecraft:picked_up":{"mekanism:raw_uranium":5,"tombstone:tablet_of_home":1,"minecraft:lead":2,"minecraft:oak_stairs":1,"minecraft:brown_bed":2,"minecraft:enchanted_book":2,"everythingcopper:copper_sword":3,"tombstone:grave_key":5,"forbidden_arcanus:xpetrified_orb":3,"minecraft:string":15,"minecraft:beetroot":4,"irons_spellbooks:arcane_essence":3,"minecraft:tnt_minecart":1,"mysticalagriculture:inferium_essence":31,"biomesoplenty:fir_planks":33,"minecraft:cobbled_deepslate":69,"minecraft:bucket":1,"minecraft:spruce_planks":7,"twigs:pebble":2,"minecraft:calcite":1,"minecraft:melon_slice":120,"minecraft:stick":5,"apotheosis:gem":6,"mysticalagriculture:prosperity_shard":1,"minecraft:green_bed":1,"minecraft:spruce_stairs":1,"minecraft:porkchop":1,"minecraft:sandstone_wall":11,"tombstone:grave_dust":9,"thermal:flax_seeds":1,"gtceu:stone_dust":1,"thermal:apatite":16,"eidolon:tattered_cloth":8,"silentgear:leather_scrap":1,"minecraft:rotten_flesh":62,"ars_nouveau:worn_notebook":1,"create:asurine":1,"reliquary:mob_charm_fragment":1,"ars_nouveau:sourceberry_bush":27,"supplementaries:ash":33,"gtceu:raw_cassiterite":1,"minecraft:cobblestone":85,"biomesoplenty:fir_log":68,"paraglider:spirit_orb":36,"minecraft:tuff":19,"create:raw_zinc":15,"minecraft:lantern":1,"minecraft:dirt":54,"gtceu:raw_almandine":3,"bhc:red_heart":1,"minecraft:bone":12,"minecraft:bow":1,"minecraft:wheat_seeds":21,"biomesoplenty:fir_boat":5,"minecraft:fletching_table":1,"minecraft:oak_planks":15,"silentgear:fine_silk":1,"thermal:bell_pepper_seeds":2,"patchouli:guide_book":2,"minecraft:sand":2,"minecraft:red_terracotta":2,"minecraft:crossbow":1,"gtceu:tiny_goethite_dust":16,"minecraft:blue_banner":1,"twigs:rhyolite":1,"croptopia:greenonion":1,"minecraft:mud":3,"minecraft:charcoal":2,"minecraft:crafting_table":3,"thermal:raw_silver":3,"minecraft:wooden_pickaxe":1,"occultism:raw_silver":1,"enderio:broken_spawner":12,"sushigocrafting:soy_seeds":1,"minecraft:item_frame":2,"artifacts:fire_gauntlet":1,"minecraft:cracked_stone_bricks":2,"biomesoplenty:black_sand":6,"minecraft:poppy":3,"minecraft:spruce_slab":1,"forbidden_arcanus:bat_wing":1,"minecraft:stripped_mangrove_wood":1,"minecraft:raw_gold_block":1,"alltheores:raw_platinum_block":1,"minecraft:carrot":5,"minecraft:dark_oak_planks":4,"minecraft:arrow":16,"alltheores:raw_osmium_block":2,"minecraft:beetroot_seeds":3,"minecraft:hay_block":31,"tombstone:essence_of_undeath":1,"alltheores:raw_osmium":44,"minecraft:rail":1,"eidolon:wraith_heart":2,"forbidden_arcanus:spawner_scrap":5,"minecraft:stripped_oak_log":2,"minecraft:basalt":4,"integrateddynamics:menril_planks":8,"minecraft:glow_ink_sac":4,"gtceu:deepslate_dust":2,"integrateddynamics:on_the_dynamics_of_integration":1,"minecraft:leather":10,"croptopia:greenonion_seed":1,"croptopia:glowing_calamari":6,"mekanismtools:osmium_sword":1,"minecraft:oak_log":41,"minecraft:yellow_bed":1,"minecraft:smooth_sandstone":10,"minecraft:stone_bricks":1,"minecraft:iron_ingot":8,"croptopia:pineapple":1,"minecraft:book":21,"minecraft:oak_slab":5,"minecraft:smooth_basalt":4,"minecraft:dark_oak_slab":1,"sushigocrafting:cucumber_seeds":2,"minecraft:gravel":2,"minecraft:spider_eye":1,"forbidden_arcanus:arcane_crystal":3,"immersiveengineering:seed":12,"minecraft:iron_helmet":1,"evilcraft:dark_gem":4,"mekanism:fluorite_gem":2,"minecraft:gray_wool":1,"deepresonance:resonating_crystal_natural":4,"minecraft:melon_seeds":1,"alltheores:raw_silver_block":2,"minecraft:hopper":1},"minecraft:custom":{"lootr:looted_stat":52,"minecraft:interact_with_crafting_table":33,"minecraft:open_barrel":1,"minecraft:bell_ring":4,"minecraft:eat_cake_slice":9,"minecraft:leave_game":13,"minecraft:time_since_death":43603,"minecraft:damage_resisted":0,"minecraft:sprint_one_cm":697964,"minecraft:damage_blocked_by_shield":7840,"minecraft:drop":72,"minecraft:talked_to_villager":14,"minecraft:play_time":400986,"minecraft:deaths":16,"minecraft:jump":6743,"minecraft:walk_on_water_one_cm":86835,"minecraft:interact_with_furnace":32,"minecraft:interact_with_cartography_table":1,"minecraft:sleep_in_bed":8,"minecraft:waystone_activated":2,"minecraft:damage_dealt":25895,"minecraft:crouch_one_cm":14192,"tombstone:undead_killed":67,"tombstone:villager_killed":11,"minecraft:interact_with_smithing_table":1,"minecraft:mob_kills":105,"minecraft:damage_dealt_resisted":0,"minecraft:climb_one_cm":5967,"minecraft:walk_one_cm":650310,"minecraft:sneak_time":6658,"minecraft:walk_under_water_one_cm":44252,"minecraft:boat_one_cm":26708,"minecraft:interact_with_blast_furnace":1,"minecraft:total_world_time":400986,"minecraft:time_since_rest":43239,"minecraft:damage_taken":10370,"tombstone:cast_on_ally":0,"minecraft:swim_one_cm":202635,"minecraft:fly_one_cm":1306954,"minecraft:open_chest":60,"minecraft:fall_one_cm":175693},"minecraft:killed_by":{"minecraft:creeper":2,"eidolon:wraith":1,"quark:forgotten":1,"eidolon:zombie_brute":1,"creeperoverhaul:cave_creeper":1,"minecraft:zombie":1,"minecraft:husk":3,"minecraft:enderman":1,"thermal:blitz":1,"irons_spellbooks:necromancer":1,"minecraft:skeleton":3},"minecraft:broken":{"aether:chainmail_gloves":1,"mekanismtools:osmium_shield":1},"minecraft:used":{"minecraft:iron_shovel":12,"minecraft:shield":41,"alltheores:raw_osmium_block":2,"mekanismtools:osmium_sword":376,"minecraft:tuff":13,"minecraft:bow":1,"minecraft:furnace":2,"ars_nouveau:sourceberry_bush":15,"minecraft:stone_pickaxe":26,"minecraft:oak_planks":111,"minecraft:wooden_pickaxe":6,"biomesoplenty:fir_planks":3,"biomesoplenty:fir_boat":6,"tombstone:tablet_of_guard":4,"minecraft:creeper_spawn_egg":3,"mekanismtools:osmium_shield":73,"minecraft:bread":78,"minecraft:melon_slice":15,"tombstone:grave_key":1,"tombstone:familiar_stone":3,"minecraft:dirt":40,"minecraft:iron_axe":56,"evilcraft:flesh_humanoid":1,"everythingcopper:copper_sword":74,"mekanismtools:bronze_pickaxe":99,"tombstone:gift":4,"minecraft:brown_bed":2,"tombstone:scroll_of_mercy":1,"minecraft:water_bucket":30,"mekanismtools:osmium_axe":26,"minecraft:crafting_table":6,"tombstone:tablet_of_home":4,"minecraft:cake":2,"mekanismtools:osmium_pickaxe":178,"tombstone:magic_scroll":1,"minecraft:stone_axe":67,"minecraft:cobblestone":25,"minecraft:porkchop":1,"minecraft:bucket":30,"quark:oak_chest":2},"minecraft:crafted":{"minecraft:oak_planks":57,"mekanismtools:osmium_shield":2,"mekanism:ingot_osmium":44,"mekanismtools:osmium_chestplate":1,"mekanismtools:osmium_boots":1,"mekanismtools:osmium_pickaxe":1,"minecraft:crafting_table":4,"minecraft:wooden_pickaxe":2,"mekanismtools:osmium_leggings":1,"biomesoplenty:fir_planks":74,"mekanismtools:bronze_boots":1,"minecraft:shield":2,"minecraft:stick":12,"quark:oak_chest":2,"mekanismtools:bronze_pickaxe":1,"minecraft:furnace":2,"mekanismtools:bronze_chestplate":1,"mekanismtools:osmium_axe":1,"minecraft:stone_pickaxe":2,"mekanismtools:osmium_helmet":1,"minecraft:wheat":19,"mekanismtools:osmium_sword":1,"biomesoplenty:fir_boat":3,"minecraft:stone_axe":1,"minecraft:bread":57,"minecraft:air":764,"mekanismtools:bronze_leggings":1,"create:zinc_ingot":16},"minecraft:mined":{"minecraft:dark_oak_planks":4,"biomesoplenty:mossy_black_sand":1,"create:deepslate_zinc_ore":2,"minecraft:spruce_planks":8,"minecraft:prismarine_wall":1,"minecraft:spruce_trapdoor":1,"minecraft:grass_block":33,"gtceu:deepslate_almandine_ore":3,"biomesoplenty:dried_salt":1,"ars_nouveau:sourceberry_bush":15,"minecraft:spawner":5,"gtceu:cassiterite_ore":1,"minecraft:cobbled_deepslate":1,"minecraft:brown_bed":2,"create:asurine":1,"biomesoplenty:webbing":1,"minecraft:stripped_mangrove_wood":1,"minecraft:green_bed":2,"minecraft:blue_banner":1,"alltheores:raw_osmium_block":2,"minecraft:torch":1,"minecraft:calcite":1,"minecraft:melon":24,"minecraft:cobblestone":26,"minecraft:oak_planks":5,"minecraft:dark_oak_slab":1,"supplementaries:double_cake":1,"alltheores:deepslate_osmium_ore":44,"evilcraft:dark_ore_deepslate":1,"minecraft:wheat":1,"biomesoplenty:fir_log":68,"minecraft:grass":47,"minecraft:oak_log":42,"minecraft:beetroots":14,"minecraft:dirt":11,"alltheores:raw_platinum_block":1,"minecraft:smooth_basalt":4,"minecraft:deepslate":62,"thermal:deepslate_apatite_ore":1,"create:zinc_ore":13,"mysticalagriculture:prosperity_ore":1,"minecraft:tuff":19,"occultism:silver_ore_deepslate":3,"minecraft:mangrove_trapdoor":1,"quark:jasper":1,"minecraft:hay_block":31,"forbidden_arcanus:deepslate_arcane_crystal_ore":3,"minecraft:carrots":1,"minecraft:raw_gold_block":1,"deepresonance:resonating_crystal_natural":4,"minecraft:vine":3,"minecraft:rail":1,"minecraft:lantern":1,"minecraft:stripped_oak_log":2,"biomesoplenty:barley":67,"minecraft:stone":45,"caupona:fig_log":1,"minecraft:basalt":4,"biomesoplenty:black_sand":5,"thermal:apatite_ore":1,"minecraft:crafting_table":3,"gtceu:deepslate_grossular_ore":1,"minecraft:sponge":1,"biomesoplenty:fir_planks":3,"botania:pink_mushroom":1,"minecraft:campfire":1,"minecraft:tall_grass":10,"minecraft:spruce_stairs":1,"minecraft:gray_wool":1,"minecraft:red_terracotta":2,"forbidden_arcanus:xpetrified_ore":3,"thermal:deepslate_silver_ore":3,"minecraft:yellow_bed":1,"minecraft:sunflower":1,"minecraft:gravel":2,"mekanism:deepslate_fluorite_ore":3,"minecraft:cobweb":1,"minecraft:cracked_stone_bricks":2,"mekanism:deepslate_uranium_ore":5,"gtceu:deepslate_spessartine_ore":1,"minecraft:stone_bricks":3,"minecraft:fern":1}},"DataVersion":3465}