{"stats":{"minecraft:killed":{"minecraft:cave_spider":4,"minecraft:spider":6,"minecraft:skeleton":13,"eidolon:wraith":6,"minecraft:silverfish":2,"thermal:blitz":2,"artifacts:mimic":1,"minecraft:husk":14,"minecraft:pig":1,"minecraft:zombie_villager":3,"minecraft:iron_golem":1,"minecraft:wandering_trader":1,"irons_spellbooks:necromancer":1,"minecraft:creeper":1,"minecraft:trader_llama":2,"minecraft:zombie":22,"tombstone:spectral_wolf":1,"minecraft:villager":10},"minecraft:dropped":{"minecraft:oak_slab":5,"minecraft:wheat_seeds":17,"tombstone:tablet_of_home":1,"alltheores:raw_platinum_block":1,"pneumaticcraft:compressed_iron_leggings":1,"mekanismtools:osmium_helmet":1,"minecraft:coal":8,"paraglider:spirit_orb":8,"minecraft:item_frame":2,"everythingcopper:copper_sword":3,"integrateddynamics:menril_planks":8,"tombstone:grave_key":7,"croptopia:zucchini_seed":1,"forbidden_arcanus:spawner_scrap":2,"mekanismtools:osmium_sword":1,"tombstone:grave_dust":4,"minecraft:oak_stairs":1,"minecraft:amethyst_shard":6,"minecraft:bone":4,"minecraft:smooth_sandstone":10,"create:raw_zinc":2,"eidolon:wraith_heart":2,"mekanism:ingot_osmium":6,"enderio:broken_spawner":6,"minecraft:cobbled_deepslate":56,"minecraft:beetroot":2,"minecraft:rotten_flesh":2,"pneumaticcraft:compressed_iron_chestplate":1,"patchouli:guide_book":1,"minecraft:sandstone_wall":11,"supplementaries:ash":7,"croptopia:zucchini":1,"mysticalagriculture:inferium_essence":2,"minecraft:beetroot_seeds":3,"apotheosis:gem":5,"quark:forgotten_hat":1,"forbidden_arcanus:arcane_crystal":1,"minecraft:spruce_slab":1,"minecraft:wooden_pickaxe":2,"immersiveengineering:seed":3,"botania:black_lotus":1,"artifacts:fire_gauntlet":1},"minecraft:custom":{"lootr:looted_stat":42,"minecraft:mob_kills":94,"minecraft:interact_with_crafting_table":33,"minecraft:open_barrel":1,"minecraft:bell_ring":2,"minecraft:damage_dealt_resisted":0,"minecraft:eat_cake_slice":9,"minecraft:leave_game":13,"minecraft:time_since_death":19603,"minecraft:climb_one_cm":5967,"minecraft:damage_resisted":0,"minecraft:sprint_one_cm":648491,"minecraft:walk_one_cm":598261,"minecraft:damage_blocked_by_shield":7760,"minecraft:drop":70,"minecraft:talked_to_villager":12,"minecraft:play_time":376986,"minecraft:sneak_time":6555,"minecraft:deaths":16,"minecraft:walk_under_water_one_cm":41769,"minecraft:boat_one_cm":26708,"minecraft:jump":6291,"minecraft:interact_with_blast_furnace":1,"minecraft:total_world_time":376986,"minecraft:walk_on_water_one_cm":76343,"minecraft:interact_with_furnace":30,"minecraft:sleep_in_bed":8,"minecraft:waystone_activated":1,"minecraft:time_since_rest":19239,"minecraft:damage_taken":9681,"minecraft:damage_dealt":23512,"tombstone:cast_on_ally":0,"minecraft:swim_one_cm":198488,"minecraft:fly_one_cm":1233947,"minecraft:crouch_one_cm":13693,"minecraft:open_chest":60,"tombstone:undead_killed":60,"tombstone:villager_killed":11,"minecraft:fall_one_cm":157050,"minecraft:interact_with_smithing_table":1},"minecraft:picked_up":{"minecraft:charcoal":2,"minecraft:mud":3,"minecraft:crafting_table":3,"thermal:raw_silver":3,"mekanism:raw_uranium":5,"tombstone:tablet_of_home":1,"minecraft:lead":2,"minecraft:wooden_pickaxe":1,"minecraft:oak_stairs":1,"minecraft:brown_bed":2,"occultism:raw_silver":1,"minecraft:enchanted_book":2,"enderio:broken_spawner":12,"everythingcopper:copper_sword":3,"tombstone:grave_key":5,"sushigocrafting:soy_seeds":1,"forbidden_arcanus:xpetrified_orb":3,"minecraft:string":15,"minecraft:item_frame":2,"artifacts:fire_gauntlet":1,"biomesoplenty:black_sand":6,"minecraft:beetroot":4,"minecraft:cracked_stone_bricks":2,"irons_spellbooks:arcane_essence":3,"mysticalagriculture:inferium_essence":29,"minecraft:tnt_minecart":1,"minecraft:cobbled_deepslate":69,"biomesoplenty:fir_planks":33,"twigs:pebble":2,"minecraft:spruce_planks":7,"minecraft:calcite":1,"minecraft:poppy":1,"minecraft:spruce_slab":1,"minecraft:melon_slice":13,"minecraft:stripped_mangrove_wood":1,"forbidden_arcanus:bat_wing":1,"minecraft:stick":5,"apotheosis:gem":5,"mysticalagriculture:prosperity_shard":1,"minecraft:spruce_stairs":1,"minecraft:sandstone_wall":11,"minecraft:porkchop":1,"alltheores:raw_platinum_block":1,"tombstone:grave_dust":9,"minecraft:carrot":5,"thermal:flax_seeds":1,"minecraft:dark_oak_planks":4,"gtceu:stone_dust":1,"thermal:apatite":16,"eidolon:tattered_cloth":8,"minecraft:arrow":16,"silentgear:leather_scrap":1,"minecraft:rotten_flesh":46,"alltheores:raw_osmium_block":2,"minecraft:beetroot_seeds":3,"minecraft:hay_block":31,"create:asurine":1,"tombstone:essence_of_undeath":1,"reliquary:mob_charm_fragment":1,"ars_nouveau:sourceberry_bush":27,"alltheores:raw_osmium":44,"supplementaries:ash":30,"gtceu:raw_cassiterite":1,"forbidden_arcanus:spawner_scrap":5,"eidolon:wraith_heart":2,"minecraft:rail":1,"minecraft:cobblestone":85,"minecraft:stripped_oak_log":2,"minecraft:basalt":4,"integrateddynamics:menril_planks":8,"minecraft:glow_ink_sac":4,"gtceu:deepslate_dust":2,"minecraft:leather":3,"integrateddynamics:on_the_dynamics_of_integration":1,"croptopia:glowing_calamari":6,"mekanismtools:osmium_sword":1,"biomesoplenty:fir_log":68,"paraglider:spirit_orb":36,"minecraft:tuff":19,"create:raw_zinc":15,"minecraft:oak_log":41,"minecraft:yellow_bed":1,"minecraft:dirt":54,"gtceu:raw_almandine":3,"bhc:red_heart":1,"minecraft:smooth_sandstone":10,"minecraft:bone":12,"minecraft:stone_bricks":1,"minecraft:bow":1,"minecraft:wheat_seeds":17,"biomesoplenty:fir_boat":5,"minecraft:iron_ingot":3,"minecraft:fletching_table":1,"minecraft:oak_planks":15,"minecraft:smooth_basalt":4,"silentgear:fine_silk":1,"minecraft:book":21,"minecraft:oak_slab":5,"thermal:bell_pepper_seeds":2,"minecraft:dark_oak_slab":1,"patchouli:guide_book":2,"sushigocrafting:cucumber_seeds":2,"minecraft:gravel":2,"minecraft:sand":2,"minecraft:red_terracotta":2,"minecraft:spider_eye":1,"forbidden_arcanus:arcane_crystal":3,"gtceu:tiny_goethite_dust":16,"immersiveengineering:seed":12,"evilcraft:dark_gem":4,"minecraft:iron_helmet":1,"mekanism:fluorite_gem":2,"minecraft:crossbow":1,"minecraft:gray_wool":1,"minecraft:blue_banner":1,"deepresonance:resonating_crystal_natural":4,"twigs:rhyolite":1,"minecraft:melon_seeds":1,"alltheores:raw_silver_block":2},"minecraft:killed_by":{"minecraft:husk":3,"minecraft:creeper":2,"minecraft:enderman":1,"eidolon:wraith":1,"quark:forgotten":1,"thermal:blitz":1,"eidolon:zombie_brute":1,"creeperoverhaul:cave_creeper":1,"irons_spellbooks:necromancer":1,"minecraft:skeleton":3,"minecraft:zombie":1},"minecraft:broken":{"mekanismtools:osmium_shield":1,"aether:chainmail_gloves":1},"minecraft:used":{"minecraft:iron_shovel":12,"minecraft:shield":37,"minecraft:dirt":40,"alltheores:raw_osmium_block":2,"mekanismtools:osmium_sword":338,"minecraft:tuff":13,"minecraft:iron_axe":56,"minecraft:bow":1,"everythingcopper:copper_sword":74,"tombstone:gift":4,"minecraft:furnace":2,"ars_nouveau:sourceberry_bush":15,"minecraft:brown_bed":2,"mekanismtools:bronze_pickaxe":99,"tombstone:scroll_of_mercy":1,"minecraft:water_bucket":15,"minecraft:stone_pickaxe":26,"minecraft:oak_planks":111,"minecraft:wooden_pickaxe":6,"tombstone:tablet_of_guard":4,"biomesoplenty:fir_planks":3,"biomesoplenty:fir_boat":6,"mekanismtools:osmium_axe":25,"minecraft:crafting_table":6,"tombstone:tablet_of_home":4,"minecraft:cake":2,"minecraft:creeper_spawn_egg":3,"mekanismtools:osmium_pickaxe":172,"mekanismtools:osmium_shield":73,"minecraft:bread":74,"tombstone:magic_scroll":1,"tombstone:grave_key":1,"minecraft:stone_axe":67,"tombstone:familiar_stone":3,"minecraft:cobblestone":25,"minecraft:porkchop":1,"minecraft:bucket":14,"quark:oak_chest":2},"minecraft:crafted":{"minecraft:oak_planks":57,"mekanismtools:osmium_shield":2,"mekanism:ingot_osmium":44,"mekanismtools:osmium_chestplate":1,"minecraft:furnace":2,"mekanismtools:bronze_chestplate":1,"mekanismtools:osmium_axe":1,"minecraft:stone_pickaxe":2,"mekanismtools:osmium_boots":1,"mekanismtools:osmium_helmet":1,"minecraft:wheat":19,"mekanismtools:osmium_pickaxe":1,"mekanismtools:osmium_sword":1,"biomesoplenty:fir_boat":3,"minecraft:crafting_table":4,"minecraft:wooden_pickaxe":2,"mekanismtools:osmium_leggings":1,"minecraft:stone_axe":1,"minecraft:bread":57,"minecraft:air":764,"biomesoplenty:fir_planks":74,"mekanismtools:bronze_boots":1,"minecraft:shield":2,"minecraft:stick":12,"quark:oak_chest":2,"mekanismtools:bronze_leggings":1,"create:zinc_ingot":16,"mekanismtools:bronze_pickaxe":1},"minecraft:mined":{"thermal:deepslate_apatite_ore":1,"minecraft:dark_oak_planks":4,"create:zinc_ore":13,"mysticalagriculture:prosperity_ore":1,"biomesoplenty:mossy_black_sand":1,"create:deepslate_zinc_ore":2,"minecraft:tuff":19,"minecraft:spruce_planks":8,"minecraft:prismarine_wall":1,"minecraft:grass_block":33,"occultism:silver_ore_deepslate":3,"gtceu:deepslate_almandine_ore":3,"biomesoplenty:dried_salt":1,"minecraft:mangrove_trapdoor":1,"ars_nouveau:sourceberry_bush":15,"quark:jasper":1,"minecraft:spawner":5,"gtceu:cassiterite_ore":1,"minecraft:hay_block":31,"forbidden_arcanus:deepslate_arcane_crystal_ore":3,"minecraft:carrots":1,"minecraft:cobbled_deepslate":1,"deepresonance:resonating_crystal_natural":4,"create:asurine":1,"minecraft:brown_bed":2,"biomesoplenty:webbing":1,"minecraft:vine":3,"minecraft:rail":1,"minecraft:stripped_oak_log":2,"biomesoplenty:barley":67,"minecraft:stripped_mangrove_wood":1,"minecraft:stone":45,"caupona:fig_log":1,"minecraft:blue_banner":1,"minecraft:basalt":4,"biomesoplenty:black_sand":5,"thermal:apatite_ore":1,"alltheores:raw_osmium_block":2,"minecraft:crafting_table":3,"minecraft:torch":1,"gtceu:deepslate_grossular_ore":1,"minecraft:sponge":1,"biomesoplenty:fir_planks":3,"minecraft:calcite":1,"minecraft:melon":3,"botania:pink_mushroom":1,"minecraft:campfire":1,"minecraft:tall_grass":10,"minecraft:cobblestone":26,"minecraft:oak_planks":5,"minecraft:spruce_stairs":1,"minecraft:gray_wool":1,"minecraft:red_terracotta":2,"minecraft:dark_oak_slab":1,"evilcraft:dark_ore_deepslate":1,"forbidden_arcanus:xpetrified_ore":3,"alltheores:deepslate_osmium_ore":44,"supplementaries:double_cake":1,"thermal:deepslate_silver_ore":3,"biomesoplenty:fir_log":68,"minecraft:yellow_bed":1,"minecraft:grass":47,"minecraft:oak_log":42,"minecraft:beetroots":14,"minecraft:smooth_basalt":4,"minecraft:cobweb":1,"minecraft:gravel":2,"minecraft:sunflower":1,"minecraft:dirt":11,"mekanism:deepslate_fluorite_ore":3,"alltheores:raw_platinum_block":1,"gtceu:deepslate_spessartine_ore":1,"mekanism:deepslate_uranium_ore":5,"minecraft:cracked_stone_bricks":2,"minecraft:stone_bricks":1,"minecraft:deepslate":62,"minecraft:fern":1}},"DataVersion":3465}