{"stats":{"minecraft:crafted":{"biomesoplenty:fir_planks":60,"minecraft:crafting_table":2,"minecraft:stick":9,"minecraft:wooden_pickaxe":2,"minecraft:stone_pickaxe":2,"minecraft:stone_axe":1,"minecraft:air":245},"minecraft:killed_by":{"eidolon:wraith":1,"creeperoverhaul:cave_creeper":1,"minecraft:zombie":1,"eidolon:zombie_brute":1},"minecraft:mined":{"gtceu:cassiterite_ore":1,"minecraft:tuff":4,"minecraft:spruce_planks":2,"biomesoplenty:fir_log":60,"minecraft:crafting_table":1,"minecraft:grass":5,"minecraft:grass_block":3,"biomesoplenty:fir_planks":3,"minecraft:rail":1,"minecraft:cobblestone":6,"minecraft:stone_bricks":1,"ars_nouveau:sourceberry_bush":15,"minecraft:stone":13,"minecraft:deepslate":2,"minecraft:fern":1},"minecraft:used":{"minecraft:stone_pickaxe":26,"minecraft:wooden_pickaxe":6,"biomesoplenty:fir_planks":3,"minecraft:stone_axe":67,"tombstone:familiar_stone":3,"minecraft:cobblestone":8,"minecraft:bow":1,"ars_nouveau:sourceberry_bush":15,"minecraft:crafting_table":2,"minecraft:porkchop":1},"minecraft:killed":{"minecraft:skeleton":1,"minecraft:pig":1,"minecraft:zombie":1},"minecraft:custom":{"minecraft:time_since_rest":1,"lootr:looted_stat":1,"minecraft:sprint_one_cm":98460,"minecraft:damage_taken":1389,"minecraft:walk_one_cm":99591,"minecraft:mob_kills":3,"minecraft:drop":6,"minecraft:damage_dealt":652,"minecraft:interact_with_crafting_table":6,"minecraft:swim_one_cm":8123,"minecraft:fly_one_cm":100119,"minecraft:crouch_one_cm":5484,"minecraft:play_time":69422,"tombstone:undead_killed":2,"minecraft:deaths":4,"minecraft:sneak_time":1528,"minecraft:walk_under_water_one_cm":562,"minecraft:jump":551,"minecraft:damage_dealt_resisted":0,"minecraft:leave_game":7,"minecraft:time_since_death":2165,"minecraft:walk_on_water_one_cm":5812,"minecraft:climb_one_cm":2063,"minecraft:total_world_time":69422,"minecraft:fall_one_cm":10022},"minecraft:dropped":{"tombstone:grave_key":2,"minecraft:rotten_flesh":2,"minecraft:wooden_pickaxe":2},"minecraft:picked_up":{"minecraft:stick":5,"minecraft:crafting_table":1,"integrateddynamics:on_the_dynamics_of_integration":1,"minecraft:wooden_pickaxe":1,"sushigocrafting:cucumber_seeds":1,"biomesoplenty:fir_log":60,"minecraft:porkchop":1,"minecraft:tuff":4,"tombstone:grave_key":1,"tombstone:grave_dust":1,"sushigocrafting:soy_seeds":1,"thermal:flax_seeds":1,"minecraft:dirt":3,"gtceu:stone_dust":1,"minecraft:arrow":1,"bhc:red_heart":1,"minecraft:stone_bricks":1,"minecraft:rotten_flesh":3,"minecraft:tnt_minecart":1,"minecraft:bow":1,"minecraft:spruce_planks":1,"minecraft:cobbled_deepslate":2,"biomesoplenty:fir_planks":33,"ars_nouveau:sourceberry_bush":27,"gtceu:raw_cassiterite":1,"minecraft:rail":1,"minecraft:cobblestone":21}},"DataVersion":3465}