{"stats":{"minecraft:dropped":{"everythingcopper:copper_sword":3,"tombstone:grave_key":7,"mekanism:ingot_osmium":6,"minecraft:rotten_flesh":2,"apotheosis:gem":1,"minecraft:wooden_pickaxe":2},"minecraft:mined":{"thermal:deepslate_apatite_ore":1,"mysticalagriculture:prosperity_ore":1,"create:deepslate_zinc_ore":1,"minecraft:tuff":4,"minecraft:spruce_planks":2,"minecraft:grass_block":12,"occultism:silver_ore_deepslate":2,"gtceu:deepslate_almandine_ore":3,"ars_nouveau:sourceberry_bush":15,"minecraft:spawner":1,"gtceu:cassiterite_ore":1,"minecraft:hay_block":31,"forbidden_arcanus:deepslate_arcane_crystal_ore":2,"deepresonance:resonating_crystal_natural":3,"minecraft:brown_bed":1,"minecraft:vine":1,"minecraft:rail":1,"minecraft:stripped_oak_log":2,"minecraft:stone":13,"minecraft:crafting_table":3,"thermal:apatite_ore":1,"alltheores:raw_osmium_block":2,"minecraft:torch":1,"biomesoplenty:fir_planks":3,"botania:pink_mushroom":1,"minecraft:campfire":1,"minecraft:cobblestone":26,"forbidden_arcanus:xpetrified_ore":1,"alltheores:deepslate_osmium_ore":44,"biomesoplenty:fir_log":68,"minecraft:grass":8,"minecraft:oak_log":42,"mekanism:deepslate_fluorite_ore":2,"minecraft:stone_bricks":1,"minecraft:deepslate":13,"minecraft:fern":1},"minecraft:picked_up":{"minecraft:charcoal":2,"minecraft:crafting_table":3,"minecraft:lead":2,"minecraft:wooden_pickaxe":1,"minecraft:brown_bed":1,"everythingcopper:copper_sword":3,"enderio:broken_spawner":2,"tombstone:grave_key":5,"sushigocrafting:soy_seeds":1,"forbidden_arcanus:xpetrified_orb":1,"minecraft:string":1,"mysticalagriculture:inferium_essence":5,"minecraft:tnt_minecart":1,"biomesoplenty:fir_planks":33,"minecraft:cobbled_deepslate":12,"minecraft:spruce_planks":1,"minecraft:poppy":1,"minecraft:stick":5,"apotheosis:gem":1,"mysticalagriculture:prosperity_shard":1,"minecraft:porkchop":1,"tombstone:grave_dust":1,"thermal:flax_seeds":1,"gtceu:stone_dust":1,"thermal:apatite":16,"eidolon:tattered_cloth":3,"minecraft:rotten_flesh":9,"minecraft:arrow":3,"silentgear:leather_scrap":1,"alltheores:raw_osmium_block":2,"minecraft:hay_block":31,"alltheores:raw_osmium":44,"ars_nouveau:sourceberry_bush":27,"gtceu:raw_cassiterite":1,"minecraft:cobblestone":40,"minecraft:rail":1,"minecraft:stripped_oak_log":2,"minecraft:glow_ink_sac":4,"gtceu:deepslate_dust":2,"integrateddynamics:on_the_dynamics_of_integration":1,"minecraft:leather":3,"croptopia:glowing_calamari":5,"biomesoplenty:fir_log":68,"paraglider:spirit_orb":4,"minecraft:tuff":4,"create:raw_zinc":1,"minecraft:oak_log":41,"minecraft:dirt":10,"gtceu:raw_almandine":3,"bhc:red_heart":1,"minecraft:bone":3,"minecraft:stone_bricks":1,"minecraft:bow":1,"biomesoplenty:fir_boat":5,"minecraft:iron_ingot":3,"sushigocrafting:cucumber_seeds":1,"forbidden_arcanus:arcane_crystal":2,"immersiveengineering:seed":2,"minecraft:crossbow":1,"deepresonance:resonating_crystal_natural":3},"minecraft:custom":{"lootr:looted_stat":12,"minecraft:mob_kills":20,"minecraft:interact_with_crafting_table":30,"minecraft:bell_ring":2,"minecraft:damage_dealt_resisted":0,"minecraft:leave_game":11,"minecraft:time_since_death":74547,"minecraft:climb_one_cm":3726,"minecraft:damage_resisted":0,"minecraft:sprint_one_cm":271633,"minecraft:walk_one_cm":261625,"minecraft:damage_blocked_by_shield":2325,"minecraft:drop":21,"minecraft:talked_to_villager":9,"minecraft:play_time":208904,"minecraft:deaths":8,"minecraft:sneak_time":4636,"minecraft:walk_under_water_one_cm":14421,"minecraft:jump":2376,"minecraft:walk_on_water_one_cm":38328,"minecraft:total_world_time":208904,"minecraft:interact_with_furnace":21,"minecraft:sleep_in_bed":5,"minecraft:time_since_rest":9251,"minecraft:damage_taken":3388,"minecraft:damage_dealt":5984,"minecraft:swim_one_cm":97938,"minecraft:fly_one_cm":474597,"minecraft:open_chest":32,"minecraft:crouch_one_cm":7878,"tombstone:undead_killed":12,"tombstone:villager_killed":1,"minecraft:fall_one_cm":57876},"minecraft:killed_by":{"minecraft:enderman":1,"eidolon:wraith":1,"quark:forgotten":1,"eidolon:zombie_brute":1,"creeperoverhaul:cave_creeper":1,"minecraft:skeleton":2,"minecraft:zombie":1},"minecraft:killed":{"minecraft:cave_spider":1,"minecraft:skeleton":4,"minecraft:pig":1,"minecraft:zombie_villager":1,"minecraft:iron_golem":1,"minecraft:wandering_trader":1,"minecraft:trader_llama":2,"minecraft:zombie":7},"minecraft:used":{"minecraft:iron_shovel":8,"minecraft:shield":36,"alltheores:raw_osmium_block":2,"mekanismtools:osmium_sword":16,"minecraft:iron_axe":56,"minecraft:bow":1,"everythingcopper:copper_sword":74,"minecraft:furnace":2,"ars_nouveau:sourceberry_bush":15,"mekanismtools:bronze_pickaxe":99,"tombstone:gift":1,"minecraft:brown_bed":1,"minecraft:water_bucket":6,"minecraft:stone_pickaxe":26,"minecraft:oak_planks":4,"minecraft:wooden_pickaxe":6,"biomesoplenty:fir_planks":3,"biomesoplenty:fir_boat":6,"minecraft:crafting_table":6,"mekanismtools:osmium_shield":2,"minecraft:bread":18,"minecraft:stone_axe":67,"tombstone:familiar_stone":3,"minecraft:cobblestone":8,"minecraft:porkchop":1,"minecraft:bucket":6,"quark:oak_chest":2},"minecraft:crafted":{"minecraft:oak_planks":41,"mekanismtools:osmium_shield":1,"mekanism:ingot_osmium":44,"mekanismtools:osmium_chestplate":1,"minecraft:furnace":2,"mekanismtools:bronze_chestplate":1,"mekanismtools:osmium_axe":1,"minecraft:stone_pickaxe":2,"mekanismtools:osmium_boots":1,"mekanismtools:osmium_helmet":1,"mekanismtools:osmium_pickaxe":1,"minecraft:wheat":19,"mekanismtools:osmium_sword":1,"biomesoplenty:fir_boat":3,"minecraft:crafting_table":4,"minecraft:wooden_pickaxe":2,"mekanismtools:osmium_leggings":1,"minecraft:stone_axe":1,"minecraft:bread":57,"minecraft:air":699,"biomesoplenty:fir_planks":74,"mekanismtools:bronze_boots":1,"minecraft:shield":2,"minecraft:stick":12,"quark:oak_chest":2,"mekanismtools:bronze_leggings":1,"mekanismtools:bronze_pickaxe":1}},"DataVersion":3465}