{"stats":{"minecraft:crafted":{"mekanismtools:osmium_sword":1,"minecraft:oak_planks":41,"biomesoplenty:fir_boat":3,"mekanismtools:osmium_shield":1,"minecraft:crafting_table":4,"mekanism:ingot_osmium":44,"minecraft:wooden_pickaxe":2,"mekanismtools:osmium_chestplate":1,"minecraft:furnace":2,"mekanismtools:bronze_chestplate":1,"mekanismtools:osmium_leggings":1,"minecraft:stone_axe":1,"minecraft:bread":57,"minecraft:air":697,"biomesoplenty:fir_planks":74,"mekanismtools:osmium_axe":1,"mekanismtools:bronze_boots":1,"minecraft:shield":2,"minecraft:stick":12,"minecraft:stone_pickaxe":2,"mekanismtools:osmium_boots":1,"mekanismtools:bronze_leggings":1,"mekanismtools:osmium_helmet":1,"mekanismtools:bronze_pickaxe":1,"mekanismtools:osmium_pickaxe":1,"minecraft:wheat":19},"minecraft:killed_by":{"creeperoverhaul:cave_creeper":1,"minecraft:skeleton":2,"minecraft:zombie":1,"minecraft:enderman":1,"eidolon:wraith":1,"quark:forgotten":1,"eidolon:zombie_brute":1},"minecraft:mined":{"thermal:deepslate_apatite_ore":1,"mysticalagriculture:prosperity_ore":1,"create:deepslate_zinc_ore":1,"minecraft:tuff":4,"minecraft:spruce_planks":2,"thermal:apatite_ore":1,"alltheores:raw_osmium_block":2,"minecraft:crafting_table":3,"minecraft:grass_block":6,"biomesoplenty:fir_planks":3,"gtceu:deepslate_almandine_ore":3,"botania:pink_mushroom":1,"minecraft:campfire":1,"occultism:silver_ore_deepslate":2,"minecraft:cobblestone":26,"ars_nouveau:sourceberry_bush":15,"minecraft:spawner":1,"gtceu:cassiterite_ore":1,"minecraft:hay_block":31,"forbidden_arcanus:deepslate_arcane_crystal_ore":2,"forbidden_arcanus:xpetrified_ore":1,"alltheores:deepslate_osmium_ore":44,"deepresonance:resonating_crystal_natural":3,"biomesoplenty:fir_log":68,"minecraft:brown_bed":1,"minecraft:grass":7,"minecraft:oak_log":42,"minecraft:vine":1,"minecraft:rail":1,"mekanism:deepslate_fluorite_ore":2,"minecraft:stripped_oak_log":2,"minecraft:stone":13,"minecraft:stone_bricks":1,"minecraft:deepslate":13,"minecraft:fern":1},"minecraft:used":{"minecraft:water_bucket":6,"minecraft:iron_shovel":2,"minecraft:stone_pickaxe":26,"minecraft:oak_planks":4,"minecraft:wooden_pickaxe":6,"minecraft:shield":36,"biomesoplenty:fir_boat":6,"biomesoplenty:fir_planks":3,"alltheores:raw_osmium_block":2,"minecraft:crafting_table":6,"minecraft:iron_axe":56,"minecraft:bread":15,"minecraft:bow":1,"tombstone:familiar_stone":3,"minecraft:cobblestone":8,"minecraft:stone_axe":67,"everythingcopper:copper_sword":74,"ars_nouveau:sourceberry_bush":15,"minecraft:furnace":2,"minecraft:porkchop":1,"mekanismtools:bronze_pickaxe":99,"minecraft:bucket":6,"tombstone:gift":1,"minecraft:brown_bed":1},"minecraft:killed":{"minecraft:cave_spider":1,"minecraft:pig":1,"minecraft:zombie_villager":1,"minecraft:iron_golem":1,"minecraft:skeleton":4,"minecraft:zombie":7},"minecraft:custom":{"minecraft:interact_with_furnace":14,"lootr:looted_stat":12,"minecraft:mob_kills":17,"minecraft:interact_with_crafting_table":27,"minecraft:bell_ring":2,"minecraft:damage_dealt_resisted":0,"minecraft:leave_game":9,"minecraft:time_since_death":48242,"minecraft:sleep_in_bed":3,"minecraft:climb_one_cm":2992,"minecraft:damage_resisted":0,"minecraft:time_since_rest":10283,"minecraft:sprint_one_cm":250439,"minecraft:damage_taken":3373,"minecraft:walk_one_cm":231824,"minecraft:damage_blocked_by_shield":2295,"minecraft:drop":14,"minecraft:damage_dealt":4821,"minecraft:swim_one_cm":97938,"minecraft:talked_to_villager":4,"minecraft:fly_one_cm":447449,"minecraft:open_chest":21,"minecraft:crouch_one_cm":7776,"minecraft:play_time":182599,"minecraft:sneak_time":4619,"tombstone:undead_killed":12,"minecraft:deaths":8,"minecraft:walk_under_water_one_cm":14421,"minecraft:jump":2129,"minecraft:total_world_time":182599,"minecraft:walk_on_water_one_cm":38328,"minecraft:fall_one_cm":56622},"minecraft:dropped":{"minecraft:rotten_flesh":2,"everythingcopper:copper_sword":3,"tombstone:grave_key":7,"minecraft:wooden_pickaxe":2},"minecraft:picked_up":{"minecraft:stripped_oak_log":2,"minecraft:charcoal":2,"minecraft:crafting_table":3,"minecraft:glow_ink_sac":4,"gtceu:deepslate_dust":2,"integrateddynamics:on_the_dynamics_of_integration":1,"minecraft:wooden_pickaxe":1,"croptopia:glowing_calamari":5,"minecraft:brown_bed":1,"biomesoplenty:fir_log":68,"paraglider:spirit_orb":4,"everythingcopper:copper_sword":3,"minecraft:tuff":4,"create:raw_zinc":1,"minecraft:oak_log":41,"enderio:broken_spawner":2,"tombstone:grave_key":5,"sushigocrafting:soy_seeds":1,"forbidden_arcanus:xpetrified_orb":1,"minecraft:string":1,"minecraft:dirt":4,"gtceu:raw_almandine":3,"bhc:red_heart":1,"minecraft:bone":3,"minecraft:stone_bricks":1,"minecraft:bow":1,"minecraft:tnt_minecart":1,"mysticalagriculture:inferium_essence":3,"biomesoplenty:fir_boat":5,"minecraft:cobbled_deepslate":12,"biomesoplenty:fir_planks":33,"minecraft:spruce_planks":1,"minecraft:iron_ingot":3,"minecraft:poppy":1,"minecraft:stick":5,"mysticalagriculture:prosperity_shard":1,"sushigocrafting:cucumber_seeds":1,"minecraft:porkchop":1,"tombstone:grave_dust":1,"thermal:flax_seeds":1,"gtceu:stone_dust":1,"thermal:apatite":16,"eidolon:tattered_cloth":3,"forbidden_arcanus:arcane_crystal":2,"minecraft:arrow":3,"silentgear:leather_scrap":1,"minecraft:rotten_flesh":9,"immersiveengineering:seed":1,"alltheores:raw_osmium_block":2,"minecraft:hay_block":31,"minecraft:crossbow":1,"alltheores:raw_osmium":44,"deepresonance:resonating_crystal_natural":3,"ars_nouveau:sourceberry_bush":27,"gtceu:raw_cassiterite":1,"minecraft:rail":1,"minecraft:cobblestone":40}},"DataVersion":3465}