{"stats":{"minecraft:crafted":{"minecraft:oak_planks":17,"biomesoplenty:fir_boat":1,"minecraft:crafting_table":3,"minecraft:wooden_pickaxe":2,"mekanismtools:bronze_chestplate":1,"minecraft:stone_axe":1,"minecraft:bread":57,"minecraft:air":552,"biomesoplenty:fir_planks":69,"mekanismtools:bronze_boots":1,"minecraft:shield":1,"minecraft:stick":10,"minecraft:stone_pickaxe":2,"mekanismtools:bronze_leggings":1,"mekanismtools:bronze_pickaxe":1,"minecraft:wheat":19},"minecraft:killed_by":{"creeperoverhaul:cave_creeper":1,"minecraft:skeleton":1,"minecraft:zombie":1,"eidolon:wraith":1,"eidolon:zombie_brute":1},"minecraft:mined":{"thermal:deepslate_apatite_ore":1,"mysticalagriculture:prosperity_ore":1,"create:deepslate_zinc_ore":1,"minecraft:tuff":4,"minecraft:spruce_planks":2,"alltheores:raw_osmium_block":2,"thermal:apatite_ore":1,"minecraft:crafting_table":3,"minecraft:grass_block":4,"biomesoplenty:fir_planks":3,"botania:pink_mushroom":1,"occultism:silver_ore_deepslate":2,"minecraft:campfire":1,"gtceu:deepslate_almandine_ore":3,"minecraft:cobblestone":6,"ars_nouveau:sourceberry_bush":15,"gtceu:cassiterite_ore":1,"minecraft:hay_block":31,"forbidden_arcanus:deepslate_arcane_crystal_ore":2,"alltheores:deepslate_osmium_ore":44,"deepresonance:resonating_crystal_natural":2,"biomesoplenty:fir_log":63,"minecraft:brown_bed":1,"minecraft:grass":5,"minecraft:oak_log":16,"minecraft:rail":1,"mekanism:deepslate_fluorite_ore":2,"minecraft:stripped_oak_log":2,"minecraft:stone":13,"minecraft:stone_bricks":1,"minecraft:deepslate":13,"minecraft:fern":1},"minecraft:used":{"minecraft:water_bucket":4,"minecraft:stone_pickaxe":26,"minecraft:oak_planks":4,"minecraft:shield":16,"minecraft:wooden_pickaxe":6,"biomesoplenty:fir_planks":3,"biomesoplenty:fir_boat":1,"alltheores:raw_osmium_block":2,"minecraft:crafting_table":5,"minecraft:iron_axe":29,"minecraft:bread":12,"minecraft:stone_axe":67,"tombstone:familiar_stone":3,"minecraft:cobblestone":8,"minecraft:bow":1,"everythingcopper:copper_sword":66,"minecraft:porkchop":1,"ars_nouveau:sourceberry_bush":15,"mekanismtools:bronze_pickaxe":73,"minecraft:bucket":4,"minecraft:brown_bed":1},"minecraft:killed":{"minecraft:cave_spider":1,"minecraft:pig":1,"minecraft:zombie_villager":1,"minecraft:iron_golem":1,"minecraft:skeleton":4,"minecraft:zombie":7},"minecraft:custom":{"lootr:looted_stat":10,"minecraft:mob_kills":16,"minecraft:interact_with_crafting_table":14,"minecraft:damage_dealt_resisted":0,"minecraft:leave_game":7,"minecraft:time_since_death":5795,"minecraft:climb_one_cm":2992,"minecraft:damage_resisted":0,"minecraft:time_since_rest":3396,"minecraft:sprint_one_cm":174955,"minecraft:damage_taken":2549,"minecraft:walk_one_cm":185661,"minecraft:damage_blocked_by_shield":855,"minecraft:drop":8,"minecraft:damage_dealt":4349,"minecraft:swim_one_cm":89402,"minecraft:talked_to_villager":4,"minecraft:fly_one_cm":263248,"minecraft:open_chest":10,"minecraft:crouch_one_cm":7492,"minecraft:play_time":117422,"tombstone:undead_killed":12,"minecraft:deaths":5,"minecraft:walk_under_water_one_cm":8718,"minecraft:sneak_time":2409,"minecraft:jump":1311,"minecraft:walk_on_water_one_cm":21301,"minecraft:total_world_time":117422,"minecraft:fall_one_cm":33245},"minecraft:dropped":{"minecraft:rotten_flesh":2,"everythingcopper:copper_sword":1,"tombstone:grave_key":3,"minecraft:wooden_pickaxe":2},"minecraft:picked_up":{"minecraft:stripped_oak_log":2,"minecraft:charcoal":2,"minecraft:crafting_table":3,"minecraft:glow_ink_sac":4,"gtceu:deepslate_dust":2,"integrateddynamics:on_the_dynamics_of_integration":1,"croptopia:glowing_calamari":4,"minecraft:wooden_pickaxe":1,"minecraft:brown_bed":1,"biomesoplenty:fir_log":63,"create:raw_zinc":1,"minecraft:tuff":4,"everythingcopper:copper_sword":1,"minecraft:oak_log":15,"tombstone:grave_key":2,"sushigocrafting:soy_seeds":1,"minecraft:string":1,"minecraft:dirt":4,"gtceu:raw_almandine":3,"bhc:red_heart":1,"minecraft:bone":3,"minecraft:stone_bricks":1,"mysticalagriculture:inferium_essence":3,"minecraft:bow":1,"minecraft:tnt_minecart":1,"biomesoplenty:fir_boat":1,"minecraft:cobbled_deepslate":12,"biomesoplenty:fir_planks":33,"minecraft:spruce_planks":1,"minecraft:iron_ingot":3,"minecraft:poppy":1,"minecraft:stick":5,"mysticalagriculture:prosperity_shard":1,"sushigocrafting:cucumber_seeds":1,"minecraft:porkchop":1,"tombstone:grave_dust":1,"thermal:flax_seeds":1,"forbidden_arcanus:arcane_crystal":2,"eidolon:tattered_cloth":3,"gtceu:stone_dust":1,"thermal:apatite":16,"alltheores:raw_osmium_block":2,"silentgear:leather_scrap":1,"immersiveengineering:seed":1,"minecraft:arrow":3,"minecraft:rotten_flesh":8,"minecraft:hay_block":31,"minecraft:crossbow":1,"deepresonance:resonating_crystal_natural":2,"alltheores:raw_osmium":44,"ars_nouveau:sourceberry_bush":27,"gtceu:raw_cassiterite":1,"minecraft:rail":1,"minecraft:cobblestone":21}},"DataVersion":3465}