{"stats":{"minecraft:dropped":{"hexerei:crow_blank_amulet":1,"hexerei:witch_helmet":1,"travelersbackpack:iron_tier_upgrade":1,"minecraft:cod":1,"minecraft:flint":1,"minecraft:dirt":13,"immersiveengineering:raw_lead":4,"ftbquests:book":1,"minecraft:bone":28,"minecraft:honeycomb_block":1,"minecraft:gravel":7,"butchersdelight:cleaver":1,"minecraft:obsidian":6,"minecraft:rotten_flesh":2,"minecraft:oak_planks":1,"travelersbackpack:gold_tier_upgrade":1,"supplementaries:ash":1,"minecraft:gunpowder":10,"minecraft:stone_brick_wall":1,"minecraft:iron_bars":2,"immersiveengineering:seed":7,"hexerei:witch_chestplate":1,"minecraft:wheat_seeds":13,"minecraft:cobblestone":1,"minecraft:granite":3,"graveyard:bone_dagger":1,"minecraft:diorite":3,"minecraft:wooden_axe":1,"minecraft:oak_stairs":1,"minecraft:string":10,"minecraft:tripwire_hook":1,"minecraft:moss_carpet":7,"hexerei:sage_seed":5,"hexerei:witch_boots":1,"minecraft:andesite":15,"minecraft:yellow_bed":1,"minecraft:oak_sapling":3,"minecraft:stone_pressure_plate":1,"minecraft:stone_bricks":1,"minecraft:wooden_pickaxe":2,"regions_unexplored:silt_dirt":6},"minecraft:picked_up":{"minecraft:wooden_axe":1,"spore:mutated_heart":1,"hexerei:witch_hazel_trapdoor":2,"butchersdelightfoods:legcow":2,"minecraft:flower_pot":1,"minecraft:lead":1,"regions_unexplored:silt_dirt":15,"aether:iron_gloves":1,"minecraft:oak_stairs":2,"butchersdelightfoods:cooked_ham":1,"minecraft:wither_rose":7,"hexerei:herb_drying_rack_full":1,"minecraft:stone_brick_stairs":2,"minecraft:string":72,"minecraft:smooth_stone_slab":1,"minecraft:iron_leggings":1,"butchersdelight:cleaver":1,"immersiveengineering:raw_lead":4,"minecraft:smooth_stone":7,"minecraft:bucket":2,"minecraft:golden_helmet":1,"mushys_fallen_monsters:fallen_part":1,"minecraft:stick":71,"minecraft:brown_terracotta":3,"minecraft:torch":42,"minecraft:porkchop":3,"minecraft:honeycomb_block":1,"minecraft:diorite":14,"minecraft:green_terracotta":1,"minecraft:brown_carpet":1,"hexerei:witch_hazel_slab":3,"minecraft:quartz_block":59,"minecraft:stone_sword":1,"minecraft:rotten_flesh":198,"butchersdelightfoods:ham":3,"minecraft:red_tulip":2,"minecraft:iron_block":2,"supplementaries:ash":9,"minecraft:iron_bars":2,"minecraft:cod":5,"hexerei:waxing_kit":1,"minecraft:cobblestone":137,"minecraft:birch_log":10,"minecraft:magma_block":1,"butchersdelightfoods:beeftenderloin":2,"minecraft:feather":4,"hexerei:polished_witch_hazel_pillar":1,"minecraft:andesite":19,"minecraft:black_bed":1,"minecraft:flint":1,"minecraft:wither_skeleton_skull":1,"minecraft:dirt":548,"minecraft:bone":101,"minecraft:chipped_anvil":2,"minecraft:gray_terracotta":9,"minecraft:wheat_seeds":39,"minecraft:cobbled_deepslate_slab":2,"minecraft:moss_block":3,"minecraft:oak_planks":10,"spore:cerebrum":2,"butchersdelight:skullcow":3,"butchersdelightfoods:porkloin":3,"minecraft:sand":80,"minecraft:ink_sac":28,"minecraft:lily_of_the_valley":2,"butchersdelightfoods:beefribs":2,"minecraft:mossy_cobblestone":2,"hexerei:witch_hazel_altar":1,"cataclysm:lionfish":1,"minecraft:polished_andesite":4,"minecraft:granite":3,"minecraft:white_concrete":2,"minecraft:bread":53,"minecraft:oak_sapling":54,"minecraft:andesite_slab":1,"minecraft:fishing_rod":1,"minecraft:mud_brick_slab":1,"minecraft:crafting_table":5,"minecraft:chicken":2,"minecraft:wooden_pickaxe":1,"minecraft:stone_brick_wall":1,"quark:orange_shard":10,"minecraft:gold_block":2,"hexerei:polished_witch_hazel_layered":2,"minecraft:red_bed":3,"minecraft:stone_stairs":4,"minecraft:moss_carpet":31,"hexerei:infused_fabric_carpet_dyed_gray":1,"graveyard:corruption":2,"minecraft:beef":2,"minecraft:andesite_stairs":6,"minecraft:tinted_glass":4,"minecraft:birch_sapling":1,"minecraft:sugar_cane":28,"minecraft:chest":3,"butchersdelightfoods:porkribs":3,"minecraft:raw_iron":8,"minecraft:oak_door":1,"born_in_chaos_v1:pieceofdarkmetal":4,"hexerei:witch_hazel_fence":14,"minecraft:stone_pressure_plate":1,"minecraft:dark_oak_planks":1,"regions_unexplored:purple_coneflower":27,"hexerei:sage_seed":15,"minecraft:arrow":3,"minecraft:peony":1,"minecraft:hay_block":34,"hexerei:witch_hazel_sapling":2,"quark:lime_shard":2,"hexerei:blood_sigil":1,"minecraft:white_wool":5,"minecraft:cracked_deepslate_tiles":1,"born_in_chaos_v1:corpse_maggot":2,"born_in_chaos_v1:monster_flesh":1,"hexerei:stripped_witch_hazel_log":1,"minecraft:tripwire_hook":1,"minecraft:salmon":3,"minecraft:leather":5,"minecraft:birch_planks":1,"minecraft:brown_concrete":2,"minecraft:oak_log":226,"minecraft:yellow_bed":3,"hexerei:crow_blank_amulet":2,"minecraft:gunpowder":3,"minecraft:apple":9,"minecraft:stone_bricks":3,"minecraft:kelp":2,"minecraft:iron_ingot":6,"minecraft:cooked_chicken":7,"quark:magenta_shard":3,"minecraft:cobweb":44,"spore:mutated_fiber":6,"minecraft:glass_bottle":4,"minecraft:soul_sand":1,"minecraft:flowering_azalea":1,"minecraft:iron_sword":1,"hexerei:mixing_cauldron":1,"minecraft:book":66,"minecraft:polished_andesite_stairs":6,"minecraft:milk_bucket":1,"hexerei:witch_hazel_log":10,"minecraft:stone_brick_slab":6,"born_in_chaos_v1:ethereal_spirit":1,"minecraft:dandelion":1,"regions_unexplored:oak_shrub":2,"minecraft:gravel":7,"born_in_chaos_v1:dark_rod":2,"hexerei:witch_hazel_stairs":2,"minecraft:spruce_sapling":1,"minecraft:mud_brick_wall":4,"minecraft:blast_furnace":1,"minecraft:spruce_log":2,"graveyard:middle_bone_staff":1,"minecraft:spider_eye":1,"minecraft:slime_ball":2,"immersiveengineering:seed":20,"minecraft:iron_helmet":1,"minecraft:baked_potato":1,"minecraft:melon_seeds":2,"minecraft:coal":13},"minecraft:killed":{"spore:inf_hazmat":15,"born_in_chaos_v1:mr_pumpkin":5,"minecraft:witch":1,"minecraft:spider":4,"minecraft:skeleton":3,"minecraft:silverfish":13,"spore:inf_player":2,"minecraft:zombie_villager":1,"minecraft:creeper":1,"theplaguedoctor:plague_doctor":2,"spore:inf_villager":7,"minecraft:pillager":1,"spore:inf_human":5,"minecraft:zombie":86,"born_in_chaos_v1:dread_hound":1,"born_in_chaos_v1:corpse_fly":3,"born_in_chaos_v1:door_knight":1,"graveyard:corrupted_pillager":2,"mushys_fallen_monsters:fallen_angel":1,"born_in_chaos_v1:zombie_bruiser":2,"born_in_chaos_v1:maggot":3,"cataclysm:lionfish":1,"born_in_chaos_v1:fallen_chaos_knight":1,"born_in_chaos_v1:baby_skeleton":4,"born_in_chaos_v1:swarmer":1,"born_in_chaos_v1:decrepit_skeleton":1,"difficult_spawners:evil_spirit":3,"born_in_chaos_v1:dark_vortex":1,"spore:inf_witch":2,"boh:jeff_the_killer":1},"minecraft:custom":{"minecraft:interact_with_crafting_table":49,"minecraft:leave_game":4,"minecraft:time_since_death":14419,"minecraft:sprint_one_cm":1369081,"minecraft:drop":82,"minecraft:play_time":387753,"minecraft:deaths":28,"minecraft:interact_with_brewingstand":3,"minecraft:jump":6882,"minecraft:walk_on_water_one_cm":38472,"minecraft:interact_with_furnace":26,"minecraft:sleep_in_bed":1,"minecraft:damage_dealt":33265,"minecraft:player_kills":1,"minecraft:crouch_one_cm":35394,"minecraft:interact_with_smoker":1,"minecraft:use_cauldron":6,"minecraft:interact_with_smithing_table":7,"minecraft:mob_kills":184,"minecraft:damage_dealt_resisted":1594,"minecraft:climb_one_cm":38156,"minecraft:walk_one_cm":1165819,"minecraft:sneak_time":14884,"minecraft:walk_under_water_one_cm":27878,"minecraft:boat_one_cm":211,"minecraft:interact_with_blast_furnace":1,"minecraft:total_world_time":387753,"minecraft:time_since_rest":14450,"minecraft:damage_taken":18771,"minecraft:damage_absorbed":42,"minecraft:swim_one_cm":27607,"minecraft:fly_one_cm":1325572,"minecraft:open_chest":354,"minecraft:fish_caught":8,"minecraft:fall_one_cm":175731},"minecraft:killed_by":{"theplaguedoctor:plague_doctor":7,"graveyard:skeleton_creeper":2,"cataclysm:deepling":2,"cataclysm:deepling_brute":4,"minecraft:witch":1,"minecraft:zombie":3,"spore:inf_hazmat":2,"minecraft:player":2,"graveyard:ghoul":1,"minecraft:spider":2},"minecraft:broken":{"minecraft:golden_helmet":2,"minecraft:golden_boots":1,"graveyard:bone_dagger":1,"minecraft:iron_sword":2,"hexerei:witch_helmet":1,"minecraft:chainmail_leggings":1,"minecraft:iron_axe":1,"minecraft:iron_pickaxe":1},"minecraft:mined":{"minecraft:stone_pressure_plate":1,"spore:wall_growths":25,"minecraft:andesite_stairs":6,"minecraft:orange_stained_glass":4,"minecraft:granite":3,"minecraft:grass_block":261,"minecraft:stone_brick_wall":1,"spore:fungal_stem":16,"minecraft:white_concrete":3,"graveyard:skull_on_pike":4,"minecraft:lime_stained_glass":1,"hexerei:witch_hazel_fence":13,"minecraft:mud_brick_wall":4,"minecraft:spawner":1,"minecraft:magma_block":1,"minecraft:iron_ore":8,"minecraft:moss_carpet":21,"spore:growth_mycelium":10,"realmrpg_skeletons:rookie_skeleton":1,"hexerei:witch_hazel_sapling":1,"minecraft:oak_stairs":2,"minecraft:iron_bars":2,"immersiveengineering:ore_lead":1,"minecraft:iron_block":2,"hexerei:polished_witch_hazel_layered":1,"regions_unexplored:silt_grass_block":2,"hexerei:witch_hazel_altar":1,"minecraft:gray_terracotta":5,"minecraft:quartz_block":3,"graveyard:middle_bone_staff":1,"spore:growths_big":19,"minecraft:torch":18,"minecraft:blast_furnace":1,"minecraft:polished_andesite_stairs":6,"minecraft:chest":2,"minecraft:cobblestone":2,"minecraft:honeycomb_block":3,"graveyard:lying_skeleton":3,"minecraft:sugar_cane":13,"minecraft:oak_planks":9,"minecraft:wall_torch":24,"minecraft:seagrass":1,"minecraft:stone_stairs":4,"minecraft:lilac":2,"minecraft:black_bed":1,"graveyard:skull_pile":2,"minecraft:stone_brick_stairs":2,"minecraft:smooth_stone_slab":1,"minecraft:grass":27,"minecraft:cracked_deepslate_tiles":1,"minecraft:oak_log":15,"minecraft:sand":39,"minecraft:dirt":288,"hexerei:witch_hazel_slab":4,"spore:hanging_fungal_stem":2,"spore:remains":4,"graveyard:torso_pile":5,"spore:wall_growths_big":20,"minecraft:brown_concrete":2,"minecraft:mossy_cobblestone":2,"minecraft:cobbled_deepslate_slab":1,"hexerei:infused_fabric_carpet_dyed_gray":1,"minecraft:spruce_leaves":3,"minecraft:moss_block":7,"minecraft:kelp":3,"spore:growths_small":8,"minecraft:hay_block":13,"hexerei:stripped_witch_hazel_log":1,"spore:blomfung":11,"minecraft:andesite":19,"treechop:chopped_log":32,"minecraft:peony":1,"minecraft:gold_block":2,"minecraft:bookshelf":24,"minecraft:vine":3,"regions_unexplored:medium_grass":1,"hexerei:mixing_cauldron":1,"minecraft:stone":167,"minecraft:white_wool":7,"minecraft:podzol":1,"minecraft:mud_brick_slab":4,"minecraft:glass_pane":2,"minecraft:magenta_stained_glass":1,"minecraft:infested_stone_bricks":2,"hexerei:witch_hazel_leaves":7,"graveyard:laterally_lying_skeleton":3,"minecraft:stone_brick_slab":6,"minecraft:dandelion":1,"minecraft:crafting_table":5,"graveyard:tg_rooted_dirt":3,"regions_unexplored:silt_dirt":10,"minecraft:andesite_slab":1,"minecraft:tall_grass":5,"minecraft:diorite":15,"minecraft:birch_planks":1,"graveyard:skull_with_rib_cage":3,"spore:bloomfung2":17,"minecraft:yellow_bed":3,"hexerei:witch_hazel_stairs":2,"spore:fungal_stem_top":8,"minecraft:coal_ore":10,"minecraft:dripstone_block":1,"minecraft:gravel":7,"graveyard:leaning_skeleton":2,"hexerei:witch_hazel_trapdoor":2,"minecraft:cobweb":46,"minecraft:brown_terracotta":2,"hexerei:willow_vines_plant":1,"minecraft:stone_bricks":3,"minecraft:polished_andesite":4,"minecraft:small_dripleaf":1,"minecraft:chipped_anvil":2,"graveyard:bone_remains":1,"minecraft:fern":6},"minecraft:used":{"minecraft:peony":1,"minecraft:moss_block":2,"minecraft:moss_carpet":3,"hexerei:witch_hazel_sapling":1,"minecraft:chest":9,"butchersdelight:hook":2,"minecraft:iron_sword":841,"minecraft:rotten_flesh":2,"minecraft:soul_sand":1,"minecraft:cracked_deepslate_tiles":1,"hexerei:infused_fabric_carpet_dyed_gray":1,"minecraft:quartz_block":6,"minecraft:iron_helmet":1,"minecraft:stone_bricks":2,"minecraft:brown_carpet":1,"minecraft:bow":49,"minecraft:furnace":1,"minecraft:potato":10,"minecraft:diorite":11,"minecraft:oak_planks":93,"minecraft:wooden_pickaxe":3,"minecraft:golden_apple":2,"minecraft:sand":2,"minecraft:blast_furnace":1,"minecraft:black_bed":2,"immersiveengineering:hammer":4,"minecraft:bread":116,"butchersdelightfoods:cooked_ham":1,"hexerei:mixing_cauldron":1,"minecraft:andesite":1,"minecraft:cobweb":44,"minecraft:cooked_chicken":5,"minecraft:torch":128,"minecraft:dirt":253,"minecraft:stone_brick_slab":4,"minecraft:dark_oak_planks":1,"minecraft:flowering_azalea":1,"butchersdelight:cleaver":14,"minecraft:chipped_anvil":2,"minecraft:bookshelf":3,"minecraft:iron_axe":343,"minecraft:oak_stairs":1,"hexerei:witch_hazel_fence":4,"minecraft:cooked_beef":4,"hexerei:herb_drying_rack":10,"born_in_chaos_v1:mint_ice_cream":4,"minecraft:water_bucket":10,"minecraft:birch_planks":20,"minecraft:polished_andesite":4,"minecraft:baked_potato":1,"minecraft:cracked_stone_bricks":2,"graveyard:bone_dagger":123,"minecraft:mossy_cobblestone":2,"minecraft:crafting_table":7,"minecraft:red_bed":1,"minecraft:spruce_log":2,"minecraft:oak_log":2,"minecraft:mud":1,"minecraft:diamond_shovel":532,"minecraft:iron_pickaxe":326,"minecraft:fishing_rod":11,"minecraft:cobblestone":113,"minecraft:mud_brick_wall":4,"minecraft:bucket":16,"minecraft:yellow_bed":2,"minecraft:dandelion":1,"regions_unexplored:silt_dirt":9},"minecraft:crafted":{"minecraft:black_dye":44,"travelersbackpack:ocelot":2,"minecraft:oak_planks":672,"travelersbackpack:crafting_upgrade":1,"hexerei:witch_boots":2,"minecraft:bookshelf":10,"minecraft:glass":26,"graveyard:bone_dagger":2,"minecraft:bow":1,"minecraft:iron_boots":1,"butchersdelightfoods:cookedporkribs":1,"minecraft:chest":8,"minecraft:oak_slab":24,"travelersbackpack:iron_tier_upgrade":2,"minecraft:crafting_table":3,"minecraft:wooden_pickaxe":1,"travelersbackpack:standard":3,"minecraft:iron_helmet":1,"minecraft:birch_planks":20,"butchersdelight:cleaver":1,"minecraft:iron_chestplate":1,"minecraft:charcoal":21,"quark:oak_chest":1,"minecraft:stick":12,"minecraft:iron_ingot":18,"minecraft:iron_pickaxe":2,"minecraft:gold_ingot":18,"minecraft:iron_nugget":9,"minecraft:furnace":1,"travelersbackpack:gold_tier_upgrade":2,"travelersbackpack:blank_upgrade":4,"travelersbackpack:white_sleeping_bag":1,"minecraft:iron_axe":2,"minecraft:wheat":306,"hexerei:witch_chestplate":2,"butchersdelight:hook":1,"travelersbackpack:backpack_tank":4,"minecraft:iron_sword":1,"hexerei:herb_drying_rack":10,"minecraft:bread":103,"minecraft:air":0,"hexerei:witch_helmet":2,"minecraft:iron_shovel":1,"minecraft:iron_leggings":1,"minecraft:torch":72}},"DataVersion":3120}