{"stats":{"minecraft:crafted":{"minecraft:oak_planks":16,"minecraft:crafting_table":1,"minecraft:wooden_pickaxe":1,"graveyard:bone_dagger":2,"minecraft:stick":4,"minecraft:torch":20,"minecraft:wheat":9},"minecraft:killed":{"minecraft:spider":1,"born_in_chaos_v1:maggot":1,"minecraft:pillager":1,"minecraft:zombie":2,"cataclysm:lionfish":1},"minecraft:used":{"minecraft:baked_potato":1,"minecraft:wooden_pickaxe":2,"minecraft:rotten_flesh":2,"graveyard:bone_dagger":51,"minecraft:torch":4,"minecraft:crafting_table":3,"minecraft:black_bed":1,"minecraft:mud":1,"minecraft:bread":2,"minecraft:cobblestone":1,"minecraft:potato":4},"minecraft:mined":{"graveyard:torso_pile":5,"minecraft:magenta_stained_glass":1,"graveyard:middle_bone_staff":1,"graveyard:laterally_lying_skeleton":3,"minecraft:orange_stained_glass":4,"minecraft:crafting_table":3,"minecraft:torch":1,"graveyard:tg_rooted_dirt":1,"minecraft:grass_block":1,"graveyard:skull_on_pike":4,"minecraft:tall_grass":1,"minecraft:honeycomb_block":3,"minecraft:lime_stained_glass":1,"graveyard:lying_skeleton":3,"minecraft:kelp":3,"minecraft:hay_block":1,"minecraft:seagrass":1,"minecraft:birch_planks":1,"graveyard:skull_with_rib_cage":3,"treechop:chopped_log":1,"minecraft:black_bed":1,"graveyard:skull_pile":1,"minecraft:grass":2,"realmrpg_skeletons:rookie_skeleton":1,"minecraft:oak_log":1,"minecraft:dirt":7,"graveyard:leaning_skeleton":2,"minecraft:sand":2,"minecraft:stone_bricks":2,"graveyard:bone_remains":1},"minecraft:dropped":{"minecraft:wheat_seeds":3,"minecraft:cobblestone":1,"ftbquests:book":1,"minecraft:honeycomb_block":1},"minecraft:picked_up":{"born_in_chaos_v1:corpse_maggot":1,"minecraft:crafting_table":3,"minecraft:black_bed":1,"minecraft:birch_planks":1,"quark:orange_shard":10,"minecraft:oak_log":9,"minecraft:wither_skeleton_skull":1,"minecraft:dirt":8,"minecraft:string":1,"minecraft:bone":89,"minecraft:kelp":2,"minecraft:wheat_seeds":6,"quark:magenta_shard":3,"minecraft:stick":3,"minecraft:torch":2,"minecraft:sand":2,"minecraft:honeycomb_block":1,"graveyard:middle_bone_staff":1,"minecraft:spider_eye":1,"hexerei:sage_seed":1,"cataclysm:lionfish":1,"minecraft:rotten_flesh":4,"immersiveengineering:seed":6,"minecraft:hay_block":1,"quark:lime_shard":2,"minecraft:baked_potato":1,"minecraft:cobblestone":1},"minecraft:custom":{"minecraft:interact_with_furnace":2,"minecraft:mob_kills":8,"minecraft:interact_with_crafting_table":4,"minecraft:leave_game":1,"minecraft:time_since_death":5423,"minecraft:climb_one_cm":2773,"minecraft:time_since_rest":5445,"minecraft:sprint_one_cm":198776,"minecraft:damage_taken":4010,"minecraft:walk_one_cm":166093,"minecraft:drop":6,"minecraft:damage_dealt":1739,"minecraft:swim_one_cm":3079,"minecraft:fly_one_cm":322822,"minecraft:open_chest":13,"minecraft:play_time":43789,"minecraft:deaths":14,"minecraft:sneak_time":77,"minecraft:walk_under_water_one_cm":7604,"minecraft:boat_one_cm":211,"minecraft:jump":1272,"minecraft:walk_on_water_one_cm":4519,"minecraft:interact_with_smoker":1,"minecraft:total_world_time":43789,"minecraft:fall_one_cm":39023},"minecraft:killed_by":{"cataclysm:deepling":2,"minecraft:player":1,"cataclysm:deepling_brute":4,"graveyard:ghoul":1,"minecraft:spider":1,"minecraft:zombie":2,"graveyard:skeleton_creeper":2}},"DataVersion":3120}