{"stats":{"minecraft:killed":{"minecraft:spider":1,"born_in_chaos_v1:maggot":1,"cataclysm:lionfish":1,"spore:inf_villager":1,"difficult_spawners:evil_spirit":1,"minecraft:pillager":1,"minecraft:zombie":14},"minecraft:killed_by":{"theplaguedoctor:plague_doctor":1,"minecraft:player":1,"graveyard:ghoul":1,"minecraft:spider":1,"graveyard:skeleton_creeper":2,"cataclysm:deepling":2,"cataclysm:deepling_brute":4,"minecraft:zombie":2},"minecraft:custom":{"minecraft:mob_kills":23,"minecraft:interact_with_crafting_table":11,"minecraft:leave_game":3,"minecraft:time_since_death":4429,"minecraft:climb_one_cm":14137,"minecraft:sprint_one_cm":408340,"minecraft:walk_one_cm":332832,"minecraft:drop":28,"minecraft:play_time":105731,"minecraft:deaths":15,"minecraft:sneak_time":1216,"minecraft:walk_under_water_one_cm":10120,"minecraft:boat_one_cm":211,"minecraft:jump":2596,"minecraft:walk_on_water_one_cm":9540,"minecraft:total_world_time":105731,"minecraft:interact_with_furnace":2,"minecraft:time_since_rest":4472,"minecraft:damage_taken":5266,"minecraft:damage_dealt":3323,"minecraft:swim_one_cm":3317,"minecraft:fly_one_cm":589365,"minecraft:open_chest":42,"minecraft:crouch_one_cm":2661,"minecraft:interact_with_smoker":1,"minecraft:fall_one_cm":71943},"minecraft:crafted":{"minecraft:oak_planks":172,"graveyard:bone_dagger":2,"minecraft:iron_axe":2,"minecraft:chest":2,"minecraft:wheat":9,"minecraft:crafting_table":2,"minecraft:wooden_pickaxe":1,"minecraft:birch_planks":20,"minecraft:bread":3,"minecraft:stick":12,"minecraft:iron_ingot":18,"minecraft:iron_pickaxe":2,"minecraft:gold_ingot":18,"minecraft:torch":44},"minecraft:mined":{"graveyard:torso_pile":5,"minecraft:brown_concrete":2,"minecraft:mossy_cobblestone":2,"minecraft:andesite_stairs":3,"minecraft:orange_stained_glass":4,"minecraft:granite":3,"minecraft:cobbled_deepslate_slab":1,"minecraft:grass_block":1,"minecraft:stone_brick_wall":1,"graveyard:skull_on_pike":4,"minecraft:lime_stained_glass":1,"minecraft:spruce_leaves":3,"minecraft:moss_block":2,"minecraft:kelp":3,"minecraft:hay_block":1,"minecraft:iron_ore":8,"minecraft:andesite":19,"minecraft:moss_carpet":7,"treechop:chopped_log":9,"minecraft:gold_block":2,"realmrpg_skeletons:rookie_skeleton":1,"minecraft:vine":1,"minecraft:oak_stairs":1,"minecraft:iron_bars":2,"hexerei:mixing_cauldron":1,"immersiveengineering:ore_lead":1,"minecraft:stone":133,"minecraft:iron_block":2,"regions_unexplored:silt_grass_block":2,"hexerei:witch_hazel_altar":1,"minecraft:podzol":1,"minecraft:gray_terracotta":5,"graveyard:middle_bone_staff":1,"minecraft:magenta_stained_glass":1,"graveyard:laterally_lying_skeleton":3,"minecraft:crafting_table":5,"minecraft:torch":7,"graveyard:tg_rooted_dirt":1,"minecraft:blast_furnace":1,"minecraft:polished_andesite_stairs":6,"regions_unexplored:silt_dirt":10,"minecraft:andesite_slab":1,"minecraft:tall_grass":1,"minecraft:cobblestone":2,"minecraft:honeycomb_block":3,"graveyard:lying_skeleton":3,"minecraft:oak_planks":7,"minecraft:diorite":15,"minecraft:wall_torch":6,"minecraft:seagrass":1,"minecraft:stone_stairs":1,"minecraft:birch_planks":1,"graveyard:skull_with_rib_cage":3,"minecraft:black_bed":1,"graveyard:skull_pile":1,"minecraft:yellow_bed":1,"hexerei:witch_hazel_stairs":2,"minecraft:grass":3,"minecraft:oak_log":8,"minecraft:coal_ore":10,"minecraft:dripstone_block":1,"minecraft:sand":2,"minecraft:gravel":7,"graveyard:leaning_skeleton":2,"minecraft:dirt":20,"hexerei:witch_hazel_trapdoor":1,"minecraft:brown_terracotta":2,"minecraft:polished_andesite":4,"minecraft:stone_bricks":3,"minecraft:small_dripleaf":1,"minecraft:chipped_anvil":1,"graveyard:bone_remains":1,"minecraft:fern":3},"minecraft:dropped":{"minecraft:wheat_seeds":3,"minecraft:cobblestone":1,"minecraft:granite":3,"graveyard:bone_dagger":1,"minecraft:flint":1,"minecraft:dirt":9,"minecraft:diorite":3,"minecraft:oak_stairs":1,"immersiveengineering:raw_lead":4,"ftbquests:book":1,"minecraft:bone":25,"minecraft:honeycomb_block":1,"minecraft:gravel":7,"minecraft:rotten_flesh":2,"minecraft:oak_planks":1,"minecraft:gunpowder":10,"minecraft:andesite":15,"minecraft:stone_brick_wall":1,"minecraft:yellow_bed":1,"minecraft:stone_bricks":1,"minecraft:iron_bars":2,"minecraft:wooden_pickaxe":2,"regions_unexplored:silt_dirt":6,"immersiveengineering:seed":4},"minecraft:picked_up":{"minecraft:crafting_table":5,"hexerei:witch_hazel_trapdoor":1,"aether:iron_gloves":1,"regions_unexplored:silt_dirt":15,"minecraft:wooden_pickaxe":1,"minecraft:oak_stairs":1,"minecraft:wither_rose":7,"minecraft:stone_brick_wall":1,"quark:orange_shard":10,"minecraft:gold_block":2,"minecraft:string":1,"minecraft:stone_stairs":1,"minecraft:moss_carpet":9,"immersiveengineering:raw_lead":4,"minecraft:andesite_stairs":3,"minecraft:stick":21,"minecraft:raw_iron":8,"minecraft:brown_terracotta":3,"minecraft:torch":13,"minecraft:honeycomb_block":1,"minecraft:diorite":14,"minecraft:green_terracotta":1,"hexerei:sage_seed":1,"minecraft:rotten_flesh":18,"minecraft:hay_block":1,"minecraft:iron_block":2,"supplementaries:ash":3,"quark:lime_shard":2,"hexerei:blood_sigil":1,"minecraft:iron_bars":2,"hexerei:waxing_kit":1,"minecraft:cobblestone":102,"minecraft:birch_log":5,"born_in_chaos_v1:corpse_maggot":1,"minecraft:andesite":19,"minecraft:black_bed":1,"minecraft:birch_planks":1,"minecraft:flint":1,"minecraft:brown_concrete":2,"minecraft:oak_log":63,"minecraft:yellow_bed":1,"minecraft:wither_skeleton_skull":1,"minecraft:dirt":20,"minecraft:chipped_anvil":1,"minecraft:bone":89,"minecraft:apple":1,"minecraft:stone_bricks":3,"minecraft:kelp":2,"minecraft:gray_terracotta":9,"minecraft:wheat_seeds":16,"minecraft:cobbled_deepslate_slab":2,"quark:magenta_shard":3,"minecraft:moss_block":2,"minecraft:flowering_azalea":1,"minecraft:oak_planks":8,"minecraft:soul_sand":1,"hexerei:mixing_cauldron":1,"minecraft:polished_andesite_stairs":6,"minecraft:gravel":7,"minecraft:sand":2,"hexerei:witch_hazel_stairs":2,"minecraft:spruce_sapling":1,"minecraft:blast_furnace":1,"graveyard:middle_bone_staff":1,"minecraft:spider_eye":1,"minecraft:mossy_cobblestone":2,"hexerei:witch_hazel_altar":1,"cataclysm:lionfish":1,"minecraft:polished_andesite":4,"immersiveengineering:seed":10,"minecraft:granite":3,"minecraft:bread":30,"minecraft:baked_potato":1,"minecraft:oak_sapling":12,"minecraft:melon_seeds":2,"minecraft:coal":13,"minecraft:andesite_slab":1},"minecraft:used":{"regions_unexplored:silt_dirt":9,"minecraft:moss_block":1,"minecraft:moss_carpet":1,"minecraft:chest":2,"minecraft:rotten_flesh":2,"minecraft:torch":53,"minecraft:soul_sand":1,"minecraft:dirt":3,"minecraft:flowering_azalea":1,"minecraft:chipped_anvil":1,"minecraft:iron_axe":62,"minecraft:stone_bricks":2,"minecraft:potato":10,"minecraft:diorite":11,"minecraft:birch_planks":20,"minecraft:polished_andesite":4,"minecraft:baked_potato":1,"minecraft:oak_planks":43,"minecraft:wooden_pickaxe":3,"graveyard:bone_dagger":106,"minecraft:mossy_cobblestone":2,"minecraft:sand":2,"minecraft:crafting_table":7,"minecraft:black_bed":2,"minecraft:mud":1,"minecraft:bread":18,"minecraft:iron_pickaxe":254,"hexerei:mixing_cauldron":1,"minecraft:cobblestone":102,"minecraft:andesite":1},"minecraft:broken":{"minecraft:iron_pickaxe":1}},"DataVersion":3120}