{"stats":{"minecraft:dropped":{"travelersbackpack:iron_tier_upgrade":1,"minecraft:cod":1,"minecraft:flint":1,"minecraft:dirt":10,"immersiveengineering:raw_lead":4,"ftbquests:book":1,"minecraft:bone":25,"minecraft:honeycomb_block":1,"minecraft:gravel":7,"minecraft:rotten_flesh":2,"minecraft:oak_planks":1,"travelersbackpack:gold_tier_upgrade":1,"minecraft:gunpowder":10,"minecraft:stone_brick_wall":1,"minecraft:iron_bars":2,"immersiveengineering:seed":4,"minecraft:wheat_seeds":3,"minecraft:cobblestone":1,"minecraft:granite":3,"graveyard:bone_dagger":1,"minecraft:diorite":3,"minecraft:wooden_axe":1,"minecraft:oak_stairs":1,"minecraft:tripwire_hook":1,"minecraft:andesite":15,"minecraft:yellow_bed":1,"minecraft:oak_sapling":3,"minecraft:stone_bricks":1,"minecraft:wooden_pickaxe":2,"regions_unexplored:silt_dirt":6},"minecraft:killed":{"born_in_chaos_v1:mr_pumpkin":3,"minecraft:witch":1,"minecraft:spider":2,"minecraft:silverfish":13,"minecraft:zombie_villager":1,"minecraft:creeper":1,"theplaguedoctor:plague_doctor":2,"spore:inf_villager":1,"minecraft:pillager":1,"minecraft:zombie":71,"born_in_chaos_v1:dread_hound":1,"born_in_chaos_v1:corpse_fly":2,"born_in_chaos_v1:door_knight":1,"graveyard:corrupted_pillager":2,"mushys_fallen_monsters:fallen_angel":1,"born_in_chaos_v1:maggot":2,"cataclysm:lionfish":1,"born_in_chaos_v1:baby_skeleton":3,"difficult_spawners:evil_spirit":3,"born_in_chaos_v1:dark_vortex":1,"boh:jeff_the_killer":1},"minecraft:killed_by":{"theplaguedoctor:plague_doctor":4,"graveyard:skeleton_creeper":2,"cataclysm:deepling":2,"cataclysm:deepling_brute":4,"minecraft:witch":1,"minecraft:zombie":3,"minecraft:player":1,"graveyard:ghoul":1,"minecraft:spider":2},"minecraft:custom":{"minecraft:interact_with_crafting_table":39,"minecraft:leave_game":4,"minecraft:time_since_death":3093,"minecraft:sprint_one_cm":1013915,"minecraft:drop":36,"minecraft:play_time":281103,"minecraft:deaths":22,"minecraft:jump":5657,"minecraft:interact_with_brewingstand":3,"minecraft:walk_on_water_one_cm":31883,"minecraft:interact_with_furnace":18,"minecraft:sleep_in_bed":1,"minecraft:damage_dealt":21465,"minecraft:crouch_one_cm":21375,"minecraft:interact_with_smoker":1,"minecraft:interact_with_smithing_table":6,"minecraft:mob_kills":120,"minecraft:damage_dealt_resisted":1095,"minecraft:climb_one_cm":26432,"minecraft:walk_one_cm":813511,"minecraft:sneak_time":9532,"minecraft:walk_under_water_one_cm":21544,"minecraft:boat_one_cm":211,"minecraft:total_world_time":281103,"minecraft:time_since_rest":3405,"minecraft:damage_taken":12356,"minecraft:swim_one_cm":22654,"minecraft:fly_one_cm":1122144,"minecraft:open_chest":167,"minecraft:fish_caught":8,"minecraft:fall_one_cm":147724},"minecraft:mined":{"minecraft:andesite_stairs":3,"minecraft:orange_stained_glass":4,"minecraft:granite":3,"minecraft:grass_block":256,"minecraft:stone_brick_wall":1,"minecraft:white_concrete":3,"graveyard:skull_on_pike":4,"minecraft:lime_stained_glass":1,"hexerei:witch_hazel_fence":6,"minecraft:spawner":1,"minecraft:magma_block":1,"minecraft:iron_ore":8,"minecraft:moss_carpet":15,"realmrpg_skeletons:rookie_skeleton":1,"minecraft:iron_bars":2,"minecraft:oak_stairs":2,"immersiveengineering:ore_lead":1,"minecraft:iron_block":2,"regions_unexplored:silt_grass_block":2,"hexerei:witch_hazel_altar":1,"minecraft:gray_terracotta":5,"graveyard:middle_bone_staff":1,"minecraft:torch":15,"minecraft:blast_furnace":1,"minecraft:polished_andesite_stairs":6,"minecraft:chest":2,"minecraft:cobblestone":2,"minecraft:honeycomb_block":3,"graveyard:lying_skeleton":3,"minecraft:sugar_cane":13,"minecraft:oak_planks":9,"minecraft:wall_torch":18,"minecraft:seagrass":1,"minecraft:stone_stairs":1,"minecraft:lilac":2,"minecraft:black_bed":1,"graveyard:skull_pile":2,"minecraft:smooth_stone_slab":1,"minecraft:grass":23,"minecraft:cracked_deepslate_tiles":1,"minecraft:oak_log":14,"minecraft:sand":39,"minecraft:dirt":271,"graveyard:torso_pile":5,"minecraft:brown_concrete":2,"minecraft:mossy_cobblestone":2,"minecraft:cobbled_deepslate_slab":1,"minecraft:spruce_leaves":3,"minecraft:kelp":3,"minecraft:moss_block":3,"minecraft:hay_block":13,"minecraft:andesite":19,"treechop:chopped_log":22,"minecraft:peony":1,"minecraft:gold_block":2,"minecraft:vine":3,"regions_unexplored:medium_grass":1,"hexerei:mixing_cauldron":1,"minecraft:stone":167,"minecraft:podzol":1,"minecraft:mud_brick_slab":1,"minecraft:magenta_stained_glass":1,"minecraft:infested_stone_bricks":2,"graveyard:laterally_lying_skeleton":3,"minecraft:stone_brick_slab":6,"minecraft:dandelion":1,"minecraft:crafting_table":5,"graveyard:tg_rooted_dirt":3,"regions_unexplored:silt_dirt":10,"minecraft:andesite_slab":1,"minecraft:tall_grass":4,"minecraft:diorite":15,"minecraft:birch_planks":1,"graveyard:skull_with_rib_cage":3,"minecraft:yellow_bed":3,"hexerei:witch_hazel_stairs":2,"minecraft:coal_ore":10,"minecraft:dripstone_block":1,"minecraft:gravel":7,"graveyard:leaning_skeleton":2,"hexerei:witch_hazel_trapdoor":1,"minecraft:cobweb":2,"minecraft:brown_terracotta":2,"hexerei:willow_vines_plant":1,"minecraft:polished_andesite":4,"minecraft:stone_bricks":3,"minecraft:small_dripleaf":1,"minecraft:chipped_anvil":2,"graveyard:bone_remains":1,"minecraft:fern":4},"minecraft:broken":{"minecraft:golden_helmet":2,"minecraft:golden_boots":1,"graveyard:bone_dagger":1,"minecraft:iron_sword":1,"minecraft:chainmail_leggings":1,"minecraft:iron_axe":1,"minecraft:iron_pickaxe":1},"minecraft:crafted":{"travelersbackpack:ocelot":1,"minecraft:oak_planks":172,"minecraft:glass":26,"graveyard:bone_dagger":2,"minecraft:bow":1,"minecraft:iron_boots":1,"minecraft:chest":6,"travelersbackpack:iron_tier_upgrade":2,"minecraft:crafting_table":2,"minecraft:wooden_pickaxe":1,"travelersbackpack:standard":3,"minecraft:iron_helmet":1,"minecraft:birch_planks":20,"butchersdelight:cleaver":1,"minecraft:iron_chestplate":1,"quark:oak_chest":1,"minecraft:stick":12,"minecraft:iron_ingot":18,"minecraft:iron_pickaxe":2,"minecraft:gold_ingot":18,"minecraft:iron_nugget":9,"minecraft:furnace":1,"travelersbackpack:blank_upgrade":4,"travelersbackpack:gold_tier_upgrade":2,"travelersbackpack:white_sleeping_bag":1,"minecraft:iron_axe":2,"minecraft:wheat":306,"butchersdelight:hook":1,"travelersbackpack:backpack_tank":4,"minecraft:iron_sword":1,"minecraft:bread":103,"minecraft:air":0,"minecraft:iron_shovel":1,"minecraft:torch":72},"minecraft:picked_up":{"minecraft:wooden_axe":1,"hexerei:witch_hazel_trapdoor":1,"butchersdelightfoods:legcow":2,"regions_unexplored:silt_dirt":15,"aether:iron_gloves":1,"minecraft:oak_stairs":2,"minecraft:wither_rose":7,"hexerei:herb_drying_rack_full":1,"minecraft:string":5,"minecraft:smooth_stone_slab":1,"immersiveengineering:raw_lead":4,"minecraft:golden_helmet":1,"mushys_fallen_monsters:fallen_part":1,"minecraft:stick":47,"minecraft:brown_terracotta":3,"minecraft:torch":31,"minecraft:porkchop":3,"minecraft:honeycomb_block":1,"minecraft:diorite":14,"minecraft:green_terracotta":1,"minecraft:brown_carpet":1,"minecraft:stone_sword":1,"minecraft:rotten_flesh":76,"butchersdelightfoods:ham":3,"minecraft:iron_block":2,"supplementaries:ash":4,"minecraft:iron_bars":2,"minecraft:cod":5,"minecraft:cobblestone":137,"hexerei:waxing_kit":1,"minecraft:birch_log":5,"minecraft:magma_block":1,"butchersdelightfoods:beeftenderloin":2,"minecraft:feather":4,"minecraft:andesite":19,"minecraft:black_bed":1,"minecraft:flint":1,"minecraft:wither_skeleton_skull":1,"minecraft:dirt":512,"minecraft:bone":92,"minecraft:chipped_anvil":2,"minecraft:gray_terracotta":9,"minecraft:wheat_seeds":25,"minecraft:cobbled_deepslate_slab":2,"minecraft:moss_block":3,"minecraft:oak_planks":10,"butchersdelight:skullcow":2,"butchersdelightfoods:porkloin":3,"minecraft:sand":80,"minecraft:ink_sac":3,"minecraft:lily_of_the_valley":2,"butchersdelightfoods:beefribs":2,"minecraft:mossy_cobblestone":2,"hexerei:witch_hazel_altar":1,"cataclysm:lionfish":1,"minecraft:polished_andesite":4,"minecraft:granite":3,"minecraft:white_concrete":2,"minecraft:bread":39,"minecraft:oak_sapling":47,"minecraft:andesite_slab":1,"minecraft:fishing_rod":1,"minecraft:mud_brick_slab":1,"minecraft:crafting_table":5,"minecraft:chicken":2,"minecraft:wooden_pickaxe":1,"minecraft:stone_brick_wall":1,"quark:orange_shard":10,"minecraft:gold_block":2,"minecraft:stone_stairs":1,"minecraft:moss_carpet":22,"graveyard:corruption":2,"minecraft:beef":2,"minecraft:andesite_stairs":3,"minecraft:sugar_cane":28,"minecraft:chest":2,"butchersdelightfoods:porkribs":3,"minecraft:raw_iron":8,"hexerei:witch_hazel_fence":6,"regions_unexplored:purple_coneflower":27,"hexerei:sage_seed":9,"minecraft:peony":1,"minecraft:hay_block":34,"quark:lime_shard":2,"hexerei:blood_sigil":1,"minecraft:cracked_deepslate_tiles":1,"born_in_chaos_v1:corpse_maggot":1,"born_in_chaos_v1:monster_flesh":1,"minecraft:tripwire_hook":1,"minecraft:salmon":3,"minecraft:birch_planks":1,"minecraft:brown_concrete":2,"minecraft:oak_log":173,"minecraft:yellow_bed":3,"hexerei:crow_blank_amulet":1,"minecraft:gunpowder":3,"minecraft:apple":4,"minecraft:stone_bricks":3,"minecraft:kelp":2,"minecraft:iron_ingot":2,"quark:magenta_shard":3,"minecraft:cooked_chicken":1,"minecraft:glass_bottle":4,"minecraft:soul_sand":1,"minecraft:flowering_azalea":1,"minecraft:iron_sword":1,"hexerei:mixing_cauldron":1,"minecraft:polished_andesite_stairs":6,"minecraft:stone_brick_slab":6,"born_in_chaos_v1:ethereal_spirit":1,"minecraft:dandelion":1,"regions_unexplored:oak_shrub":2,"minecraft:gravel":7,"born_in_chaos_v1:dark_rod":2,"hexerei:witch_hazel_stairs":2,"minecraft:spruce_sapling":1,"minecraft:blast_furnace":1,"graveyard:middle_bone_staff":1,"minecraft:spider_eye":1,"immersiveengineering:seed":15,"minecraft:baked_potato":1,"minecraft:melon_seeds":2,"minecraft:coal":13},"minecraft:used":{"minecraft:peony":1,"minecraft:moss_block":2,"minecraft:moss_carpet":1,"minecraft:chest":7,"butchersdelight:hook":2,"minecraft:iron_sword":369,"minecraft:rotten_flesh":2,"minecraft:soul_sand":1,"minecraft:cracked_deepslate_tiles":1,"minecraft:iron_helmet":1,"minecraft:stone_bricks":2,"minecraft:bow":26,"minecraft:brown_carpet":1,"minecraft:furnace":1,"minecraft:potato":10,"minecraft:diorite":11,"minecraft:oak_planks":93,"minecraft:wooden_pickaxe":3,"minecraft:sand":2,"minecraft:blast_furnace":1,"minecraft:black_bed":2,"immersiveengineering:hammer":4,"minecraft:bread":83,"hexerei:mixing_cauldron":1,"minecraft:andesite":1,"minecraft:cooked_chicken":1,"minecraft:torch":102,"minecraft:dirt":142,"minecraft:stone_brick_slab":4,"butchersdelight:cleaver":14,"minecraft:flowering_azalea":1,"minecraft:chipped_anvil":2,"minecraft:iron_axe":216,"minecraft:oak_stairs":1,"hexerei:witch_hazel_fence":4,"born_in_chaos_v1:mint_ice_cream":4,"minecraft:birch_planks":20,"minecraft:polished_andesite":4,"minecraft:baked_potato":1,"minecraft:cracked_stone_bricks":2,"graveyard:bone_dagger":123,"minecraft:mossy_cobblestone":2,"minecraft:crafting_table":7,"minecraft:mud":1,"minecraft:diamond_shovel":532,"minecraft:iron_pickaxe":305,"minecraft:fishing_rod":11,"minecraft:cobblestone":113,"minecraft:yellow_bed":2,"minecraft:dandelion":1,"regions_unexplored:silt_dirt":9}},"DataVersion":3120}