{"stats":{"minecraft:killed":{"born_in_chaos_v1:mr_pumpkin":1,"minecraft:witch":1,"minecraft:spider":2,"born_in_chaos_v1:maggot":1,"minecraft:silverfish":13,"cataclysm:lionfish":1,"minecraft:zombie_villager":1,"theplaguedoctor:plague_doctor":2,"spore:inf_villager":1,"difficult_spawners:evil_spirit":3,"minecraft:pillager":1,"minecraft:zombie":55,"born_in_chaos_v1:corpse_fly":1,"born_in_chaos_v1:door_knight":1},"minecraft:dropped":{"minecraft:wheat_seeds":3,"minecraft:cobblestone":1,"minecraft:granite":3,"graveyard:bone_dagger":1,"minecraft:flint":1,"minecraft:dirt":10,"minecraft:diorite":3,"minecraft:wooden_axe":1,"minecraft:oak_stairs":1,"immersiveengineering:raw_lead":4,"ftbquests:book":1,"minecraft:bone":25,"minecraft:honeycomb_block":1,"minecraft:gravel":7,"minecraft:rotten_flesh":2,"minecraft:oak_planks":1,"minecraft:gunpowder":10,"minecraft:andesite":15,"minecraft:yellow_bed":1,"minecraft:stone_brick_wall":1,"minecraft:oak_sapling":3,"minecraft:stone_bricks":1,"minecraft:iron_bars":2,"minecraft:wooden_pickaxe":2,"regions_unexplored:silt_dirt":6,"immersiveengineering:seed":4},"minecraft:killed_by":{"theplaguedoctor:plague_doctor":4,"minecraft:player":1,"graveyard:ghoul":1,"minecraft:spider":1,"graveyard:skeleton_creeper":2,"cataclysm:deepling":2,"cataclysm:deepling_brute":4,"minecraft:witch":1,"minecraft:zombie":2},"minecraft:custom":{"minecraft:mob_kills":91,"minecraft:interact_with_crafting_table":29,"minecraft:damage_dealt_resisted":1085,"minecraft:leave_game":3,"minecraft:time_since_death":4469,"minecraft:climb_one_cm":23709,"minecraft:sprint_one_cm":888814,"minecraft:walk_one_cm":722647,"minecraft:drop":32,"minecraft:play_time":237133,"minecraft:deaths":20,"minecraft:sneak_time":7622,"minecraft:walk_under_water_one_cm":18575,"minecraft:boat_one_cm":211,"minecraft:interact_with_brewingstand":3,"minecraft:jump":5176,"minecraft:walk_on_water_one_cm":22124,"minecraft:total_world_time":237133,"minecraft:interact_with_furnace":10,"minecraft:time_since_rest":4504,"minecraft:damage_taken":11441,"minecraft:damage_dealt":15811,"minecraft:swim_one_cm":20254,"minecraft:fly_one_cm":1045163,"minecraft:crouch_one_cm":17556,"minecraft:open_chest":143,"minecraft:interact_with_smoker":1,"minecraft:fall_one_cm":138766},"minecraft:mined":{"graveyard:torso_pile":5,"minecraft:brown_concrete":2,"minecraft:mossy_cobblestone":2,"minecraft:andesite_stairs":3,"minecraft:orange_stained_glass":4,"minecraft:granite":3,"minecraft:cobbled_deepslate_slab":1,"minecraft:stone_brick_wall":1,"minecraft:grass_block":256,"minecraft:white_concrete":3,"graveyard:skull_on_pike":4,"hexerei:witch_hazel_fence":2,"minecraft:lime_stained_glass":1,"minecraft:spruce_leaves":3,"minecraft:moss_block":2,"minecraft:kelp":3,"minecraft:spawner":1,"minecraft:hay_block":13,"minecraft:magma_block":1,"minecraft:iron_ore":8,"minecraft:andesite":19,"minecraft:moss_carpet":14,"treechop:chopped_log":22,"minecraft:peony":1,"minecraft:gold_block":2,"realmrpg_skeletons:rookie_skeleton":1,"minecraft:vine":3,"minecraft:oak_stairs":2,"minecraft:iron_bars":2,"regions_unexplored:medium_grass":1,"hexerei:mixing_cauldron":1,"immersiveengineering:ore_lead":1,"minecraft:stone":167,"minecraft:iron_block":2,"regions_unexplored:silt_grass_block":2,"hexerei:witch_hazel_altar":1,"minecraft:podzol":1,"minecraft:mud_brick_slab":1,"minecraft:gray_terracotta":5,"minecraft:magenta_stained_glass":1,"graveyard:middle_bone_staff":1,"minecraft:infested_stone_bricks":2,"graveyard:laterally_lying_skeleton":3,"minecraft:stone_brick_slab":6,"minecraft:dandelion":1,"minecraft:crafting_table":5,"minecraft:torch":14,"graveyard:tg_rooted_dirt":3,"minecraft:blast_furnace":1,"regions_unexplored:silt_dirt":10,"minecraft:polished_andesite_stairs":6,"minecraft:chest":2,"minecraft:andesite_slab":1,"minecraft:tall_grass":3,"minecraft:honeycomb_block":3,"minecraft:cobblestone":2,"graveyard:lying_skeleton":3,"minecraft:oak_planks":8,"minecraft:sugar_cane":13,"minecraft:wall_torch":17,"minecraft:diorite":15,"minecraft:seagrass":1,"minecraft:stone_stairs":1,"minecraft:birch_planks":1,"graveyard:skull_with_rib_cage":3,"minecraft:lilac":1,"minecraft:black_bed":1,"graveyard:skull_pile":2,"minecraft:yellow_bed":3,"minecraft:smooth_stone_slab":1,"hexerei:witch_hazel_stairs":2,"minecraft:cracked_deepslate_tiles":1,"minecraft:grass":20,"minecraft:coal_ore":10,"minecraft:oak_log":14,"minecraft:gravel":7,"graveyard:leaning_skeleton":2,"minecraft:dirt":271,"minecraft:sand":14,"minecraft:dripstone_block":1,"hexerei:witch_hazel_trapdoor":1,"minecraft:cobweb":2,"minecraft:brown_terracotta":2,"hexerei:willow_vines_plant":1,"minecraft:stone_bricks":3,"minecraft:polished_andesite":4,"minecraft:small_dripleaf":1,"minecraft:chipped_anvil":2,"graveyard:bone_remains":1,"minecraft:fern":4},"minecraft:broken":{"minecraft:golden_helmet":2,"minecraft:golden_boots":1,"graveyard:bone_dagger":1,"minecraft:iron_axe":1,"minecraft:iron_pickaxe":1},"minecraft:crafted":{"minecraft:oak_planks":172,"minecraft:iron_nugget":9,"minecraft:furnace":1,"minecraft:glass":12,"graveyard:bone_dagger":2,"travelersbackpack:white_sleeping_bag":1,"minecraft:bow":1,"minecraft:iron_boots":1,"minecraft:iron_axe":2,"minecraft:chest":5,"minecraft:wheat":306,"butchersdelight:hook":1,"minecraft:crafting_table":2,"travelersbackpack:backpack_tank":2,"minecraft:iron_helmet":1,"minecraft:wooden_pickaxe":1,"travelersbackpack:standard":1,"minecraft:iron_sword":1,"butchersdelight:cleaver":1,"minecraft:birch_planks":20,"minecraft:air":0,"minecraft:bread":103,"minecraft:iron_chestplate":1,"quark:oak_chest":1,"minecraft:stick":12,"minecraft:iron_ingot":18,"minecraft:iron_pickaxe":2,"minecraft:iron_shovel":1,"minecraft:gold_ingot":18,"minecraft:torch":72},"minecraft:picked_up":{"minecraft:wooden_axe":1,"minecraft:mud_brick_slab":1,"minecraft:crafting_table":5,"hexerei:witch_hazel_trapdoor":1,"butchersdelightfoods:legcow":2,"minecraft:chicken":2,"minecraft:wither_rose":7,"aether:iron_gloves":1,"regions_unexplored:silt_dirt":15,"minecraft:wooden_pickaxe":1,"minecraft:oak_stairs":2,"minecraft:stone_brick_wall":1,"quark:orange_shard":10,"minecraft:gold_block":2,"hexerei:herb_drying_rack_full":1,"minecraft:string":5,"minecraft:stone_stairs":1,"minecraft:moss_carpet":22,"minecraft:smooth_stone_slab":1,"immersiveengineering:raw_lead":4,"minecraft:beef":2,"minecraft:andesite_stairs":3,"minecraft:sugar_cane":28,"minecraft:chest":2,"butchersdelightfoods:porkribs":3,"minecraft:golden_helmet":1,"minecraft:stick":45,"minecraft:raw_iron":8,"minecraft:brown_terracotta":3,"minecraft:torch":30,"minecraft:porkchop":3,"minecraft:honeycomb_block":1,"minecraft:diorite":14,"hexerei:witch_hazel_fence":2,"minecraft:green_terracotta":1,"minecraft:brown_carpet":1,"regions_unexplored:purple_coneflower":27,"hexerei:sage_seed":9,"minecraft:stone_sword":1,"minecraft:rotten_flesh":65,"minecraft:peony":1,"minecraft:hay_block":34,"butchersdelightfoods:ham":3,"minecraft:iron_block":2,"quark:lime_shard":2,"supplementaries:ash":4,"hexerei:blood_sigil":1,"minecraft:iron_bars":2,"hexerei:waxing_kit":1,"minecraft:cobblestone":137,"minecraft:cracked_deepslate_tiles":1,"minecraft:birch_log":5,"born_in_chaos_v1:corpse_maggot":1,"minecraft:magma_block":1,"butchersdelightfoods:beeftenderloin":2,"minecraft:feather":4,"minecraft:andesite":19,"minecraft:black_bed":1,"minecraft:birch_planks":1,"minecraft:flint":1,"minecraft:brown_concrete":2,"minecraft:oak_log":173,"minecraft:yellow_bed":3,"minecraft:wither_skeleton_skull":1,"minecraft:dirt":512,"minecraft:bone":89,"minecraft:chipped_anvil":2,"minecraft:apple":4,"minecraft:stone_bricks":3,"minecraft:kelp":2,"minecraft:gray_terracotta":9,"minecraft:wheat_seeds":25,"minecraft:cobbled_deepslate_slab":2,"minecraft:iron_ingot":2,"minecraft:cooked_chicken":1,"quark:magenta_shard":3,"minecraft:glass_bottle":4,"minecraft:moss_block":2,"minecraft:oak_planks":9,"minecraft:flowering_azalea":1,"minecraft:soul_sand":1,"hexerei:mixing_cauldron":1,"minecraft:polished_andesite_stairs":6,"minecraft:stone_brick_slab":6,"minecraft:dandelion":1,"regions_unexplored:oak_shrub":2,"butchersdelight:skullcow":2,"minecraft:gravel":7,"butchersdelightfoods:porkloin":3,"minecraft:sand":20,"hexerei:witch_hazel_stairs":2,"minecraft:spruce_sapling":1,"minecraft:blast_furnace":1,"graveyard:middle_bone_staff":1,"minecraft:lily_of_the_valley":2,"butchersdelightfoods:beefribs":2,"minecraft:spider_eye":1,"minecraft:mossy_cobblestone":2,"hexerei:witch_hazel_altar":1,"cataclysm:lionfish":1,"minecraft:polished_andesite":4,"immersiveengineering:seed":14,"minecraft:granite":3,"minecraft:white_concrete":2,"minecraft:bread":39,"minecraft:baked_potato":1,"minecraft:oak_sapling":47,"minecraft:melon_seeds":2,"minecraft:coal":13,"minecraft:andesite_slab":1},"minecraft:used":{"minecraft:peony":1,"minecraft:moss_block":1,"minecraft:moss_carpet":1,"minecraft:chest":7,"butchersdelight:hook":2,"minecraft:iron_sword":254,"minecraft:cooked_chicken":1,"minecraft:rotten_flesh":2,"minecraft:torch":98,"minecraft:soul_sand":1,"minecraft:dirt":136,"minecraft:cracked_deepslate_tiles":1,"minecraft:stone_brick_slab":4,"minecraft:flowering_azalea":1,"butchersdelight:cleaver":14,"minecraft:chipped_anvil":2,"minecraft:iron_axe":211,"minecraft:oak_stairs":1,"minecraft:iron_helmet":1,"minecraft:stone_bricks":2,"minecraft:brown_carpet":1,"minecraft:bow":13,"hexerei:witch_hazel_fence":2,"minecraft:furnace":1,"minecraft:potato":10,"born_in_chaos_v1:mint_ice_cream":4,"minecraft:diorite":11,"minecraft:birch_planks":20,"minecraft:polished_andesite":4,"minecraft:baked_potato":1,"minecraft:oak_planks":45,"minecraft:wooden_pickaxe":3,"minecraft:cracked_stone_bricks":2,"graveyard:bone_dagger":123,"minecraft:mossy_cobblestone":2,"minecraft:sand":2,"minecraft:blast_furnace":1,"minecraft:crafting_table":7,"minecraft:black_bed":2,"minecraft:mud":1,"immersiveengineering:hammer":4,"minecraft:diamond_shovel":507,"minecraft:bread":70,"hexerei:mixing_cauldron":1,"minecraft:iron_pickaxe":305,"minecraft:cobblestone":113,"minecraft:andesite":1,"minecraft:yellow_bed":2,"minecraft:dandelion":1,"regions_unexplored:silt_dirt":9}},"DataVersion":3120}