{"stats":{"minecraft:killed_by":{"theplaguedoctor:plague_doctor":2,"minecraft:player":1,"graveyard:ghoul":1,"minecraft:spider":1,"graveyard:skeleton_creeper":2,"cataclysm:deepling":2,"cataclysm:deepling_brute":4,"minecraft:zombie":2},"minecraft:custom":{"minecraft:mob_kills":75,"minecraft:interact_with_crafting_table":15,"minecraft:leave_game":3,"minecraft:time_since_death":34276,"minecraft:climb_one_cm":18048,"minecraft:sprint_one_cm":649388,"minecraft:walk_one_cm":514625,"minecraft:drop":31,"minecraft:play_time":165566,"minecraft:deaths":16,"minecraft:sneak_time":3080,"minecraft:walk_under_water_one_cm":11823,"minecraft:boat_one_cm":211,"minecraft:interact_with_brewingstand":3,"minecraft:jump":3904,"minecraft:walk_on_water_one_cm":14214,"minecraft:total_world_time":165566,"minecraft:interact_with_furnace":3,"minecraft:time_since_rest":34313,"minecraft:damage_taken":8047,"minecraft:damage_dealt":13176,"minecraft:swim_one_cm":9987,"minecraft:fly_one_cm":832318,"minecraft:open_chest":82,"minecraft:crouch_one_cm":7551,"minecraft:interact_with_smoker":1,"minecraft:fall_one_cm":101661},"minecraft:mined":{"graveyard:torso_pile":5,"minecraft:brown_concrete":2,"minecraft:mossy_cobblestone":2,"minecraft:andesite_stairs":3,"minecraft:orange_stained_glass":4,"minecraft:granite":3,"minecraft:cobbled_deepslate_slab":1,"minecraft:stone_brick_wall":1,"minecraft:grass_block":249,"graveyard:skull_on_pike":4,"hexerei:witch_hazel_fence":2,"minecraft:lime_stained_glass":1,"minecraft:spruce_leaves":3,"minecraft:moss_block":2,"minecraft:kelp":3,"minecraft:spawner":1,"minecraft:hay_block":13,"minecraft:iron_ore":8,"minecraft:andesite":19,"minecraft:moss_carpet":14,"treechop:chopped_log":22,"minecraft:peony":1,"minecraft:gold_block":2,"realmrpg_skeletons:rookie_skeleton":1,"minecraft:vine":2,"minecraft:oak_stairs":1,"minecraft:iron_bars":2,"regions_unexplored:medium_grass":1,"hexerei:mixing_cauldron":1,"immersiveengineering:ore_lead":1,"minecraft:stone":162,"minecraft:iron_block":2,"regions_unexplored:silt_grass_block":2,"hexerei:witch_hazel_altar":1,"minecraft:podzol":1,"minecraft:gray_terracotta":5,"graveyard:middle_bone_staff":1,"minecraft:magenta_stained_glass":1,"minecraft:infested_stone_bricks":1,"graveyard:laterally_lying_skeleton":3,"minecraft:stone_brick_slab":6,"minecraft:crafting_table":5,"minecraft:torch":9,"graveyard:tg_rooted_dirt":3,"minecraft:blast_furnace":1,"regions_unexplored:silt_dirt":10,"minecraft:polished_andesite_stairs":6,"minecraft:andesite_slab":1,"minecraft:tall_grass":2,"minecraft:cobblestone":2,"minecraft:honeycomb_block":3,"minecraft:sugar_cane":13,"graveyard:lying_skeleton":3,"minecraft:oak_planks":8,"minecraft:diorite":15,"minecraft:wall_torch":10,"minecraft:seagrass":1,"minecraft:stone_stairs":1,"minecraft:birch_planks":1,"graveyard:skull_with_rib_cage":3,"minecraft:cracked_deepslate_tiles":1,"minecraft:smooth_stone_slab":1,"minecraft:black_bed":1,"graveyard:skull_pile":2,"minecraft:yellow_bed":1,"hexerei:witch_hazel_stairs":2,"minecraft:grass":18,"minecraft:oak_log":14,"minecraft:coal_ore":10,"minecraft:gravel":7,"graveyard:leaning_skeleton":2,"minecraft:dirt":265,"minecraft:dripstone_block":1,"minecraft:sand":2,"hexerei:witch_hazel_trapdoor":1,"minecraft:cobweb":2,"minecraft:brown_terracotta":2,"hexerei:willow_vines_plant":1,"minecraft:polished_andesite":4,"minecraft:stone_bricks":3,"minecraft:small_dripleaf":1,"minecraft:chipped_anvil":2,"graveyard:bone_remains":1,"minecraft:fern":4},"minecraft:crafted":{"minecraft:oak_planks":172,"graveyard:bone_dagger":2,"minecraft:iron_axe":2,"minecraft:chest":2,"minecraft:wheat":126,"minecraft:crafting_table":2,"minecraft:wooden_pickaxe":1,"minecraft:iron_sword":1,"minecraft:birch_planks":20,"minecraft:bread":22,"minecraft:iron_chestplate":1,"minecraft:stick":12,"minecraft:iron_ingot":18,"minecraft:iron_pickaxe":2,"minecraft:iron_shovel":1,"minecraft:gold_ingot":18,"minecraft:torch":72},"minecraft:used":{"regions_unexplored:silt_dirt":9,"minecraft:peony":1,"minecraft:moss_block":1,"minecraft:moss_carpet":1,"minecraft:chest":2,"minecraft:iron_sword":180,"minecraft:rotten_flesh":2,"minecraft:torch":73,"minecraft:soul_sand":1,"minecraft:dirt":61,"minecraft:cracked_deepslate_tiles":1,"minecraft:stone_brick_slab":4,"minecraft:flowering_azalea":1,"minecraft:chipped_anvil":1,"minecraft:iron_axe":211,"minecraft:stone_bricks":2,"hexerei:witch_hazel_fence":2,"minecraft:potato":10,"minecraft:diorite":11,"minecraft:birch_planks":20,"minecraft:polished_andesite":4,"minecraft:baked_potato":1,"minecraft:oak_planks":45,"minecraft:wooden_pickaxe":3,"minecraft:cracked_stone_bricks":2,"graveyard:bone_dagger":123,"minecraft:mossy_cobblestone":2,"minecraft:sand":2,"minecraft:crafting_table":7,"minecraft:blast_furnace":1,"minecraft:black_bed":2,"minecraft:mud":1,"minecraft:diamond_shovel":492,"minecraft:bread":50,"minecraft:iron_pickaxe":294,"hexerei:mixing_cauldron":1,"minecraft:cobblestone":109,"minecraft:andesite":1},"minecraft:killed":{"minecraft:witch":1,"minecraft:spider":2,"born_in_chaos_v1:maggot":1,"minecraft:silverfish":13,"cataclysm:lionfish":1,"minecraft:zombie_villager":1,"theplaguedoctor:plague_doctor":2,"spore:inf_villager":1,"difficult_spawners:evil_spirit":3,"minecraft:pillager":1,"minecraft:zombie":44},"minecraft:broken":{"minecraft:golden_helmet":1,"minecraft:golden_boots":1,"graveyard:bone_dagger":1,"minecraft:iron_axe":1,"minecraft:iron_pickaxe":1},"minecraft:dropped":{"minecraft:wheat_seeds":3,"minecraft:cobblestone":1,"minecraft:granite":3,"graveyard:bone_dagger":1,"minecraft:flint":1,"minecraft:dirt":10,"minecraft:diorite":3,"minecraft:wooden_axe":1,"minecraft:oak_stairs":1,"immersiveengineering:raw_lead":4,"ftbquests:book":1,"minecraft:bone":25,"minecraft:honeycomb_block":1,"minecraft:gravel":7,"minecraft:rotten_flesh":2,"minecraft:oak_planks":1,"minecraft:gunpowder":10,"minecraft:andesite":15,"minecraft:stone_brick_wall":1,"minecraft:yellow_bed":1,"minecraft:oak_sapling":2,"minecraft:stone_bricks":1,"minecraft:iron_bars":2,"minecraft:wooden_pickaxe":2,"regions_unexplored:silt_dirt":6,"immersiveengineering:seed":4},"minecraft:picked_up":{"minecraft:crafting_table":5,"hexerei:witch_hazel_trapdoor":1,"aether:iron_gloves":1,"regions_unexplored:silt_dirt":15,"minecraft:wooden_pickaxe":1,"minecraft:wither_rose":7,"minecraft:oak_stairs":1,"minecraft:stone_brick_wall":1,"quark:orange_shard":10,"minecraft:gold_block":2,"hexerei:herb_drying_rack_full":1,"minecraft:string":5,"minecraft:stone_stairs":1,"minecraft:moss_carpet":15,"minecraft:smooth_stone_slab":1,"immersiveengineering:raw_lead":4,"minecraft:andesite_stairs":3,"minecraft:sugar_cane":28,"minecraft:golden_helmet":1,"minecraft:stick":45,"minecraft:raw_iron":8,"minecraft:brown_terracotta":3,"minecraft:torch":18,"minecraft:honeycomb_block":1,"minecraft:diorite":14,"hexerei:witch_hazel_fence":2,"minecraft:green_terracotta":1,"hexerei:sage_seed":8,"minecraft:stone_sword":1,"minecraft:rotten_flesh":54,"minecraft:peony":1,"minecraft:hay_block":14,"minecraft:iron_block":2,"quark:lime_shard":2,"supplementaries:ash":4,"hexerei:blood_sigil":1,"minecraft:cracked_deepslate_tiles":1,"minecraft:iron_bars":2,"minecraft:cobblestone":132,"hexerei:waxing_kit":1,"minecraft:birch_log":5,"born_in_chaos_v1:corpse_maggot":1,"minecraft:andesite":19,"minecraft:black_bed":1,"minecraft:birch_planks":1,"minecraft:flint":1,"minecraft:brown_concrete":2,"minecraft:oak_log":173,"minecraft:yellow_bed":1,"minecraft:wither_skeleton_skull":1,"minecraft:dirt":499,"minecraft:bone":89,"minecraft:chipped_anvil":2,"minecraft:apple":4,"minecraft:stone_bricks":3,"minecraft:kelp":2,"minecraft:gray_terracotta":9,"minecraft:wheat_seeds":23,"minecraft:cooked_chicken":1,"minecraft:cobbled_deepslate_slab":2,"quark:magenta_shard":3,"minecraft:iron_ingot":1,"minecraft:glass_bottle":4,"minecraft:moss_block":2,"minecraft:flowering_azalea":1,"minecraft:oak_planks":9,"minecraft:soul_sand":1,"hexerei:mixing_cauldron":1,"minecraft:polished_andesite_stairs":6,"minecraft:stone_brick_slab":6,"minecraft:gravel":7,"minecraft:sand":2,"hexerei:witch_hazel_stairs":2,"minecraft:spruce_sapling":1,"minecraft:blast_furnace":1,"graveyard:middle_bone_staff":1,"minecraft:lily_of_the_valley":2,"minecraft:spider_eye":1,"minecraft:mossy_cobblestone":2,"hexerei:witch_hazel_altar":1,"cataclysm:lionfish":1,"minecraft:polished_andesite":4,"immersiveengineering:seed":14,"minecraft:granite":3,"minecraft:bread":39,"minecraft:baked_potato":1,"minecraft:oak_sapling":46,"minecraft:melon_seeds":2,"minecraft:coal":13,"minecraft:andesite_slab":1,"minecraft:wooden_axe":1}},"DataVersion":3120}