{"stats":{"minecraft:used":{"minecraft:peony":1,"minecraft:moss_block":2,"minecraft:moss_carpet":3,"hexerei:witch_hazel_sapling":1,"minecraft:chest":9,"butchersdelight:hook":2,"minecraft:iron_sword":945,"minecraft:rotten_flesh":2,"minecraft:iron_chestplate":1,"minecraft:soul_sand":1,"minecraft:carrot":1,"minecraft:cracked_deepslate_tiles":1,"hexerei:infused_fabric_carpet_dyed_gray":1,"minecraft:quartz_block":53,"minecraft:iron_helmet":1,"hexerei:witch_hazel_slab":1,"minecraft:stone_bricks":2,"minecraft:brown_carpet":1,"minecraft:bow":182,"minecraft:furnace":3,"minecraft:potato":12,"minecraft:diorite":11,"minecraft:oak_planks":93,"minecraft:wooden_pickaxe":3,"minecraft:golden_apple":4,"minecraft:sand":2,"minecraft:blast_furnace":1,"minecraft:dripstone_block":1,"minecraft:black_bed":2,"immersiveengineering:hammer":4,"minecraft:bread":116,"butchersdelightfoods:cooked_ham":1,"hexerei:mixing_cauldron":1,"minecraft:andesite":1,"minecraft:cobweb":44,"minecraft:experience_bottle":2,"minecraft:cooked_chicken":26,"regions_unexplored:maple_planks":8,"minecraft:torch":388,"minecraft:dirt":282,"minecraft:granite":4,"minecraft:iron_hoe":609,"minecraft:stone_brick_slab":4,"minecraft:dark_oak_planks":1,"minecraft:flowering_azalea":1,"butchersdelight:cleaver":14,"minecraft:chipped_anvil":2,"minecraft:bookshelf":3,"minecraft:iron_axe":468,"minecraft:oak_stairs":1,"minecraft:iron_boots":2,"born_in_chaos_v1:intoxicating_dagger":471,"hexerei:witch_hazel_fence":4,"minecraft:cobbled_deepslate":5,"minecraft:cooked_beef":34,"hexerei:herb_drying_rack":10,"minecraft:iron_leggings":1,"born_in_chaos_v1:mint_ice_cream":4,"minecraft:water_bucket":29,"minecraft:birch_planks":20,"minecraft:polished_andesite":4,"minecraft:baked_potato":24,"minecraft:mud_brick_slab":1,"minecraft:cracked_stone_bricks":2,"graveyard:bone_dagger":123,"minecraft:mossy_cobblestone":2,"minecraft:crafting_table":7,"minecraft:red_bed":1,"minecraft:spruce_log":2,"minecraft:oak_log":2,"minecraft:mud":1,"minecraft:diamond_pickaxe":32,"minecraft:diamond_shovel":532,"minecraft:iron_pickaxe":667,"minecraft:fishing_rod":11,"minecraft:cobblestone":113,"minecraft:mud_brick_wall":11,"travelersbackpack:standard":1,"minecraft:bucket":36,"quark:oak_chest":10,"minecraft:yellow_bed":2,"minecraft:dandelion":1,"regions_unexplored:silt_dirt":9},"minecraft:killed_by":{"theplaguedoctor:plague_doctor":9,"graveyard:skeleton_creeper":2,"siren_head:siren_head":1,"cataclysm:deepling":2,"cataclysm:deepling_brute":4,"minecraft:witch":1,"minecraft:zombie":3,"minecraft:vex":2,"spore:inf_hazmat":2,"minecraft:player":2,"graveyard:ghoul":1,"minecraft:spider":2,"thestairwell:scp_0871":1,"red_sea_object:scp_093_b":1},"minecraft:broken":{"minecraft:golden_helmet":2,"minecraft:golden_boots":1,"minecraft:iron_boots":2,"minecraft:iron_chestplate":1,"minecraft:iron_leggings":1,"graveyard:bone_dagger":1,"minecraft:iron_sword":2,"hexerei:witch_helmet":1,"minecraft:iron_hoe":2,"minecraft:chainmail_leggings":1,"hexerei:witch_boots":1,"minecraft:iron_axe":2,"minecraft:iron_pickaxe":2,"minecraft:iron_helmet":3},"minecraft:crafted":{"minecraft:black_dye":64,"travelersbackpack:ocelot":2,"minecraft:oak_planks":672,"travelersbackpack:crafting_upgrade":1,"regions_unexplored:maple_planks":8,"hexerei:witch_boots":3,"minecraft:bookshelf":10,"born_in_chaos_v1:dark_metal_ingot":2,"minecraft:glass":26,"graveyard:bone_dagger":2,"minecraft:bow":1,"minecraft:iron_boots":1,"butchersdelightfoods:cookedporkribs":1,"minecraft:chest":8,"born_in_chaos_v1:pileof_dark_metal":3,"minecraft:oak_slab":24,"travelersbackpack:iron_tier_upgrade":2,"minecraft:crafting_table":3,"minecraft:wooden_pickaxe":1,"minecraft:iron_helmet":2,"travelersbackpack:standard":4,"butchersdelight:cleaver":1,"minecraft:birch_planks":20,"minecraft:iron_chestplate":1,"minecraft:diamond_pickaxe":1,"minecraft:charcoal":140,"minecraft:stick":60,"quark:oak_chest":9,"minecraft:iron_ingot":126,"minecraft:iron_pickaxe":3,"minecraft:gold_ingot":18,"minecraft:shears":1,"minecraft:iron_nugget":9,"minecraft:furnace":3,"travelersbackpack:gold_tier_upgrade":2,"travelersbackpack:blank_upgrade":4,"born_in_chaos_v1:intoxicating_dagger":1,"travelersbackpack:white_sleeping_bag":1,"born_in_chaos_v1:bone_handle":2,"minecraft:iron_axe":2,"minecraft:iron_hoe":3,"minecraft:wheat":306,"hexerei:witch_chestplate":2,"butchersdelight:hook":1,"travelersbackpack:backpack_tank":4,"minecraft:iron_sword":1,"hexerei:herb_drying_rack":10,"minecraft:air":0,"minecraft:bread":103,"travelersbackpack:squid":1,"hexerei:witch_helmet":3,"minecraft:iron_shovel":1,"minecraft:iron_leggings":3,"minecraft:torch":408,"born_in_chaos_v1:staffof_magic_arrows":1},"minecraft:killed":{"spore:inf_hazmat":16,"born_in_chaos_v1:mr_pumpkin":7,"graveyard:skeleton_creeper":1,"minecraft:witch":5,"born_in_chaos_v1:zombie_lumberjack":1,"minecraft:spider":8,"born_in_chaos_v1:scarlet_persecutor":1,"minecraft:skeleton":8,"minecraft:silverfish":13,"born_in_chaos_v1:bonescaller":1,"spore:inf_player":3,"minecraft:zombie_villager":1,"minecraft:creeper":1,"theplaguedoctor:plague_doctor":5,"spore:inf_villager":8,"minecraft:pillager":1,"minecraft:zombie":166,"spore:inf_human":13,"born_in_chaos_v1:dread_hound":3,"born_in_chaos_v1:corpse_fly":3,"born_in_chaos_v1:door_knight":3,"graveyard:corrupted_pillager":2,"mushys_fallen_monsters:fallen_angel":2,"born_in_chaos_v1:zombie_bruiser":2,"born_in_chaos_v1:maggot":7,"cataclysm:lionfish":1,"born_in_chaos_v1:fallen_chaos_knight":2,"born_in_chaos_v1:baby_skeleton":7,"born_in_chaos_v1:swarmer":1,"minecraft:squid":3,"born_in_chaos_v1:decrepit_skeleton":3,"spore:inf_pillager":2,"difficult_spawners:evil_spirit":4,"born_in_chaos_v1:dark_vortex":2,"spore:inf_witch":2,"boh:jeff_the_killer":1},"minecraft:dropped":{"minecraft:iron_sword":2,"hexerei:crow_blank_amulet":1,"hexerei:witch_helmet":2,"travelersbackpack:iron_tier_upgrade":1,"minecraft:cod":1,"minecraft:flint":1,"minecraft:dirt":13,"minecraft:stone_button":1,"immersiveengineering:raw_lead":4,"immersiveengineering:blastbrick":9,"ftbquests:book":1,"minecraft:bone":28,"minecraft:honeycomb_block":1,"minecraft:gravel":8,"minecraft:lever":1,"minecraft:tinted_glass":2,"butchersdelight:cleaver":1,"minecraft:obsidian":6,"minecraft:rotten_flesh":7,"minecraft:oak_planks":1,"travelersbackpack:gold_tier_upgrade":1,"supplementaries:ash":1,"minecraft:deepslate_tiles":1,"hexerei:infused_fabric":3,"minecraft:gunpowder":12,"minecraft:stone_brick_wall":1,"spore:vent_door":2,"minecraft:iron_bars":2,"immersiveengineering:seed":7,"hexerei:witch_chestplate":2,"minecraft:iron_ingot":64,"minecraft:wheat_seeds":13,"minecraft:exposed_copper":2,"minecraft:cobblestone":1,"minecraft:granite":3,"minecraft:spruce_door":1,"graveyard:bone_dagger":1,"minecraft:diorite":3,"minecraft:repeater":1,"minecraft:wooden_axe":1,"minecraft:iron_leggings":1,"immersiveengineering:plate_steel":9,"minecraft:oak_stairs":1,"minecraft:smooth_stone":3,"minecraft:string":10,"minecraft:tripwire_hook":1,"minecraft:stone_brick_slab":2,"minecraft:moss_carpet":7,"hexerei:sage_seed":5,"minecraft:dark_oak_sign":2,"minecraft:iron_hoe":1,"minecraft:shield":1,"immersiveengineering:treated_wood_horizontal":10,"hexerei:witch_boots":2,"minecraft:andesite":15,"minecraft:yellow_bed":1,"born_in_chaos_v1:intoxicating_dagger":1,"minecraft:oak_sapling":3,"minecraft:stone_pressure_plate":1,"minecraft:stone_bricks":1,"minecraft:wooden_pickaxe":2,"regions_unexplored:silt_dirt":6},"minecraft:picked_up":{"minecraft:wooden_axe":1,"spore:mutated_heart":20,"hexerei:witch_hazel_trapdoor":2,"minecraft:exposed_copper":2,"butchersdelightfoods:legcow":2,"minecraft:flower_pot":1,"minecraft:lead":1,"aether:iron_gloves":1,"regions_unexplored:silt_dirt":15,"minecraft:oak_stairs":2,"butchersdelightfoods:cooked_ham":1,"minecraft:wither_rose":7,"hexerei:herb_drying_rack_full":1,"minecraft:stone_brick_stairs":2,"born_in_chaos_v1:black_argillite":12,"spore:innards":18,"minecraft:string":83,"minecraft:raw_copper":127,"minecraft:smooth_stone_slab":1,"minecraft:iron_leggings":1,"butchersdelight:cleaver":1,"immersiveengineering:raw_lead":7,"minecraft:deepslate_tiles":1,"minecraft:cobbled_deepslate":96,"minecraft:smooth_stone":10,"minecraft:bucket":2,"minecraft:golden_helmet":1,"hexerei:infused_fabric":1,"mushys_fallen_monsters:fallen_part":2,"minecraft:stick":106,"born_in_chaos_v1:shattered_skull":1,"minecraft:brown_terracotta":3,"minecraft:torch":69,"minecraft:porkchop":3,"minecraft:honeycomb_block":1,"minecraft:diorite":14,"minecraft:green_terracotta":1,"minecraft:brown_carpet":1,"hexerei:witch_hazel_slab":4,"minecraft:quartz_block":78,"minecraft:stone_sword":1,"minecraft:rotten_flesh":279,"hexerei:witch_chestplate":1,"butchersdelightfoods:ham":3,"minecraft:iron_block":14,"minecraft:red_tulip":2,"supplementaries:ash":15,"minecraft:iron_bars":2,"minecraft:cod":5,"hexerei:waxing_kit":1,"minecraft:cobblestone":156,"minecraft:birch_log":10,"born_in_chaos_v1:staffof_magic_arrows":1,"minecraft:magma_block":1,"butchersdelightfoods:beeftenderloin":2,"minecraft:feather":4,"minecraft:repeater":1,"hexerei:polished_witch_hazel_pillar":1,"minecraft:andesite":20,"minecraft:black_bed":1,"minecraft:potato":2,"minecraft:flint":1,"minecraft:wither_skeleton_skull":1,"minecraft:lapis_lazuli":72,"minecraft:gray_concrete":1,"minecraft:dirt":566,"born_in_chaos_v1:monster_skin":1,"minecraft:bone":117,"minecraft:chipped_anvil":2,"minecraft:gray_terracotta":9,"minecraft:wheat_seeds":43,"minecraft:raw_gold":22,"minecraft:cobbled_deepslate_slab":2,"minecraft:dark_oak_sign":2,"minecraft:glowstone_dust":2,"minecraft:moss_block":3,"minecraft:oak_planks":10,"spore:vent_door":2,"spore:cerebrum":25,"immersiveengineering:raw_uranium":8,"spore:armor_fragment":37,"butchersdelight:skullcow":3,"butchersdelightfoods:porkloin":3,"minecraft:sand":80,"minecraft:ink_sac":34,"minecraft:lily_of_the_valley":2,"butchersdelightfoods:beefribs":2,"minecraft:mossy_cobblestone":2,"hexerei:witch_hazel_altar":1,"minecraft:iron_hoe":1,"cataclysm:lionfish":1,"minecraft:polished_andesite":4,"minecraft:diamond":5,"minecraft:lever":1,"minecraft:granite":10,"minecraft:white_concrete":2,"minecraft:chainmail_helmet":1,"minecraft:bread":53,"immersiveengineering:raw_nickel":19,"minecraft:oak_sapling":101,"minecraft:andesite_slab":1,"minecraft:fishing_rod":2,"minecraft:mud_brick_slab":2,"minecraft:crafting_table":5,"minecraft:chicken":2,"born_in_chaos_v1:seedof_chaos":2,"minecraft:wooden_pickaxe":1,"minecraft:stone_brick_wall":1,"quark:orange_shard":10,"minecraft:gold_block":2,"hexerei:polished_witch_hazel_layered":2,"minecraft:shield":1,"minecraft:stone_stairs":4,"minecraft:red_bed":3,"minecraft:moss_carpet":33,"born_in_chaos_v1:intoxicating_decoction":1,"hexerei:infused_fabric_carpet_dyed_gray":1,"graveyard:corruption":2,"deep_dark_regrowth:sculk_soil":24,"minecraft:beef":2,"minecraft:andesite_stairs":6,"born_in_chaos_v1:gnawed_bones":1,"minecraft:iron_nugget":14,"butchersdelightfoods:porkribs":3,"minecraft:tinted_glass":6,"minecraft:sugar_cane":28,"minecraft:chest":3,"minecraft:birch_sapling":1,"cotw:witherstone":2,"minecraft:raw_iron":49,"minecraft:oak_door":1,"minecraft:stone_button":1,"minecraft:carrot":1,"born_in_chaos_v1:pieceofdarkmetal":14,"minecraft:redstone":98,"hexerei:witch_hazel_fence":14,"minecraft:stone_pressure_plate":1,"minecraft:dark_oak_planks":1,"regions_unexplored:purple_coneflower":27,"hexerei:sage_seed":22,"minecraft:arrow":7,"regions_unexplored:maple_sapling":2,"minecraft:peony":1,"minecraft:hay_block":34,"hexerei:witch_boots":1,"quark:lime_shard":2,"hexerei:witch_hazel_sapling":2,"hexerei:blood_sigil":1,"spore:alveolic_sack":16,"spore:tendons":13,"deep_dark_regrowth:sculk_bone":25,"minecraft:skeleton_skull":1,"minecraft:white_wool":5,"minecraft:cracked_deepslate_tiles":1,"born_in_chaos_v1:corpse_maggot":6,"minecraft:basalt":7,"spore:altered_spleen":8,"minecraft:glow_ink_sac":7,"born_in_chaos_v1:monster_flesh":3,"hexerei:stripped_witch_hazel_log":1,"minecraft:tripwire_hook":1,"minecraft:salmon":3,"minecraft:leather":5,"minecraft:birch_planks":1,"minecraft:brown_concrete":2,"minecraft:oak_log":347,"minecraft:yellow_bed":3,"hexerei:crow_blank_amulet":2,"minecraft:gunpowder":5,"hexerei:witch_helmet":1,"butchersdelight:deadchiken":1,"minecraft:apple":13,"born_in_chaos_v1:intoxicating_dagger":1,"minecraft:stone_bricks":3,"minecraft:kelp":2,"minecraft:iron_ingot":10,"minecraft:cooked_chicken":7,"quark:magenta_shard":3,"minecraft:cobweb":44,"spore:mutated_fiber":148,"minecraft:glass_bottle":4,"minecraft:iron_sword":2,"minecraft:flowering_azalea":1,"minecraft:soul_sand":1,"hexerei:mixing_cauldron":1,"minecraft:book":66,"minecraft:polished_andesite_stairs":6,"deep_dark_regrowth:plasma_chunk":56,"minecraft:milk_bucket":1,"born_in_chaos_v1:ethereal_spirit":4,"minecraft:stone_brick_slab":8,"hexerei:witch_hazel_log":10,"minecraft:dandelion":1,"minecraft:dripstone_block":1,"regions_unexplored:oak_shrub":2,"minecraft:gravel":8,"born_in_chaos_v1:dark_rod":3,"hexerei:witch_hazel_stairs":2,"minecraft:spruce_sapling":1,"minecraft:mud_brick_wall":11,"minecraft:blast_furnace":1,"quark:oak_chest":2,"minecraft:spruce_log":4,"graveyard:middle_bone_staff":1,"minecraft:spruce_door":1,"minecraft:spider_eye":2,"minecraft:slime_ball":2,"immersiveengineering:seed":25,"minecraft:iron_helmet":1,"regions_unexplored:maple_log":2,"minecraft:baked_potato":1,"minecraft:melon_seeds":2,"minecraft:coal":17,"immersiveengineering:raw_silver":28},"minecraft:mined":{"cotw:witherstoneore":2,"spore:fungal_roots":2,"minecraft:stone_pressure_plate":1,"spore:wall_growths":34,"minecraft:andesite_stairs":6,"minecraft:orange_stained_glass":4,"minecraft:granite":10,"minecraft:stone_brick_wall":1,"minecraft:grass_block":261,"spore:fungal_stem":19,"minecraft:white_concrete":3,"graveyard:skull_on_pike":4,"hexerei:witch_hazel_fence":13,"minecraft:lime_stained_glass":1,"minecraft:mud_brick_wall":11,"realmrpg_skeletons:dungeon_crawler_skeleton":1,"minecraft:spawner":2,"immersiveengineering:deepslate_ore_uranium":8,"minecraft:magma_block":1,"minecraft:iron_ore":14,"immersiveengineering:deepslate_ore_silver":15,"minecraft:moss_carpet":21,"minecraft:deepslate_lapis_ore":14,"spore:growth_mycelium":16,"immersiveengineering:deepslate_ore_nickel":19,"realmrpg_skeletons:rookie_skeleton":1,"hexerei:witch_hazel_sapling":1,"minecraft:oak_stairs":2,"minecraft:iron_bars":2,"immersiveengineering:ore_lead":1,"minecraft:iron_block":13,"hexerei:polished_witch_hazel_layered":1,"regions_unexplored:silt_grass_block":2,"hexerei:witch_hazel_altar":1,"minecraft:deepslate_redstone_ore":16,"minecraft:gray_terracotta":5,"deep_dark_regrowth:sculk_biter":1,"minecraft:quartz_block":13,"minecraft:red_bed":1,"minecraft:exposed_copper":2,"deep_dark_regrowth:sculk_ribs":29,"graveyard:middle_bone_staff":1,"spore:growths_big":22,"minecraft:torch":33,"minecraft:blast_furnace":1,"minecraft:polished_andesite_stairs":6,"minecraft:chest":2,"minecraft:honeycomb_block":3,"minecraft:cobblestone":2,"deep_dark_regrowth:overloaded_sculk":151,"graveyard:lying_skeleton":3,"minecraft:oak_planks":9,"minecraft:sugar_cane":13,"minecraft:wall_torch":36,"minecraft:deepslate_copper_ore":9,"minecraft:seagrass":1,"minecraft:stone_stairs":4,"minecraft:lilac":2,"immersiveengineering:deepslate_ore_lead":3,"minecraft:black_bed":1,"graveyard:skull_pile":2,"minecraft:smooth_stone_slab":1,"minecraft:stone_brick_stairs":2,"minecraft:grass":43,"minecraft:cracked_deepslate_tiles":1,"minecraft:oak_log":15,"minecraft:sand":39,"minecraft:dirt":288,"hexerei:witch_hazel_slab":4,"spore:hanging_fungal_stem":5,"minecraft:deepslate":86,"spore:remains":4,"graveyard:torso_pile":5,"deep_dark_regrowth:plasma_block":60,"spore:wall_growths_big":32,"minecraft:brown_concrete":2,"deep_dark_regrowth:sculk_soil":26,"minecraft:mossy_cobblestone":2,"minecraft:deepslate_diamond_ore":5,"minecraft:cobbled_deepslate_slab":1,"born_in_chaos_v1:black_argillite":12,"minecraft:redstone_wire":3,"immersiveengineering:ore_silver":13,"hexerei:infused_fabric_carpet_dyed_gray":1,"minecraft:spruce_leaves":3,"minecraft:kelp":3,"spore:growths_small":14,"minecraft:moss_block":9,"minecraft:hay_block":13,"hexerei:stripped_witch_hazel_log":1,"spore:blomfung":21,"deep_dark_regrowth:sculk_ribs_medium":1,"minecraft:andesite":20,"treechop:chopped_log":46,"minecraft:peony":1,"minecraft:gold_block":2,"minecraft:bookshelf":24,"minecraft:deepslate_iron_ore":35,"minecraft:vine":3,"regions_unexplored:medium_grass":1,"hexerei:mixing_cauldron":1,"minecraft:stone":187,"minecraft:white_wool":7,"minecraft:podzol":1,"minecraft:mud_brick_slab":4,"minecraft:glass_pane":2,"minecraft:magenta_stained_glass":1,"minecraft:infested_stone_bricks":2,"quark:oak_chest":2,"hexerei:witch_hazel_leaves":7,"graveyard:laterally_lying_skeleton":3,"minecraft:basalt":7,"minecraft:stone_brick_slab":6,"minecraft:dandelion":1,"minecraft:crafting_table":5,"graveyard:tg_rooted_dirt":3,"regions_unexplored:silt_dirt":10,"minecraft:andesite_slab":1,"minecraft:copper_ore":27,"minecraft:tall_grass":10,"minecraft:deepslate_gold_ore":22,"minecraft:sculk":356,"minecraft:diorite":15,"supplementaries:urn":6,"minecraft:birch_planks":1,"graveyard:skull_with_rib_cage":3,"spore:bloomfung2":31,"minecraft:yellow_bed":3,"hexerei:witch_hazel_stairs":2,"spore:fungal_stem_top":16,"minecraft:coal_ore":10,"minecraft:gravel":7,"graveyard:leaning_skeleton":2,"minecraft:dripstone_block":1,"hexerei:witch_hazel_trapdoor":2,"minecraft:cobweb":46,"minecraft:brown_terracotta":2,"hexerei:willow_vines_plant":1,"minecraft:polished_andesite":4,"minecraft:stone_bricks":3,"minecraft:small_dripleaf":1,"minecraft:chipped_anvil":2,"graveyard:bone_remains":1,"minecraft:fern":7},"minecraft:custom":{"minecraft:interact_with_crafting_table":63,"minecraft:leave_game":4,"minecraft:time_since_death":38804,"minecraft:sprint_one_cm":1876733,"minecraft:drop":124,"minecraft:play_time":560414,"minecraft:deaths":35,"minecraft:interact_with_brewingstand":3,"minecraft:jump":9046,"minecraft:walk_on_water_one_cm":79964,"minecraft:interact_with_furnace":45,"minecraft:sleep_in_bed":2,"minecraft:damage_dealt":57505,"minecraft:player_kills":1,"minecraft:crouch_one_cm":49742,"minecraft:interact_with_smoker":1,"minecraft:use_cauldron":6,"minecraft:interact_with_smithing_table":7,"minecraft:interact_with_anvil":1,"minecraft:mob_kills":315,"minecraft:damage_dealt_resisted":2898,"minecraft:climb_one_cm":50448,"minecraft:walk_one_cm":1650836,"minecraft:sneak_time":23400,"minecraft:walk_under_water_one_cm":56491,"minecraft:boat_one_cm":211,"minecraft:interact_with_blast_furnace":4,"minecraft:total_world_time":560414,"minecraft:time_since_rest":38843,"minecraft:damage_taken":27426,"minecraft:damage_absorbed":164,"minecraft:swim_one_cm":41410,"minecraft:fly_one_cm":1612547,"minecraft:open_chest":517,"minecraft:fish_caught":8,"minecraft:fall_one_cm":239328}},"DataVersion":3120}