{"stats":{"minecraft:custom":{"minecraft:interact_with_anvil":1,"minecraft:mob_kills":36,"minecraft:interact_with_crafting_table":30,"minecraft:damage_dealt_resisted":202,"minecraft:leave_game":3,"minecraft:time_since_death":50433,"minecraft:climb_one_cm":3992,"minecraft:sprint_one_cm":483202,"minecraft:walk_one_cm":539173,"minecraft:drop":48,"minecraft:talked_to_villager":1,"minecraft:play_time":232572,"minecraft:deaths":16,"minecraft:sneak_time":10694,"minecraft:walk_under_water_one_cm":13655,"minecraft:boat_one_cm":2175,"minecraft:jump":4528,"minecraft:walk_on_water_one_cm":24958,"minecraft:total_world_time":232572,"minecraft:interact_with_furnace":16,"minecraft:sleep_in_bed":1,"minecraft:time_since_rest":50495,"minecraft:damage_taken":10150,"minecraft:damage_absorbed":40,"minecraft:trigger_trapped_chest":1,"minecraft:damage_dealt":5973,"minecraft:swim_one_cm":41206,"minecraft:fly_one_cm":1141132,"minecraft:open_chest":42,"minecraft:crouch_one_cm":25287,"minecraft:fall_one_cm":135057},"minecraft:crafted":{"minecraft:oak_planks":100,"minecraft:birch_boat":3,"minecraft:furnace":2,"map_atlases:atlas":1,"minecraft:glass":6,"minecraft:iron_boots":1,"minecraft:oak_fence":9,"minecraft:glass_bottle":6,"minecraft:crafting_table":8,"minecraft:iron_helmet":1,"minecraft:wooden_pickaxe":3,"minecraft:birch_planks":80,"minecraft:air":0,"minecraft:iron_chestplate":1,"minecraft:shield":1,"minecraft:stick":44,"minecraft:iron_ingot":40,"minecraft:wooden_axe":4,"minecraft:gold_ingot":9,"minecraft:iron_leggings":1,"minecraft:torch":112},"minecraft:broken":{"minecraft:leather_helmet":1,"minecraft:iron_leggings":1,"minecraft:golden_sword":1,"minecraft:leather_boots":1,"minecraft:iron_pickaxe":1},"minecraft:used":{"minecraft:oak_fence":6,"minecraft:moss_block":1,"minecraft:moss_carpet":1,"minecraft:iron_sword":72,"minecraft:brown_concrete":2,"minecraft:rotten_flesh":6,"minecraft:green_terracotta":1,"minecraft:torch":124,"minecraft:dirt":31,"hexerei:infused_fabric_carpet_dyed_gray":5,"minecraft:granite":4,"minecraft:polished_diorite":1,"minecraft:milk_bucket":1,"minecraft:brown_terracotta":1,"minecraft:wooden_axe":26,"hexerei:witch_hazel_slab":2,"minecraft:golden_sword":49,"minecraft:furnace":3,"minecraft:potato":1,"minecraft:diorite":14,"minecraft:birch_planks":1,"minecraft:glass_bottle":5,"minecraft:oak_planks":38,"minecraft:wooden_pickaxe":12,"minecraft:birch_boat":5,"minecraft:golden_apple":1,"minecraft:crafting_table":9,"minecraft:black_bed":2,"minecraft:gray_terracotta":10,"minecraft:apple":3,"minecraft:bread":52,"minecraft:map":1,"minecraft:iron_pickaxe":384,"minecraft:cobblestone":96},"minecraft:killed_by":{"theplaguedoctor:plague_doctor":2,"difficult_spawners:evil_spirit":1,"graveyard:ghoul":1,"graveyard:skeleton_creeper":2,"siren_head:siren_head":2,"cataclysm:deepling_brute":3,"minecraft:zombie":3},"minecraft:killed":{"born_in_chaos_v1:mr_pumpkin":1,"minecraft:spider":1,"born_in_chaos_v1:maggot":1,"born_in_chaos_v1:bonescaller":1,"minecraft:zombie_villager":1,"difficult_spawners:evil_spirit":3,"minecraft:zombie":27},"minecraft:picked_up":{"minecraft:crafting_table":4,"minecraft:redstone_block":4,"minecraft:lead":1,"minecraft:wither_rose":3,"minecraft:stone_brick_wall":1,"minecraft:gold_block":1,"minecraft:golden_sword":1,"born_in_chaos_v1:black_argillite":1,"minecraft:polished_deepslate":1,"minecraft:string":3,"minecraft:moss_carpet":5,"butchersdelight:dead_cow":2,"hexerei:infused_fabric_carpet_dyed_gray":5,"graveyard:corruption":1,"immersiveengineering:raw_lead":9,"minecraft:cobbled_deepslate":7,"minecraft:iron_pickaxe":1,"minecraft:birch_sapling":21,"minecraft:furnace":2,"minecraft:stick":41,"minecraft:raw_iron":26,"minecraft:brown_terracotta":1,"minecraft:torch":4,"minecraft:diorite":17,"minecraft:redstone":10,"minecraft:green_terracotta":1,"hexerei:witch_hazel_slab":2,"minecraft:honey_bottle":4,"minecraft:rotten_flesh":33,"minecraft:peony":2,"minecraft:deepslate_bricks":3,"minecraft:hay_block":20,"minecraft:mangrove_roots":1,"minecraft:iron_bars":2,"minecraft:cobblestone":151,"minecraft:birch_log":57,"born_in_chaos_v1:corpse_maggot":1,"minecraft:andesite":1,"minecraft:black_bed":1,"minecraft:potato":1,"butchersdelight:deadpig":4,"minecraft:brown_concrete":2,"minecraft:oak_log":28,"supplementaries:flax_seeds":3,"regions_unexplored:tassel":1,"minecraft:dirt":30,"minecraft:leather_boots":1,"minecraft:bone":5,"minecraft:chipped_anvil":1,"boh:kindness_flower":1,"minecraft:gray_terracotta":1,"minecraft:wheat_seeds":3,"minecraft:raw_gold":3,"minecraft:cobbled_deepslate_slab":1,"minecraft:iron_ingot":1,"minecraft:moss_block":1,"minecraft:oak_planks":1,"minecraft:soul_sand":2,"minecraft:birch_boat":2,"immersiveengineering:raw_uranium":9,"minecraft:dripstone_block":3,"minecraft:sand":6,"immersiveengineering:circuit_table":1,"minecraft:spruce_sapling":2,"minecraft:spider_eye":1,"immersiveengineering:seed":6,"minecraft:diamond":1,"minecraft:soul_lantern":1,"minecraft:polished_diorite":1,"minecraft:granite":15,"minecraft:white_concrete":2,"ancient_manuscripts:ancient_manuscript":4,"minecraft:emerald":1,"minecraft:oak_sapling":21,"minecraft:coal":121},"minecraft:dropped":{"minecraft:bread":42,"boh:kindness_flower":1,"minecraft:soul_sand":2,"butchersdelight:dead_cow":2,"minecraft:wheat_seeds":2,"minecraft:cobblestone":2,"minecraft:granite":11,"minecraft:stick":11,"minecraft:flint":1,"minecraft:iron_leggings":1,"minecraft:wither_rose":3,"butchersdelight:deadpig":4,"minecraft:spruce_sapling":1,"tarotcards:the_empress":1,"minecraft:moss_carpet":3,"minecraft:green_terracotta":1,"minecraft:music_disc_otherside":1,"minecraft:birch_sapling":1,"minecraft:soul_lantern":1,"minecraft:oak_planks":1,"minecraft:cobbled_deepslate_slab":1,"minecraft:deepslate_bricks":3,"minecraft:hay_block":20,"aether:iron_gloves":1,"minecraft:stone_brick_wall":1,"minecraft:oak_sapling":7,"immersiveengineering:seed":2},"minecraft:mined":{"minecraft:brown_concrete":2,"graveyard:tg_coarse_dirt":1,"minecraft:deepslate_diamond_ore":1,"born_in_chaos_v1:infected_diamond_ore":2,"minecraft:granite":15,"minecraft:grass_block":6,"born_in_chaos_v1:black_argillite":1,"minecraft:white_concrete":2,"minecraft:deepslate_bricks":1,"hexerei:infused_fabric_carpet_dyed_gray":5,"minecraft:polished_diorite":1,"minecraft:spruce_leaves":5,"minecraft:moss_block":1,"minecraft:spawner":2,"immersiveengineering:deepslate_ore_uranium":9,"minecraft:hay_block":20,"minecraft:redstone_ore":2,"minecraft:furnace":2,"graveyard:tg_moss_block":1,"minecraft:iron_ore":18,"minecraft:sticky_piston":1,"minecraft:cobbled_deepslate":2,"minecraft:andesite":1,"minecraft:green_terracotta":2,"minecraft:moss_carpet":5,"treechop:chopped_log":10,"minecraft:peony":3,"minecraft:gold_block":1,"minecraft:polished_deepslate":1,"minecraft:deepslate_iron_ore":8,"minecraft:quartz_slab":1,"minecraft:iron_bars":2,"regions_unexplored:apple_oak_leaves":2,"regions_unexplored:medium_grass":2,"immersiveengineering:ore_lead":12,"minecraft:stone":137,"minecraft:gray_terracotta":5,"minecraft:redstone_block":4,"minecraft:soul_sand":7,"minecraft:crafting_table":4,"minecraft:emerald_ore":1,"minecraft:tall_grass":4,"minecraft:cobblestone":15,"graveyard:skeleton_hand":1,"minecraft:deepslate_gold_ore":3,"minecraft:oak_planks":1,"minecraft:diorite":24,"minecraft:wall_torch":2,"supplementaries:urn":2,"minecraft:black_bed":1,"immersiveengineering:circuit_table":1,"minecraft:wither_rose":3,"minecraft:grass":11,"minecraft:oak_log":5,"minecraft:coal_ore":92,"minecraft:dripstone_block":4,"minecraft:gravel":1,"minecraft:sand":6,"minecraft:dirt":9,"minecraft:brown_terracotta":2,"minecraft:oak_leaves":6,"regions_unexplored:tassel":1,"minecraft:deepslate":5,"minecraft:fern":2}},"DataVersion":3120}