{"stats":{"minecraft:crafted":{"minecraft:oak_planks":24,"minecraft:crafting_table":5,"minecraft:stick":8,"minecraft:birch_boat":3,"minecraft:wooden_pickaxe":3,"minecraft:wooden_axe":4,"minecraft:birch_planks":80},"minecraft:killed":{"minecraft:zombie":1},"minecraft:mined":{"graveyard:tg_coarse_dirt":1,"graveyard:tg_moss_block":1,"minecraft:soul_sand":7,"minecraft:sticky_piston":1,"minecraft:cobbled_deepslate":2,"minecraft:wither_rose":3,"treechop:chopped_log":7,"minecraft:crafting_table":4,"minecraft:peony":3,"minecraft:grass":10,"minecraft:quartz_slab":1,"minecraft:grass_block":3,"minecraft:dirt":6,"minecraft:deepslate_bricks":1,"minecraft:spruce_leaves":1,"minecraft:tall_grass":1,"graveyard:skeleton_hand":1,"minecraft:stone":1,"minecraft:fern":2,"minecraft:spawner":1},"minecraft:used":{"minecraft:wooden_axe":26,"minecraft:apple":3,"minecraft:birch_planks":1,"minecraft:bread":6,"minecraft:wooden_pickaxe":12,"minecraft:birch_boat":5,"minecraft:rotten_flesh":6,"minecraft:cobblestone":1,"minecraft:dirt":7,"minecraft:crafting_table":6},"minecraft:picked_up":{"minecraft:birch_log":57,"minecraft:stick":25,"minecraft:crafting_table":4,"minecraft:birch_boat":2,"minecraft:lead":1,"minecraft:wither_rose":3,"minecraft:spruce_sapling":1,"minecraft:dirt":9,"minecraft:bone":5,"minecraft:honey_bottle":4,"minecraft:rotten_flesh":9,"immersiveengineering:seed":1,"graveyard:corruption":1,"minecraft:wheat_seeds":1,"minecraft:peony":2,"minecraft:cobbled_deepslate":2,"minecraft:deepslate_bricks":2,"minecraft:mangrove_roots":1,"minecraft:birch_sapling":21,"minecraft:soul_sand":1,"minecraft:cobblestone":1},"minecraft:dropped":{"minecraft:deepslate_bricks":2,"minecraft:bread":12,"minecraft:soul_sand":1,"minecraft:wither_rose":3,"minecraft:spruce_sapling":1},"minecraft:custom":{"minecraft:time_since_rest":15367,"minecraft:sprint_one_cm":155316,"minecraft:damage_taken":4204,"minecraft:walk_one_cm":178488,"minecraft:trigger_trapped_chest":1,"minecraft:mob_kills":3,"minecraft:drop":17,"minecraft:damage_dealt":311,"minecraft:swim_one_cm":23475,"minecraft:interact_with_crafting_table":12,"minecraft:fly_one_cm":393356,"minecraft:open_chest":5,"minecraft:crouch_one_cm":920,"minecraft:play_time":64858,"minecraft:deaths":12,"minecraft:sneak_time":584,"minecraft:walk_under_water_one_cm":3134,"minecraft:boat_one_cm":2175,"minecraft:jump":1673,"minecraft:leave_game":2,"minecraft:time_since_death":15340,"minecraft:walk_on_water_one_cm":9245,"minecraft:total_world_time":64858,"minecraft:climb_one_cm":2204,"minecraft:fall_one_cm":43173},"minecraft:killed_by":{"graveyard:skeleton_creeper":2,"difficult_spawners:evil_spirit":1,"cataclysm:deepling_brute":3,"graveyard:ghoul":1,"minecraft:zombie":2,"siren_head:siren_head":2}},"DataVersion":3120}