{"stats":{"minecraft:killed_by":{"theplaguedoctor:plague_doctor":3,"difficult_spawners:evil_spirit":1,"graveyard:ghoul":1,"graveyard:skeleton_creeper":2,"siren_head:siren_head":2,"cataclysm:deepling_brute":3,"minecraft:zombie":3},"minecraft:killed":{"born_in_chaos_v1:mr_pumpkin":2,"born_in_chaos_v1:restless_spirit":1,"minecraft:spider":1,"born_in_chaos_v1:maggot":3,"minecraft:skeleton":1,"spore:griefer":1,"born_in_chaos_v1:bonescaller":1,"minecraft:zombie_villager":1,"minecraft:creeper":1,"difficult_spawners:evil_spirit":3,"minecraft:zombie":44},"minecraft:custom":{"minecraft:interact_with_anvil":1,"minecraft:mob_kills":61,"minecraft:interact_with_crafting_table":62,"minecraft:damage_dealt_resisted":222,"minecraft:leave_game":3,"minecraft:time_since_death":35202,"minecraft:climb_one_cm":7997,"minecraft:sprint_one_cm":687496,"minecraft:walk_one_cm":794487,"minecraft:damage_blocked_by_shield":950,"minecraft:drop":62,"minecraft:talked_to_villager":1,"minecraft:play_time":334041,"minecraft:sneak_time":15099,"minecraft:deaths":17,"minecraft:walk_under_water_one_cm":39462,"minecraft:boat_one_cm":2175,"minecraft:jump":5683,"minecraft:walk_on_water_one_cm":34218,"minecraft:total_world_time":334041,"minecraft:interact_with_furnace":23,"minecraft:interact_with_cartography_table":1,"minecraft:sleep_in_bed":1,"minecraft:time_since_rest":35240,"minecraft:damage_absorbed":68,"minecraft:damage_taken":13041,"minecraft:trigger_trapped_chest":1,"minecraft:damage_dealt":10429,"minecraft:swim_one_cm":44580,"minecraft:fly_one_cm":1340318,"minecraft:open_chest":106,"minecraft:crouch_one_cm":37092,"minecraft:fall_one_cm":160190},"minecraft:mined":{"graveyard:tg_coarse_dirt":1,"minecraft:brown_concrete":2,"minecraft:deepslate_diamond_ore":1,"born_in_chaos_v1:infected_diamond_ore":2,"minecraft:granite":15,"minecraft:grass_block":8,"born_in_chaos_v1:black_argillite":1,"minecraft:white_concrete":2,"minecraft:deepslate_bricks":1,"minecraft:polished_diorite":1,"hexerei:infused_fabric_carpet_dyed_gray":5,"minecraft:spruce_leaves":5,"minecraft:moss_block":1,"spore:growths_small":1,"minecraft:sandstone":4,"minecraft:spawner":2,"immersiveengineering:deepslate_ore_uranium":9,"minecraft:hay_block":20,"minecraft:tall_seagrass":2,"minecraft:redstone_ore":2,"minecraft:furnace":2,"graveyard:tg_moss_block":1,"minecraft:iron_ore":18,"minecraft:sticky_piston":1,"minecraft:cobbled_deepslate":2,"minecraft:andesite":1,"minecraft:green_terracotta":2,"minecraft:moss_carpet":5,"treechop:chopped_log":10,"minecraft:black_carpet":1,"minecraft:peony":3,"minecraft:gold_block":1,"minecraft:polished_deepslate":1,"minecraft:deepslate_iron_ore":8,"minecraft:iron_bars":2,"minecraft:quartz_slab":1,"regions_unexplored:apple_oak_leaves":2,"regions_unexplored:medium_grass":2,"immersiveengineering:ore_lead":12,"minecraft:stone":142,"minecraft:white_wool":1,"minecraft:green_wool":1,"minecraft:gray_terracotta":5,"minecraft:redstone_block":4,"minecraft:glass_pane":2,"minecraft:soul_sand":7,"hexerei:witch_hazel_leaves":1,"minecraft:brown_carpet":1,"minecraft:clay":20,"minecraft:crafting_table":4,"minecraft:torch":2,"minecraft:emerald_ore":1,"minecraft:tall_grass":4,"minecraft:cobblestone":15,"graveyard:skeleton_hand":1,"minecraft:deepslate_gold_ore":3,"minecraft:oak_planks":1,"minecraft:diorite":24,"minecraft:iron_door":1,"minecraft:wall_torch":3,"supplementaries:urn":2,"minecraft:seagrass":3,"minecraft:coarse_dirt":1,"immersiveengineering:cokebrick":1,"minecraft:white_carpet":2,"minecraft:light_gray_wool":2,"minecraft:black_bed":1,"immersiveengineering:circuit_table":2,"minecraft:wither_rose":3,"minecraft:grass":11,"minecraft:coal_ore":92,"minecraft:oak_log":5,"minecraft:gravel":1,"minecraft:dirt":10,"minecraft:sand":6,"minecraft:dripstone_block":4,"minecraft:brown_terracotta":2,"minecraft:oak_leaves":6,"spore:remains":2,"regions_unexplored:tassel":1,"minecraft:deepslate":5,"minecraft:fern":2},"minecraft:crafted":{"minecraft:brick":28,"minecraft:oak_planks":184,"immersiveengineering:hammer":1,"minecraft:birch_boat":3,"minecraft:furnace":2,"immersiveengineering:manual":1,"minecraft:lever":1,"immersiveengineering:workbench":1,"map_atlases:atlas":2,"minecraft:glass":6,"minecraft:iron_boots":1,"immersiveengineering:waterwheel_segment":4,"immersiveengineering:treated_fence":3,"immersiveengineering:treated_wood_horizontal":24,"minecraft:oak_fence":9,"minecraft:glass_bottle":6,"minecraft:crafting_table":10,"minecraft:iron_helmet":1,"minecraft:wooden_pickaxe":3,"immersiveengineering:slab_treated_wood_horizontal":6,"immersiveengineering:cokebrick":27,"minecraft:bucket":1,"minecraft:birch_planks":80,"minecraft:air":0,"minecraft:iron_chestplate":1,"minecraft:shield":1,"quark:oak_chest":2,"minecraft:stick":44,"minecraft:iron_ingot":40,"minecraft:wooden_axe":4,"immersiveengineering:stick_treated":24,"minecraft:iron_leggings":1,"minecraft:gold_ingot":9,"minecraft:sandstone":31,"minecraft:torch":112,"immersiveengineering:craftingtable":1},"minecraft:dropped":{"minecraft:bread":42,"boh:kindness_flower":1,"minecraft:soul_sand":2,"butchersdelight:dead_cow":2,"minecraft:wheat_seeds":3,"minecraft:oak_log":19,"minecraft:cobblestone":2,"minecraft:book":219,"hexerei:crow_blank_amulet":1,"minecraft:granite":11,"map_atlases:atlas":1,"minecraft:stick":11,"minecraft:flint":1,"minecraft:iron_leggings":1,"minecraft:wither_rose":3,"butchersdelight:deadpig":4,"minecraft:spruce_sapling":1,"tarotcards:the_empress":1,"minecraft:moss_carpet":3,"hexerei:sage_seed":3,"minecraft:green_terracotta":1,"minecraft:music_disc_otherside":1,"minecraft:birch_sapling":1,"minecraft:soul_lantern":1,"minecraft:oak_planks":2,"minecraft:cobbled_deepslate_slab":1,"minecraft:deepslate_bricks":3,"minecraft:hay_block":20,"aether:iron_gloves":1,"immersiveengineering:manual":1,"minecraft:stone_brick_wall":1,"minecraft:oak_sapling":7,"minecraft:brown_carpet":1,"immersiveengineering:seed":2},"minecraft:picked_up":{"minecraft:coarse_dirt":1,"minecraft:crafting_table":4,"minecraft:redstone_block":4,"minecraft:clay_ball":80,"minecraft:lead":1,"minecraft:wither_rose":3,"minecraft:stone_brick_wall":1,"minecraft:gold_block":1,"minecraft:chain":1,"minecraft:golden_sword":1,"born_in_chaos_v1:black_argillite":1,"minecraft:polished_deepslate":1,"immersiveengineering:manual":1,"spore:innards":1,"minecraft:string":3,"minecraft:moss_carpet":5,"minecraft:white_carpet":1,"hexerei:infused_fabric_carpet_dyed_gray":5,"butchersdelight:dead_cow":2,"graveyard:corruption":1,"immersiveengineering:raw_lead":9,"minecraft:cobbled_deepslate":7,"minecraft:poppy":1,"minecraft:iron_pickaxe":1,"minecraft:light_gray_wool":2,"minecraft:birch_sapling":21,"minecraft:furnace":2,"spore:tumor":2,"minecraft:stick":45,"minecraft:raw_iron":26,"minecraft:sandstone":1,"minecraft:brown_terracotta":1,"minecraft:torch":7,"minecraft:diorite":17,"minecraft:redstone":10,"minecraft:green_terracotta":1,"minecraft:brown_carpet":1,"hexerei:witch_hazel_slab":2,"hexerei:sage_seed":3,"minecraft:arrow":1,"minecraft:honey_bottle":5,"minecraft:rotten_flesh":50,"minecraft:peony":2,"minecraft:deepslate_bricks":3,"minecraft:hay_block":20,"minecraft:green_wool":1,"minecraft:mangrove_roots":1,"supplementaries:ash":1,"spore:tendons":5,"minecraft:iron_bars":2,"minecraft:white_wool":1,"minecraft:cobblestone":156,"minecraft:birch_log":57,"born_in_chaos_v1:corpse_maggot":1,"minecraft:iron_door":1,"minecraft:andesite":1,"minecraft:black_bed":1,"minecraft:potato":1,"butchersdelight:deadpig":4,"minecraft:brown_concrete":2,"minecraft:oak_log":74,"supplementaries:flax_seeds":3,"hexerei:crow_blank_amulet":1,"regions_unexplored:tassel":1,"minecraft:dirt":33,"minecraft:leather_boots":1,"immersiveengineering:cokebrick":1,"minecraft:bone":6,"minecraft:chipped_anvil":1,"boh:kindness_flower":1,"minecraft:gray_terracotta":1,"minecraft:wheat_seeds":4,"minecraft:raw_gold":3,"minecraft:cobbled_deepslate_slab":1,"minecraft:iron_ingot":1,"spore:mutated_fiber":3,"minecraft:moss_block":1,"minecraft:oak_planks":2,"minecraft:soul_sand":2,"minecraft:book":219,"immersiveengineering:raw_uranium":9,"minecraft:birch_boat":2,"spore:armor_fragment":3,"born_in_chaos_v1:ethereal_spirit":1,"minecraft:dripstone_block":3,"minecraft:sand":131,"hexerei:sage":2,"immersiveengineering:circuit_table":2,"minecraft:spruce_sapling":2,"minecraft:spider_eye":1,"spore:claw_fragment":3,"immersiveengineering:seed":6,"minecraft:diamond":1,"minecraft:polished_diorite":1,"minecraft:soul_lantern":1,"minecraft:granite":15,"minecraft:white_concrete":2,"ancient_manuscripts:ancient_manuscript":4,"minecraft:emerald":1,"minecraft:oak_sapling":21,"minecraft:coal":121},"minecraft:used":{"minecraft:oak_fence":6,"minecraft:moss_block":1,"minecraft:moss_carpet":1,"minecraft:shield":44,"minecraft:iron_sword":151,"minecraft:brown_concrete":2,"minecraft:rotten_flesh":6,"minecraft:green_terracotta":1,"minecraft:torch":150,"minecraft:dirt":33,"hexerei:infused_fabric_carpet_dyed_gray":5,"immersiveengineering:cokebrick":28,"minecraft:brown_terracotta":1,"minecraft:granite":4,"minecraft:polished_diorite":1,"minecraft:milk_bucket":1,"minecraft:wooden_axe":26,"immersiveengineering:circuit_table":1,"immersiveengineering:workbench":1,"hexerei:witch_hazel_slab":2,"minecraft:golden_sword":49,"minecraft:furnace":3,"minecraft:potato":1,"minecraft:diorite":14,"minecraft:birch_planks":1,"minecraft:glass_bottle":5,"minecraft:oak_planks":88,"minecraft:wooden_pickaxe":12,"minecraft:birch_boat":5,"minecraft:sandstone":4,"minecraft:golden_apple":2,"minecraft:crafting_table":10,"minecraft:black_bed":2,"minecraft:gray_terracotta":10,"minecraft:apple":3,"immersiveengineering:hammer":1,"minecraft:bread":84,"minecraft:iron_pickaxe":400,"minecraft:map":2,"minecraft:cobblestone":130,"quark:oak_chest":2},"minecraft:broken":{"minecraft:leather_helmet":1,"minecraft:iron_leggings":1,"minecraft:golden_sword":1,"minecraft:leather_boots":1,"minecraft:iron_pickaxe":1}},"DataVersion":3120}