{"stats":{"minecraft:crafted":{"minecraft:oak_planks":24,"minecraft:crafting_table":5,"minecraft:wooden_pickaxe":3,"minecraft:birch_boat":3,"minecraft:birch_planks":80,"minecraft:stick":8,"minecraft:wooden_axe":4},"minecraft:killed":{"minecraft:zombie":1},"minecraft:used":{"minecraft:birch_planks":1,"minecraft:birch_boat":5,"minecraft:wooden_pickaxe":12,"minecraft:rotten_flesh":6,"minecraft:dirt":7,"minecraft:crafting_table":6,"minecraft:wooden_axe":26,"minecraft:apple":3,"minecraft:bread":13,"minecraft:golden_sword":12,"minecraft:cobblestone":1},"minecraft:mined":{"graveyard:tg_coarse_dirt":1,"minecraft:soul_sand":7,"minecraft:crafting_table":4,"minecraft:grass_block":4,"minecraft:deepslate_bricks":1,"minecraft:tall_grass":3,"graveyard:skeleton_hand":1,"minecraft:spruce_leaves":1,"minecraft:spawner":1,"graveyard:tg_moss_block":1,"minecraft:sticky_piston":1,"minecraft:cobbled_deepslate":2,"treechop:chopped_log":7,"minecraft:peony":3,"minecraft:wither_rose":3,"minecraft:grass":10,"minecraft:quartz_slab":1,"minecraft:dirt":6,"regions_unexplored:medium_grass":1,"minecraft:stone":1,"minecraft:fern":2},"minecraft:dropped":{"minecraft:bread":42,"minecraft:soul_sand":2,"butchersdelight:dead_cow":2,"minecraft:music_disc_otherside":1,"minecraft:birch_sapling":1,"minecraft:soul_lantern":1,"minecraft:cobbled_deepslate_slab":1,"minecraft:deepslate_bricks":3,"minecraft:iron_leggings":1,"minecraft:wither_rose":3,"immersiveengineering:seed":1,"minecraft:spruce_sapling":1},"minecraft:picked_up":{"minecraft:birch_log":57,"minecraft:crafting_table":4,"minecraft:lead":1,"minecraft:wither_rose":3,"butchersdelight:deadpig":4,"minecraft:golden_sword":1,"minecraft:dirt":9,"minecraft:leather_boots":1,"minecraft:bone":5,"butchersdelight:dead_cow":2,"graveyard:corruption":1,"minecraft:wheat_seeds":1,"minecraft:cobbled_deepslate":2,"minecraft:cobbled_deepslate_slab":1,"minecraft:iron_pickaxe":1,"minecraft:birch_sapling":21,"minecraft:soul_sand":2,"minecraft:stick":25,"minecraft:birch_boat":2,"minecraft:spruce_sapling":1,"minecraft:honey_bottle":4,"minecraft:rotten_flesh":9,"immersiveengineering:seed":2,"minecraft:soul_lantern":1,"minecraft:peony":2,"minecraft:deepslate_bricks":3,"minecraft:mangrove_roots":1,"ancient_manuscripts:ancient_manuscript":4,"minecraft:cobblestone":1},"minecraft:custom":{"minecraft:mob_kills":3,"minecraft:interact_with_crafting_table":13,"minecraft:leave_game":2,"minecraft:time_since_death":27340,"minecraft:climb_one_cm":2254,"minecraft:time_since_rest":27367,"minecraft:sprint_one_cm":193937,"minecraft:damage_taken":4464,"minecraft:walk_one_cm":220086,"minecraft:trigger_trapped_chest":1,"minecraft:drop":27,"minecraft:damage_dealt":713,"minecraft:swim_one_cm":25641,"minecraft:fly_one_cm":513955,"minecraft:open_chest":7,"minecraft:crouch_one_cm":1047,"minecraft:play_time":76858,"minecraft:deaths":12,"minecraft:sneak_time":634,"minecraft:walk_under_water_one_cm":3373,"minecraft:boat_one_cm":2175,"minecraft:jump":2209,"minecraft:walk_on_water_one_cm":10197,"minecraft:total_world_time":76858,"minecraft:fall_one_cm":59076},"minecraft:killed_by":{"difficult_spawners:evil_spirit":1,"cataclysm:deepling_brute":3,"graveyard:ghoul":1,"minecraft:zombie":2,"graveyard:skeleton_creeper":2,"siren_head:siren_head":2}},"DataVersion":3120}