{"stats":{"minecraft:used":{"minecraft:moss_block":1,"minecraft:moss_carpet":1,"minecraft:shield":45,"minecraft:iron_sword":557,"minecraft:brown_concrete":2,"minecraft:rotten_flesh":6,"minecraft:green_terracotta":1,"immersiveengineering:treated_wood_horizontal":1,"hexerei:infused_fabric_carpet_dyed_gray":9,"immersiveengineering:cokebrick":28,"minecraft:milk_bucket":3,"red_sea_object:scp_093_b_spawn_egg":2,"minecraft:quartz_block":10,"the_old_ai:scp_079_offline":1,"hexerei:witch_hazel_slab":2,"minecraft:golden_sword":49,"minecraft:furnace":4,"minecraft:potato":1,"minecraft:diorite":14,"minecraft:oak_planks":126,"minecraft:wooden_pickaxe":12,"minecraft:sandstone":4,"minecraft:sugar_cane":11,"shy_guy:shy_guy_spawn_egg":1,"minecraft:golden_apple":8,"thestairwell:scp_087_b_1_spawn_egg":1,"thestairwell:scp_0871_spawn_egg":1,"minecraft:black_bed":2,"minecraft:lever":1,"immersiveengineering:hammer":3,"minecraft:bread":105,"minecraft:oak_fence":6,"minecraft:cooked_chicken":32,"minecraft:torch":218,"spore:incubator":1,"minecraft:dirt":44,"minecraft:hopper":1,"minecraft:granite":4,"minecraft:polished_diorite":1,"immersiveengineering:circuit_table":2,"minecraft:brown_terracotta":1,"minecraft:wooden_axe":26,"immersiveengineering:workbench":1,"minecraft:iron_axe":11,"minecraft:iron_boots":1,"siren_head:siren_head_spawn_egg":1,"immersiveengineering:blastbrick":27,"minecraft:cooked_beef":4,"minecraft:cobbled_deepslate":25,"minecraft:water_bucket":6,"thestairwell:scp_0872_spawn_egg":2,"minecraft:birch_planks":1,"minecraft:glass_bottle":5,"minecraft:birch_boat":5,"thestairwell:scp_087_b_2_spawn_egg":2,"minecraft:crafting_table":12,"minecraft:smoker":6,"minecraft:gray_terracotta":10,"minecraft:apple":3,"minecraft:iron_pickaxe":915,"minecraft:map":2,"boh:siren_head_spawn_egg":8,"minecraft:cobblestone":138,"travelersbackpack:standard":1,"immersiveengineering:blastbrick_reinforced":29,"minecraft:bucket":7,"quark:oak_chest":4},"minecraft:killed_by":{"theplaguedoctor:plague_doctor":6,"difficult_spawners:evil_spirit":1,"minecraft:creeper":1,"graveyard:skeleton_creeper":2,"deep_dark_regrowth:corrupted_skeleton":1,"siren_head:siren_head":2,"spore:inf_player":1,"with_many_voices:with_many_voices":1,"cataclysm:deepling_brute":3,"minecraft:zombie":5,"spore:inf_hazmat":1,"minecraft:player":1,"graveyard:ghoul":1,"minecraft:spider":1},"minecraft:broken":{"minecraft:iron_boots":1,"minecraft:iron_chestplate":1,"minecraft:iron_leggings":2,"minecraft:golden_sword":1,"minecraft:leather_helmet":1,"aether:iron_gloves":1,"minecraft:leather_boots":1,"minecraft:iron_pickaxe":2,"minecraft:iron_helmet":1},"minecraft:crafted":{"minecraft:brick":28,"minecraft:oak_planks":264,"immersiveengineering:hammer":1,"minecraft:birch_boat":3,"immersiveengineering:manual":1,"minecraft:lever":1,"immersiveengineering:workbench":1,"minecraft:glass":6,"minecraft:hopper":1,"minecraft:iron_boots":1,"minecraft:chest":1,"immersiveengineering:treated_wood_horizontal":24,"minecraft:oak_fence":9,"immersiveengineering:ingot_aluminum":6,"minecraft:glass_bottle":6,"minecraft:crafting_table":12,"minecraft:wooden_pickaxe":3,"minecraft:iron_helmet":2,"immersiveengineering:slab_treated_wood_horizontal":6,"immersiveengineering:blastbrick_reinforced":27,"minecraft:copper_ingot":32,"immersiveengineering:cokebrick":27,"minecraft:birch_planks":80,"minecraft:iron_chestplate":2,"minecraft:paper":3,"minecraft:shield":1,"quark:oak_chest":4,"minecraft:stick":60,"minecraft:iron_ingot":40,"minecraft:iron_pickaxe":1,"minecraft:gold_ingot":9,"minecraft:sandstone":31,"immersiveengineering:stick_treated":24,"minecraft:furnace":2,"minecraft:bone_meal":3,"map_atlases:atlas":2,"minecraft:iron_axe":1,"immersiveengineering:waterwheel_segment":4,"immersiveengineering:treated_fence":3,"immersiveengineering:watermill":1,"minecraft:bucket":2,"immersiveengineering:blueprint":1,"minecraft:air":0,"minecraft:blue_dye":3,"minecraft:wooden_axe":4,"minecraft:iron_leggings":2,"immersiveengineering:plate_iron":5,"minecraft:torch":152,"immersiveengineering:craftingtable":1},"minecraft:killed":{"spore:inf_hazmat":11,"born_in_chaos_v1:mr_pumpkin":3,"graveyard:skeleton_creeper":1,"born_in_chaos_v1:restless_spirit":1,"minecraft:spider":4,"minecraft:skeleton":5,"born_in_chaos_v1:bonescaller":1,"spore:inf_player":4,"spore:inf_wanderer":1,"minecraft:zombie_villager":1,"minecraft:creeper":2,"minecraft:zombie":81,"spore:inf_human":9,"deep_dark_regrowth:corrupted_skeleton":1,"born_in_chaos_v1:maggot":3,"spore:griefer":1,"red_sea_object:scp_093_b":1,"spore:inf_pillager":2,"difficult_spawners:evil_spirit":6},"minecraft:dropped":{"butchersdelight:dead_cow":2,"boh:kindness_flower":1,"minecraft:soul_sand":2,"minecraft:moss_block":1,"spore:biomass_block":5,"minecraft:oak_log":19,"hexerei:crow_blank_amulet":1,"thestairwell:scp_087_b_1_spawn_egg":1,"map_atlases:atlas":1,"minecraft:flint":1,"minecraft:dirt":1,"minecraft:redstone_lamp":1,"minecraft:gray_concrete":1,"minecraft:jungle_sapling":1,"minecraft:chain":1,"minecraft:iron_pickaxe":1,"hexerei:sage":1,"tarotcards:the_magician":1,"minecraft:cobbled_deepslate":8,"minecraft:tinted_glass":2,"minecraft:music_disc_otherside":1,"minecraft:birch_sapling":1,"minecraft:soul_lantern":1,"minecraft:rotten_flesh":3,"minecraft:oak_planks":2,"supplementaries:flax_seeds":3,"immersiveengineering:manual":1,"minecraft:stone_brick_wall":1,"tarotcards:the_emperor":1,"minecraft:arrow":2,"immersiveengineering:seed":2,"minecraft:enchanted_book":1,"minecraft:bread":106,"minecraft:wheat_seeds":4,"minecraft:cobblestone":2,"minecraft:book":219,"minecraft:granite":11,"minecraft:spruce_door":3,"minecraft:golden_apple":2,"minecraft:stick":11,"minecraft:milk_bucket":1,"biomancy:mob_sinew":3,"minecraft:rose_bush":1,"minecraft:iron_leggings":1,"minecraft:wither_rose":3,"butchersdelight:deadpig":4,"minecraft:bucket":1,"minecraft:spruce_sapling":1,"minecraft:redstone":1,"tarotcards:the_empress":1,"minecraft:moss_carpet":3,"hexerei:sage_seed":3,"minecraft:green_terracotta":1,"minecraft:white_carpet":1,"spore:mutated_fiber":1,"minecraft:cobbled_deepslate_slab":1,"minecraft:deepslate_bricks":3,"travelersbackpack:emerald":1,"minecraft:hay_block":20,"aether:iron_gloves":1,"minecraft:andesite":1,"minecraft:oak_sapling":7,"minecraft:brown_carpet":1,"minecraft:red_tulip":2},"minecraft:picked_up":{"spore:incubator":1,"minecraft:wheat":2,"hexerei:witch_hazel_trapdoor":3,"minecraft:exposed_copper":4,"minecraft:redstone_block":4,"minecraft:flower_pot":2,"minecraft:lead":1,"minecraft:diamond_sword":1,"minecraft:wither_rose":3,"minecraft:enchanted_book":2,"immersiveengineering:blastbrick":54,"minecraft:brewing_stand":1,"minecraft:golden_sword":1,"travelersbackpack:emerald":1,"born_in_chaos_v1:black_argillite":1,"minecraft:polished_deepslate":1,"spore:innards":1,"minecraft:string":8,"minecraft:raw_copper":232,"immersiveengineering:raw_lead":9,"minecraft:cobbled_deepslate":50,"minecraft:rose_bush":1,"minecraft:iron_pickaxe":2,"minecraft:iron_boots":2,"minecraft:furnace":2,"minecraft:stick":48,"minecraft:brown_terracotta":1,"minecraft:torch":32,"minecraft:diorite":17,"minecraft:green_terracotta":1,"minecraft:brown_carpet":1,"hexerei:witch_hazel_slab":2,"minecraft:quartz_block":41,"minecraft:honey_bottle":5,"minecraft:rotten_flesh":90,"hexerei:polished_willow_planks":3,"minecraft:blue_dye":10,"minecraft:red_tulip":1,"minecraft:mangrove_roots":1,"minecraft:green_wool":1,"supplementaries:ash":31,"immersiveengineering:plate_steel":18,"minecraft:iron_bars":4,"minecraft:cobblestone":190,"minecraft:birch_log":57,"minecraft:iron_door":5,"minecraft:andesite":1,"minecraft:black_bed":1,"minecraft:smoker":6,"minecraft:potato":1,"butchersdelight:deadpig":4,"supplementaries:flax_seeds":3,"deep_dark_regrowth:mossy_fluorite":2,"minecraft:lapis_lazuli":28,"minecraft:gray_concrete":1,"minecraft:dirt":44,"minecraft:leather_boots":1,"minecraft:bone":9,"minecraft:chipped_anvil":1,"minecraft:gray_terracotta":1,"hexerei:yellow_dock_bush":1,"minecraft:wheat_seeds":7,"minecraft:raw_gold":6,"minecraft:cobbled_deepslate_slab":1,"minecraft:dark_oak_sign":2,"minecraft:moss_block":2,"spore:biomass_block":5,"the_old_ai:scp_079_offline":1,"minecraft:oak_planks":2,"immersiveengineering:raw_uranium":9,"spore:armor_fragment":3,"immersiveengineering:raw_aluminum":6,"minecraft:sand":131,"hexerei:sage":3,"immersiveengineering:circuit_table":2,"minecraft:bundle":1,"spore:claw_fragment":3,"minecraft:dispenser":1,"minecraft:diamond":3,"minecraft:soul_lantern":1,"minecraft:granite":15,"minecraft:white_concrete":2,"minecraft:emerald":4,"spore:spine_fragment":1,"immersiveengineering:raw_nickel":11,"minecraft:oak_sapling":21,"minecraft:crafting_table":5,"minecraft:coarse_dirt":1,"minecraft:clay_ball":80,"minecraft:redstone_lamp":1,"immersiveengineering:coal_coke":10,"minecraft:stone_brick_wall":1,"minecraft:gold_block":1,"hexerei:mugwort_bush":1,"minecraft:chain":1,"immersiveengineering:manual":1,"minecraft:moss_carpet":5,"minecraft:iron_axe":1,"minecraft:white_carpet":1,"butchersdelight:dead_cow":2,"hexerei:infused_fabric_carpet_dyed_gray":8,"graveyard:corruption":3,"deep_dark_regrowth:sculk_soil":8,"minecraft:poppy":1,"minecraft:light_gray_wool":2,"minecraft:tinted_glass":2,"minecraft:sugar_cane":15,"minecraft:birch_sapling":21,"cotw:witherstone":3,"spore:tumor":2,"minecraft:raw_iron":39,"minecraft:sandstone":1,"regions_unexplored:ash_vent":1,"regions_unexplored:volcanic_ash":1,"minecraft:redstone":16,"minecraft:blue_carpet":1,"minecraft:dark_oak_planks":2,"hexerei:sage_seed":6,"minecraft:arrow":5,"minecraft:peony":2,"minecraft:deepslate_bricks":3,"minecraft:hay_block":20,"immersiveengineering:blastbrick_reinforced":2,"spore:zoaholic":1,"spore:tendons":5,"minecraft:white_wool":1,"deep_dark_regrowth:sculk_bone":2,"born_in_chaos_v1:corpse_maggot":1,"minecraft:brown_concrete":2,"minecraft:oak_log":101,"hexerei:crow_blank_amulet":1,"minecraft:gunpowder":1,"immersiveengineering:treated_wood_horizontal":30,"regions_unexplored:tassel":1,"immersiveengineering:slag":3,"immersiveengineering:cokebrick":1,"boh:kindness_flower":1,"biomancy:mob_sinew":3,"minecraft:iron_ingot":65,"spore:mutated_fiber":19,"minecraft:iron_sword":1,"minecraft:soul_sand":2,"minecraft:book":219,"minecraft:birch_boat":2,"born_in_chaos_v1:ethereal_spirit":1,"minecraft:dripstone_block":3,"minecraft:spruce_sapling":2,"minecraft:spruce_door":3,"minecraft:spider_eye":2,"immersiveengineering:seed":7,"minecraft:polished_diorite":1,"immersiveengineering:waterwheel_segment":4,"ancient_manuscripts:ancient_manuscript":4,"immersiveengineering:raw_silver":34,"minecraft:coal":145},"minecraft:mined":{"minecraft:dark_oak_planks":2,"cotw:witherstoneore":3,"minecraft:blue_carpet":1,"spore:fungal_roots":22,"graveyard:tg_coarse_dirt":1,"minecraft:farmland":2,"spore:wall_growths":57,"spore:underwater_fungal_stem_top":1,"minecraft:brewing_stand":1,"minecraft:granite":15,"immersiveengineering:blastbrick":26,"minecraft:grass_block":10,"spore:fungal_stem":29,"minecraft:white_concrete":2,"minecraft:deepslate_bricks":1,"minecraft:polished_diorite":1,"minecraft:spawner":4,"immersiveengineering:deepslate_ore_uranium":9,"spore:mycelium_veins":1,"minecraft:tall_seagrass":2,"minecraft:iron_ore":30,"minecraft:sticky_piston":1,"minecraft:cobbled_deepslate":4,"immersiveengineering:deepslate_ore_silver":11,"minecraft:moss_carpet":5,"minecraft:black_carpet":1,"minecraft:deepslate_lapis_ore":5,"spore:growth_mycelium":47,"immersiveengineering:deepslate_ore_nickel":11,"minecraft:quartz_slab":1,"spore:zoaholic":1,"minecraft:iron_bars":4,"immersiveengineering:ore_lead":12,"minecraft:iron_block":1,"minecraft:gray_terracotta":5,"the_old_ai:scp_079_offline":1,"minecraft:quartz_block":18,"deep_dark_regrowth:sculk_ribs":2,"minecraft:red_bed":1,"minecraft:exposed_copper":4,"spore:vent_door":3,"minecraft:smoker":6,"spore:growths_big":34,"minecraft:clay":20,"minecraft:torch":6,"minecraft:cobblestone":23,"graveyard:skeleton_hand":1,"hexerei:polished_willow_planks":3,"minecraft:sugar_cane":10,"minecraft:oak_planks":1,"minecraft:iron_door":2,"minecraft:wall_torch":3,"minecraft:deepslate_copper_ore":2,"minecraft:seagrass":3,"immersiveengineering:cokebrick":1,"minecraft:wheat":2,"minecraft:light_gray_wool":2,"minecraft:black_bed":1,"minecraft:wither_rose":3,"minecraft:grass":12,"minecraft:oak_log":5,"minecraft:sand":7,"minecraft:dirt":18,"spore:hanging_fungal_stem":20,"minecraft:oak_leaves":6,"minecraft:deepslate":29,"spore:remains":6,"minecraft:redstone_lamp":1,"minecraft:deepslate_tiles":1,"spore:wall_growths_big":84,"minecraft:brown_concrete":2,"immersiveengineering:blast_furnace":1,"deep_dark_regrowth:sculk_soil":1,"minecraft:deepslate_diamond_ore":3,"born_in_chaos_v1:infected_diamond_ore":2,"minecraft:glow_lichen":3,"minecraft:decorated_pot":1,"born_in_chaos_v1:black_argillite":1,"hexerei:infused_fabric_carpet_dyed_gray":5,"minecraft:spruce_leaves":6,"immersiveengineering:ore_silver":24,"minecraft:moss_block":2,"spore:growths_small":37,"minecraft:sandstone":4,"minecraft:hay_block":20,"minecraft:redstone_ore":3,"minecraft:furnace":2,"graveyard:tg_moss_block":1,"hexerei:mugwort_bush":1,"spore:rotten_log":2,"spore:blomfung":42,"minecraft:green_terracotta":2,"minecraft:andesite":1,"treechop:chopped_log":11,"minecraft:peony":3,"minecraft:gold_block":1,"minecraft:polished_deepslate":1,"minecraft:deepslate_iron_ore":9,"regions_unexplored:apple_oak_leaves":2,"regions_unexplored:ash_vent":1,"regions_unexplored:medium_grass":2,"minecraft:stone":174,"minecraft:white_wool":1,"minecraft:green_wool":1,"hexerei:mandrake_flower":1,"minecraft:redstone_block":4,"minecraft:gray_concrete":2,"minecraft:glass_pane":2,"minecraft:soul_sand":7,"hexerei:witch_hazel_leaves":1,"minecraft:brown_carpet":1,"minecraft:crafting_table":5,"minecraft:emerald_ore":1,"regions_unexplored:volcanic_ash":1,"minecraft:rose_bush":2,"immersiveengineering:blastbrick_reinforced":2,"minecraft:copper_ore":65,"minecraft:tall_grass":8,"minecraft:deepslate_gold_ore":3,"minecraft:diorite":24,"supplementaries:urn":14,"minecraft:coarse_dirt":1,"spore:bloomfung2":105,"spore:incubator":1,"minecraft:white_carpet":2,"immersiveengineering:circuit_table":2,"minecraft:yellow_bed":1,"spore:fungal_stem_top":15,"minecraft:coal_ore":104,"minecraft:gravel":1,"minecraft:dripstone_block":4,"hexerei:witch_hazel_trapdoor":3,"minecraft:brown_terracotta":2,"hexerei:yellow_dock_bush":1,"hexerei:sage_crop":1,"minecraft:gold_ore":3,"minecraft:fern":4,"regions_unexplored:tassel":1},"minecraft:custom":{"minecraft:interact_with_crafting_table":81,"minecraft:leave_game":4,"minecraft:time_since_death":7489,"minecraft:sprint_one_cm":1113419,"minecraft:damage_blocked_by_shield":1185,"minecraft:drop":108,"minecraft:talked_to_villager":2,"minecraft:play_time":578816,"minecraft:deaths":30,"minecraft:jump":7883,"minecraft:walk_on_water_one_cm":50092,"minecraft:interact_with_furnace":29,"minecraft:interact_with_cartography_table":1,"minecraft:sleep_in_bed":2,"minecraft:damage_dealt":26867,"minecraft:crouch_one_cm":59541,"minecraft:interact_with_smoker":2,"minecraft:interact_with_anvil":1,"minecraft:mob_kills":144,"minecraft:damage_dealt_resisted":222,"minecraft:climb_one_cm":11831,"minecraft:walk_one_cm":1345358,"minecraft:sneak_time":26040,"minecraft:walk_under_water_one_cm":47019,"minecraft:boat_one_cm":2175,"minecraft:total_world_time":578816,"minecraft:time_since_rest":7638,"minecraft:damage_taken":22170,"minecraft:damage_absorbed":311,"minecraft:trigger_trapped_chest":1,"minecraft:swim_one_cm":54327,"minecraft:fly_one_cm":1967958,"minecraft:open_chest":288,"minecraft:fall_one_cm":232646}},"DataVersion":3120}