{"stats":{"minecraft:used":{"minecraft:moss_block":1,"minecraft:birch_planks":1,"minecraft:oak_planks":14,"minecraft:wooden_pickaxe":12,"minecraft:birch_boat":5,"minecraft:brown_concrete":2,"minecraft:rotten_flesh":6,"minecraft:torch":5,"minecraft:dirt":7,"minecraft:crafting_table":6,"minecraft:black_bed":1,"minecraft:gray_terracotta":10,"minecraft:brown_terracotta":1,"minecraft:wooden_axe":26,"minecraft:apple":3,"minecraft:bread":17,"minecraft:iron_pickaxe":74,"minecraft:golden_sword":21,"minecraft:cobblestone":2,"minecraft:furnace":1},"minecraft:killed_by":{"difficult_spawners:evil_spirit":1,"cataclysm:deepling_brute":3,"graveyard:ghoul":1,"minecraft:zombie":2,"graveyard:skeleton_creeper":2,"siren_head:siren_head":2},"minecraft:crafted":{"minecraft:oak_planks":24,"minecraft:crafting_table":5,"minecraft:birch_boat":3,"minecraft:wooden_pickaxe":3,"minecraft:birch_planks":80,"minecraft:stick":20,"minecraft:wooden_axe":4,"minecraft:gold_ingot":9,"minecraft:torch":16},"minecraft:killed":{"difficult_spawners:evil_spirit":3,"minecraft:zombie":2},"minecraft:dropped":{"minecraft:bread":42,"minecraft:soul_sand":2,"butchersdelight:dead_cow":2,"minecraft:music_disc_otherside":1,"minecraft:birch_sapling":1,"minecraft:soul_lantern":1,"minecraft:cobblestone":1,"minecraft:oak_planks":1,"minecraft:cobbled_deepslate_slab":1,"minecraft:stick":11,"minecraft:flint":1,"minecraft:deepslate_bricks":3,"aether:iron_gloves":1,"minecraft:stone_brick_wall":1,"minecraft:iron_leggings":1,"minecraft:wither_rose":3,"butchersdelight:deadpig":4,"immersiveengineering:seed":2,"minecraft:spruce_sapling":1,"tarotcards:the_empress":1},"minecraft:picked_up":{"minecraft:birch_log":57,"minecraft:crafting_table":4,"minecraft:black_bed":1,"minecraft:lead":1,"minecraft:stone_brick_wall":1,"minecraft:wither_rose":3,"minecraft:gold_block":1,"butchersdelight:deadpig":4,"minecraft:brown_concrete":2,"minecraft:golden_sword":1,"minecraft:dirt":11,"minecraft:leather_boots":1,"minecraft:bone":5,"minecraft:chipped_anvil":1,"butchersdelight:dead_cow":2,"graveyard:corruption":1,"minecraft:gray_terracotta":1,"immersiveengineering:raw_lead":9,"minecraft:wheat_seeds":1,"minecraft:cobbled_deepslate":2,"minecraft:cobbled_deepslate_slab":1,"minecraft:iron_pickaxe":1,"minecraft:moss_block":1,"minecraft:birch_sapling":21,"minecraft:soul_sand":2,"minecraft:furnace":1,"minecraft:stick":25,"minecraft:raw_iron":8,"minecraft:birch_boat":2,"minecraft:brown_terracotta":1,"minecraft:spruce_sapling":1,"minecraft:diorite":1,"minecraft:honey_bottle":4,"minecraft:rotten_flesh":9,"immersiveengineering:seed":4,"minecraft:soul_lantern":1,"minecraft:peony":2,"minecraft:deepslate_bricks":3,"minecraft:mangrove_roots":1,"ancient_manuscripts:ancient_manuscript":4,"minecraft:coal":39,"minecraft:cobblestone":12},"minecraft:mined":{"minecraft:gray_terracotta":5,"minecraft:brown_concrete":2,"graveyard:tg_coarse_dirt":1,"minecraft:soul_sand":7,"minecraft:crafting_table":4,"minecraft:grass_block":4,"minecraft:deepslate_bricks":1,"minecraft:tall_grass":3,"graveyard:skeleton_hand":1,"minecraft:spruce_leaves":1,"minecraft:moss_block":1,"minecraft:diorite":2,"minecraft:spawner":1,"minecraft:furnace":1,"graveyard:tg_moss_block":1,"minecraft:iron_ore":8,"minecraft:sticky_piston":1,"minecraft:cobbled_deepslate":2,"minecraft:green_terracotta":1,"minecraft:black_bed":1,"treechop:chopped_log":7,"minecraft:wither_rose":3,"minecraft:peony":3,"minecraft:gold_block":1,"minecraft:grass":10,"minecraft:coal_ore":23,"minecraft:quartz_slab":1,"minecraft:dripstone_block":1,"minecraft:dirt":7,"minecraft:brown_terracotta":2,"regions_unexplored:medium_grass":1,"immersiveengineering:ore_lead":12,"minecraft:stone":14,"minecraft:fern":2},"minecraft:custom":{"minecraft:interact_with_furnace":2,"minecraft:interact_with_anvil":1,"minecraft:mob_kills":6,"minecraft:interact_with_crafting_table":13,"minecraft:leave_game":2,"minecraft:time_since_death":45124,"minecraft:climb_one_cm":2670,"minecraft:time_since_rest":45151,"minecraft:sprint_one_cm":227924,"minecraft:damage_taken":4758,"minecraft:walk_one_cm":283121,"minecraft:trigger_trapped_chest":1,"minecraft:drop":37,"minecraft:damage_dealt":1081,"minecraft:swim_one_cm":25785,"minecraft:fly_one_cm":577732,"minecraft:open_chest":13,"minecraft:crouch_one_cm":2568,"minecraft:play_time":94642,"minecraft:deaths":12,"minecraft:sneak_time":979,"minecraft:walk_under_water_one_cm":4597,"minecraft:boat_one_cm":2175,"minecraft:jump":2586,"minecraft:walk_on_water_one_cm":13004,"minecraft:total_world_time":94642,"minecraft:fall_one_cm":70559}},"DataVersion":3120}