{"stats":{"minecraft:killed_by":{"difficult_spawners:evil_spirit":1,"graveyard:ghoul":1,"graveyard:skeleton_creeper":2,"siren_head:siren_head":2,"cataclysm:deepling_brute":3,"minecraft:zombie":2},"minecraft:killed":{"born_in_chaos_v1:mr_pumpkin":1,"minecraft:spider":1,"born_in_chaos_v1:maggot":1,"born_in_chaos_v1:bonescaller":1,"minecraft:zombie_villager":1,"difficult_spawners:evil_spirit":3,"minecraft:zombie":10},"minecraft:custom":{"minecraft:mob_kills":19,"minecraft:interact_with_anvil":1,"minecraft:interact_with_crafting_table":17,"minecraft:damage_dealt_resisted":202,"minecraft:leave_game":3,"minecraft:time_since_death":17673,"minecraft:climb_one_cm":3245,"minecraft:sprint_one_cm":338667,"minecraft:walk_one_cm":434222,"minecraft:drop":45,"minecraft:play_time":155219,"minecraft:deaths":13,"minecraft:sneak_time":5901,"minecraft:walk_under_water_one_cm":9613,"minecraft:boat_one_cm":2175,"minecraft:jump":3346,"minecraft:walk_on_water_one_cm":16629,"minecraft:total_world_time":155219,"minecraft:interact_with_furnace":2,"minecraft:sleep_in_bed":1,"minecraft:time_since_rest":16827,"minecraft:damage_taken":5892,"minecraft:trigger_trapped_chest":1,"minecraft:damage_dealt":3496,"minecraft:swim_one_cm":26368,"minecraft:fly_one_cm":714105,"minecraft:open_chest":17,"minecraft:crouch_one_cm":14897,"minecraft:fall_one_cm":89497},"minecraft:mined":{"minecraft:brown_concrete":2,"graveyard:tg_coarse_dirt":1,"born_in_chaos_v1:infected_diamond_ore":2,"minecraft:granite":15,"minecraft:grass_block":4,"born_in_chaos_v1:black_argillite":1,"minecraft:white_concrete":2,"minecraft:deepslate_bricks":1,"minecraft:polished_diorite":1,"hexerei:infused_fabric_carpet_dyed_gray":3,"minecraft:spruce_leaves":5,"minecraft:moss_block":1,"minecraft:spawner":1,"minecraft:redstone_ore":2,"minecraft:furnace":1,"graveyard:tg_moss_block":1,"minecraft:iron_ore":14,"minecraft:sticky_piston":1,"minecraft:cobbled_deepslate":2,"minecraft:andesite":1,"minecraft:green_terracotta":2,"minecraft:moss_carpet":4,"treechop:chopped_log":10,"minecraft:peony":3,"minecraft:gold_block":1,"minecraft:polished_deepslate":1,"minecraft:deepslate_iron_ore":1,"minecraft:iron_bars":2,"minecraft:quartz_slab":1,"regions_unexplored:medium_grass":1,"immersiveengineering:ore_lead":12,"minecraft:stone":132,"minecraft:gray_terracotta":5,"minecraft:redstone_block":4,"minecraft:soul_sand":7,"minecraft:crafting_table":4,"minecraft:tall_grass":3,"graveyard:skeleton_hand":1,"minecraft:deepslate_gold_ore":3,"minecraft:oak_planks":1,"minecraft:diorite":14,"minecraft:wall_torch":1,"supplementaries:urn":1,"minecraft:black_bed":1,"minecraft:wither_rose":3,"minecraft:grass":11,"minecraft:oak_log":5,"minecraft:coal_ore":92,"minecraft:dripstone_block":1,"minecraft:dirt":9,"minecraft:brown_terracotta":2,"minecraft:oak_leaves":6,"minecraft:deepslate":1,"minecraft:fern":2},"minecraft:crafted":{"minecraft:oak_planks":84,"minecraft:birch_boat":3,"minecraft:oak_fence":9,"minecraft:crafting_table":6,"minecraft:wooden_pickaxe":3,"minecraft:birch_planks":80,"minecraft:stick":44,"minecraft:wooden_axe":4,"minecraft:gold_ingot":9,"minecraft:torch":112},"minecraft:picked_up":{"minecraft:crafting_table":4,"minecraft:redstone_block":4,"minecraft:lead":1,"minecraft:stone_brick_wall":1,"minecraft:gold_block":1,"minecraft:wither_rose":3,"minecraft:golden_sword":1,"born_in_chaos_v1:black_argillite":1,"minecraft:polished_deepslate":1,"minecraft:string":3,"minecraft:moss_carpet":4,"butchersdelight:dead_cow":2,"hexerei:infused_fabric_carpet_dyed_gray":3,"graveyard:corruption":1,"immersiveengineering:raw_lead":9,"minecraft:cobbled_deepslate":3,"minecraft:iron_pickaxe":1,"minecraft:birch_sapling":21,"minecraft:furnace":1,"minecraft:stick":41,"minecraft:raw_iron":15,"minecraft:brown_terracotta":1,"minecraft:torch":2,"minecraft:diorite":13,"minecraft:redstone":10,"minecraft:green_terracotta":1,"hexerei:witch_hazel_slab":2,"minecraft:honey_bottle":4,"minecraft:rotten_flesh":21,"minecraft:peony":2,"minecraft:deepslate_bricks":3,"minecraft:mangrove_roots":1,"minecraft:iron_bars":2,"minecraft:cobblestone":130,"minecraft:birch_log":57,"born_in_chaos_v1:corpse_maggot":1,"minecraft:andesite":1,"minecraft:black_bed":1,"minecraft:potato":1,"butchersdelight:deadpig":4,"minecraft:brown_concrete":2,"minecraft:oak_log":28,"supplementaries:flax_seeds":3,"minecraft:dirt":28,"minecraft:leather_boots":1,"minecraft:bone":5,"minecraft:chipped_anvil":1,"boh:kindness_flower":1,"minecraft:gray_terracotta":1,"minecraft:wheat_seeds":3,"minecraft:raw_gold":3,"minecraft:cobbled_deepslate_slab":1,"minecraft:moss_block":1,"minecraft:oak_planks":1,"minecraft:soul_sand":2,"minecraft:birch_boat":2,"minecraft:spruce_sapling":2,"minecraft:spider_eye":1,"immersiveengineering:seed":4,"minecraft:polished_diorite":1,"minecraft:soul_lantern":1,"minecraft:granite":15,"minecraft:white_concrete":2,"ancient_manuscripts:ancient_manuscript":4,"minecraft:oak_sapling":21,"minecraft:coal":107},"minecraft:dropped":{"minecraft:bread":42,"boh:kindness_flower":1,"minecraft:soul_sand":2,"butchersdelight:dead_cow":2,"minecraft:wheat_seeds":2,"minecraft:cobblestone":2,"minecraft:stick":11,"minecraft:flint":1,"minecraft:iron_leggings":1,"minecraft:wither_rose":3,"butchersdelight:deadpig":4,"minecraft:spruce_sapling":1,"tarotcards:the_empress":1,"minecraft:moss_carpet":2,"minecraft:green_terracotta":1,"minecraft:music_disc_otherside":1,"minecraft:birch_sapling":1,"minecraft:soul_lantern":1,"minecraft:oak_planks":1,"minecraft:cobbled_deepslate_slab":1,"minecraft:deepslate_bricks":3,"aether:iron_gloves":1,"minecraft:stone_brick_wall":1,"minecraft:oak_sapling":7,"immersiveengineering:seed":2},"minecraft:used":{"minecraft:oak_fence":6,"minecraft:moss_block":1,"minecraft:moss_carpet":1,"minecraft:brown_concrete":2,"minecraft:iron_sword":26,"minecraft:rotten_flesh":6,"minecraft:green_terracotta":1,"minecraft:torch":60,"minecraft:dirt":29,"hexerei:infused_fabric_carpet_dyed_gray":3,"minecraft:milk_bucket":1,"minecraft:brown_terracotta":1,"minecraft:wooden_axe":26,"hexerei:witch_hazel_slab":2,"minecraft:golden_sword":49,"minecraft:furnace":1,"minecraft:diorite":1,"minecraft:birch_planks":1,"minecraft:oak_planks":38,"minecraft:wooden_pickaxe":12,"minecraft:birch_boat":5,"minecraft:crafting_table":7,"minecraft:black_bed":2,"minecraft:gray_terracotta":10,"minecraft:apple":3,"minecraft:bread":36,"minecraft:iron_pickaxe":321,"minecraft:cobblestone":55},"minecraft:broken":{"minecraft:golden_sword":1,"minecraft:iron_pickaxe":1}},"DataVersion":3120}