{"stats":{"minecraft:picked_up":{"minecraft:bone":4,"immersiveengineering:seed":1,"minecraft:wheat_seeds":1,"minecraft:peony":1,"minecraft:carved_pumpkin":1},"minecraft:mined":{"minecraft:large_fern":1,"minecraft:grass":1,"graveyard:leaning_skeleton":1,"minecraft:tall_grass":1,"minecraft:birch_leaves":1,"minecraft:carved_pumpkin":1,"minecraft:peony":1},"minecraft:custom":{"minecraft:time_since_rest":1299,"minecraft:deaths":3,"minecraft:play_time":12004,"minecraft:sprint_one_cm":13982,"minecraft:damage_taken":800,"minecraft:walk_one_cm":23798,"minecraft:sneak_time":50,"minecraft:walk_under_water_one_cm":768,"minecraft:jump":54,"minecraft:interact_with_grindstone":5,"minecraft:damage_dealt":62,"minecraft:leave_game":1,"minecraft:walk_on_water_one_cm":1027,"minecraft:time_since_death":0,"minecraft:total_world_time":12004,"minecraft:swim_one_cm":5778,"minecraft:fly_one_cm":9786,"minecraft:fall_one_cm":836},"minecraft:killed_by":{"cataclysm:deepling_brute":2}},"DataVersion":3120}