{"stats":{"minecraft:killed":{"minecraft:cave_spider":1,"irons_spellbooks:summoned_zombie":2,"minecraft:spider":10,"minecraft:slime":16,"quark:forgotten":1,"minecraft:skeleton":11,"eidolon:wraith":4,"minecraft:chicken":7,"minecraft:silverfish":1,"eidolon:slimy_slug":1,"thermal:blitz":1,"minecraft:husk":5,"minecraft:pig":5,"ars_nouveau:starbuncle":1,"minecraft:wandering_trader":1,"minecraft:sheep":1,"minecraft:trader_llama":2,"evilcraft:poisonous_libelle":1,"minecraft:zombie":29,"ars_nouveau:whirlisprig":1,"naturalist:sparrow":4},"minecraft:picked_up":{"minecraft:iron_chestplate":1,"minecraft:crafting_table":2,"minecraft:chicken":7,"croptopia:peach":1,"minecraft:turtle_helmet":1,"minecraft:brown_bed":2,"minecraft:gold_block":1,"minecraft:wither_rose":1,"minecraft:enchanted_book":2,"enderio:broken_spawner":2,"railcraft:lead_raw":3,"sushigocrafting:soy_seeds":3,"forbidden_arcanus:xpetrified_orb":1,"silentgear:sinew":1,"minecraft:string":2,"minecraft:iron_axe":1,"integrateddynamics:menril_log":3,"evilcraft:poison_sac":1,"minecraft:beetroot_soup":1,"artifacts:fire_gauntlet":1,"mysticalagriculture:inferium_essence":12,"reliquary:zombie_heart":1,"delightful:acorn":2,"minecraft:spruce_planks":2,"minecraft:sugar_cane":10,"minecraft:coal_block":4,"thermal:spinach_seeds":1,"minecraft:egg":3,"minecraft:iron_boots":1,"minecraft:furnace":4,"minecraft:tipped_arrow":3,"minecraft:stick":6,"apotheosis:gem":5,"alltheores:raw_zinc":1,"minecraft:torch":5,"minecraft:porkchop":13,"tombstone:grave_dust":1,"minecraft:rotten_flesh":52,"alltheores:raw_osmium_block":4,"thermal:corn_seeds":1,"thermal:radish_seeds":1,"tombstone:essence_of_undeath":1,"supplementaries:ash":15,"reliquary:mob_charm_fragment":1,"ars_nouveau:sourceberry_bush":18,"alltheores:raw_osmium":48,"mekanism:ingot_osmium":6,"minecraft:mutton":2,"twigs:tangerine_seashell":1,"forbidden_arcanus:spawner_scrap":4,"minecraft:rail":6,"minecraft:white_wool":1,"minecraft:cobblestone":338,"occultism:datura_seeds":7,"minecraft:feather":7,"sushigocrafting:rice_seeds":1,"minecraft:glow_ink_sac":1,"eidolon:raw_silver":1,"integrateddynamics:crystalized_menril_chunk":3,"integrateddynamics:on_the_dynamics_of_integration":3,"croptopia:glowing_calamari":3,"minecraft:potato":2,"biomesoplenty:fir_log":8,"paraglider:spirit_orb":8,"minecraft:tuff":4,"create:raw_zinc":55,"minecraft:oak_log":16,"supplementaries:flax_seeds":1,"minecraft:yellow_bed":1,"botania:red_mushroom":1,"minecraft:dirt":95,"minecraft:white_banner":1,"tombstone:gift":2,"bhc:red_heart":2,"alltheores:raw_zinc_block":1,"minecraft:bone":15,"minecraft:wheat_seeds":12,"thermal:tomato_seeds":1,"everythingcopper:copper_helmet":1,"minecraft:bamboo":11,"minecraft:oak_planks":60,"minecraft:iron_sword":2,"thermal:blitz_rod":1,"minecraft:cooked_porkchop":10,"minecraft:dandelion":1,"sushigocrafting:cucumber_seeds":8,"minecraft:gravel":1,"ars_elemental:yellow_archwood_log":20,"railcraft:silver_raw":1,"minecraft:dark_prismarine":2,"thermal:rice_seeds":1,"minecraft:slime_ball":12,"immersiveengineering:seed":12,"minecraft:soul_lantern":1,"railcraft:nickel_raw":1,"minecraft:iron_helmet":2,"croptopia:orange":20,"thermal:eggplant_seeds":1,"alltheores:raw_silver":2,"minecraft:chainmail_helmet":2,"minecraft:bread":19,"deepresonance:resonating_crystal_natural":2,"tombstone:magic_scroll":2,"minecraft:oak_sapling":3,"thermal:amaranth_seeds":1,"minecraft:coal":31,"alltheores:raw_silver_block":2,"minecraft:sunflower":21},"minecraft:dropped":{"minecraft:enchanted_book":1,"minecraft:bread":19,"minecraft:iron_sword":2,"occultism:datura_seeds":1,"minecraft:wheat_seeds":1,"minecraft:glow_ink_sac":1,"minecraft:cooked_porkchop":10,"alltheores:raw_zinc":1,"minecraft:iron_helmet":2,"minecraft:cobblestone":274,"thermal:corn_seeds":1,"pneumaticcraft:compressed_iron_leggings":1,"botania:red_mushroom":1,"eidolon:raw_silver":1,"silentgear:sinew":1,"minecraft:chainmail_helmet":1,"minecraft:rail":6,"silentgear:blueprint_package":1,"minecraft:coal_block":4,"paraglider:spirit_orb":4,"minecraft:dirt":18,"integrateddynamics:menril_planks":8,"tombstone:magic_scroll":1,"integrateddynamics:crystalized_menril_chunk":3,"tombstone:grave_dust":1,"minecraft:sunflower":10,"thermal:radish_seeds":1,"sushigocrafting:soy_seeds":1,"croptopia:glowing_calamari":2,"alltheores:raw_silver_block":2,"sushigocrafting:cucumber_seeds":6,"minecraft:bowl":1,"minecraft:tuff":4,"minecraft:soul_lantern":1,"minecraft:rotten_flesh":52,"minecraft:oak_planks":51,"minecraft:iron_boots":2,"patchouli:guide_book":1,"twigs:tangerine_seashell":1,"supplementaries:flax_seeds":1,"supplementaries:ash":1,"supplementaries:quiver":1,"minecraft:tipped_arrow":3,"biomesoplenty:fir_planks":30,"everythingcopper:copper_helmet":1,"minecraft:iron_chestplate":1,"mysticalagriculture:inferium_essence":4,"apotheosis:gem":1,"minecraft:oak_sapling":3,"minecraft:brown_bed":1,"integrateddynamics:on_the_dynamics_of_integration":2,"minecraft:wooden_pickaxe":1,"minecraft:stone_pickaxe":1,"minecraft:dark_prismarine":2,"immersiveengineering:seed":2},"minecraft:custom":{"minecraft:interact_with_smithing_table":1,"lootr:looted_stat":33,"minecraft:mob_kills":108,"minecraft:interact_with_crafting_table":21,"minecraft:open_barrel":5,"minecraft:damage_dealt_resisted":0,"minecraft:eat_cake_slice":2,"minecraft:leave_game":12,"minecraft:time_since_death":138125,"minecraft:climb_one_cm":15308,"minecraft:damage_resisted":16,"minecraft:sprint_one_cm":642777,"minecraft:walk_one_cm":399895,"minecraft:damage_blocked_by_shield":3776,"minecraft:drop":93,"minecraft:talked_to_villager":2,"minecraft:play_time":284025,"minecraft:sneak_time":2701,"minecraft:deaths":2,"minecraft:walk_under_water_one_cm":18784,"minecraft:boat_one_cm":40,"minecraft:interact_with_lectern":1,"minecraft:jump":6328,"minecraft:interact_with_blast_furnace":3,"minecraft:total_world_time":284025,"minecraft:walk_on_water_one_cm":25238,"minecraft:interact_with_furnace":57,"minecraft:sleep_in_bed":7,"minecraft:time_since_rest":25296,"minecraft:waystone_activated":3,"minecraft:damage_taken":3882,"minecraft:damage_dealt":14933,"minecraft:swim_one_cm":177541,"minecraft:fly_one_cm":1315792,"minecraft:open_chest":48,"minecraft:crouch_one_cm":7436,"tombstone:undead_killed":52,"tombstone:villager_killed":1,"minecraft:fall_one_cm":212570},"minecraft:killed_by":{"minecraft:zombie":2},"minecraft:broken":{"minecraft:wooden_shovel":1,"minecraft:stone_sword":1,"minecraft:shield":1},"minecraft:crafted":{"minecraft:oak_planks":41,"mekanism:ingot_osmium":36,"minecraft:cooked_chicken":5,"mekanismtools:osmium_chestplate":1,"minecraft:furnace":1,"integrateddynamics:menril_planks":3,"minecraft:cooked_mutton":2,"mekanism:raw_osmium":4,"minecraft:stone_pickaxe":2,"mekanismtools:osmium_boots":1,"mekanismtools:osmium_helmet":1,"minecraft:wheat":12,"minecraft:wooden_shovel":1,"minecraft:cooked_porkchop":13,"minecraft:crafting_table":4,"minecraft:wooden_pickaxe":1,"mekanismtools:osmium_leggings":1,"minecraft:stone_axe":1,"minecraft:bread":36,"minecraft:air":405,"biomesoplenty:fir_planks":8,"minecraft:oak_boat":1,"minecraft:shield":1,"constructionwand:stone_wand":2,"minecraft:stick":24,"quark:oak_chest":3,"create:raw_zinc":1,"minecraft:stone_sword":2,"minecraft:torch":7,"create:zinc_ingot":48},"minecraft:used":{"minecraft:stone_sword":147,"minecraft:spruce_planks":2,"minecraft:shield":37,"minecraft:stone":17,"minecraft:iron_sword":86,"minecraft:wooden_shovel":67,"minecraft:cooked_chicken":5,"minecraft:torch":7,"minecraft:dirt":71,"minecraft:iron_axe":32,"everythingcopper:copper_sword":49,"minecraft:furnace":4,"ars_nouveau:sourceberry_bush":21,"tombstone:gift":4,"minecraft:egg":3,"minecraft:beetroot_soup":1,"minecraft:cooked_mutton":2,"minecraft:stone_pickaxe":129,"minecraft:baked_potato":3,"minecraft:wooden_pickaxe":3,"minecraft:chainmail_helmet":1,"minecraft:crafting_table":6,"croptopia:orange":20,"minecolonies:supplychestdeployer":1,"minecraft:chicken":2,"minecraft:bread":34,"minecraft:string":2,"minecraft:iron_pickaxe":239,"minecraft:gravel":1,"minecraft:stone_axe":40,"minecraft:cobblestone":157,"minecraft:cooked_porkchop":13,"quark:oak_chest":3,"minecraft:yellow_bed":1,"minecraft:oak_boat":1},"minecraft:mined":{"biomesoplenty:mossy_black_sand":1,"create:zinc_ore":32,"minecraft:dark_prismarine":2,"create:deepslate_zinc_ore":23,"railcraft:nickel_ore":1,"minecraft:tuff":1,"eidolon:deep_silver_ore":1,"croptopia:orange_crop":1,"alltheores:zinc_ore":1,"alltheores:osmium_ore":44,"botania:red_mushroom":1,"minecraft:red_nether_bricks":2,"minecraft:spruce_trapdoor":1,"minecraft:grass_block":49,"gtceu:coal_ore":1,"alltheores:deepslate_silver_ore":2,"minecraft:coal_block":2,"ars_nouveau:sourceberry_bush":1,"minecraft:spawner":6,"croptopia:ginger_crop":1,"minecraft:furnace":4,"deepresonance:resonating_crystal_natural":2,"minecraft:gold_block":1,"minecraft:brown_bed":1,"minecraft:cobblestone_slab":1,"biomesoplenty:barley":83,"minecraft:bamboo":1,"minecraft:stone":120,"caupona:fig_log":2,"alltheores:raw_zinc_block":1,"railcraft:deepslate_lead_ore":3,"twigs:pebble":1,"minecraft:dandelion":1,"alltheores:raw_osmium_block":4,"minecraft:crafting_table":2,"minecraft:torch":4,"minecraft:stone_slab":1,"minecraft:tall_grass":34,"minecraft:cobblestone":32,"railcraft:tin_ore":1,"minecraft:sugar_cane":1,"ars_elemental:yellow_archwood_log":20,"minecraft:wall_torch":1,"supplementaries:urn":3,"croptopia:zucchini_crop":1,"alltheores:deepslate_osmium_ore":3,"forbidden_arcanus:xpetrified_ore":1,"railcraft:deepslate_silver_ore":1,"integrateddynamics:menril_log_filled":3,"biomesoplenty:fir_log":8,"minecraft:wither_rose":1,"minecraft:yellow_bed":1,"minecraft:grass":138,"minecraft:coal_ore":32,"minecraft:oak_log":16,"alltheores:raw_silver_block":2,"minecraft:gravel":1,"minecraft:dirt":16,"minecraft:sand":8,"minecraft:sunflower":38,"twigs:rhyolite":1,"minecraft:oak_leaves":2,"minecraft:deepslate":38,"minecraft:fern":3}},"DataVersion":3465}