{"stats":{"minecraft:killed":{"minecraft:cave_spider":1,"minecraft:spider":10,"quark:forgotten":1,"minecraft:skeleton":12,"minecraft:chicken":7,"minecraft:silverfish":1,"eidolon:slimy_slug":1,"thermal:blitz":1,"minecraft:pig":5,"minecraft:sheep":1,"minecraft:trader_llama":2,"minecraft:zombie":31,"irons_spellbooks:summoned_zombie":2,"minecraft:slime":16,"eidolon:wraith":4,"minecraft:husk":5,"ars_nouveau:starbuncle":1,"minecraft:wandering_trader":1,"evilcraft:poisonous_libelle":1,"ars_nouveau:whirlisprig":1,"naturalist:sparrow":4},"minecraft:dropped":{"minecraft:iron_sword":2,"occultism:datura_seeds":1,"minecraft:glow_ink_sac":1,"minecraft:crafting_table":1,"minecraft:cooked_porkchop":10,"alltheores:raw_zinc":1,"thermal:corn_seeds":1,"botania:red_mushroom":1,"eidolon:raw_silver":1,"minecraft:rail":6,"silentgear:blueprint_package":1,"paraglider:spirit_orb":4,"minecraft:dirt":18,"integrateddynamics:menril_planks":8,"minecraft:sunflower":10,"sushigocrafting:soy_seeds":1,"minecraft:soul_lantern":1,"minecraft:rotten_flesh":52,"minecraft:oak_planks":55,"patchouli:guide_book":1,"supplementaries:flax_seeds":1,"supplementaries:ash":7,"minecraft:tipped_arrow":6,"mysticalagriculture:inferium_essence":4,"apotheosis:gem":1,"minecraft:basalt":9,"immersiveengineering:seed":2,"minecraft:enchanted_book":1,"minecraft:bread":19,"minecraft:wheat_seeds":106,"minecraft:iron_helmet":2,"minecraft:cobblestone":274,"pneumaticcraft:compressed_iron_leggings":1,"minecraft:chainmail_helmet":1,"silentgear:sinew":1,"minecraft:coal_block":4,"minecraft:stick":1,"ars_nouveau:worn_notebook":1,"tombstone:magic_scroll":1,"integrateddynamics:crystalized_menril_chunk":3,"tombstone:grave_dust":1,"minecraft:white_banner":1,"thermal:radish_seeds":1,"minecraft:bucket":1,"croptopia:glowing_calamari":2,"alltheores:raw_silver_block":2,"sushigocrafting:cucumber_seeds":6,"minecraft:bowl":1,"minecraft:tuff":4,"minecraft:iron_boots":2,"twigs:tangerine_seashell":1,"supplementaries:quiver":1,"minecraft:stone":244,"biomesoplenty:fir_planks":30,"everythingcopper:copper_helmet":1,"minecraft:iron_chestplate":1,"minecraft:oak_sapling":3,"minecraft:brown_bed":1,"minecraft:bamboo":36,"integrateddynamics:on_the_dynamics_of_integration":2,"minecraft:stone_pickaxe":1,"minecraft:wooden_pickaxe":1,"minecraft:dark_prismarine":2},"minecraft:custom":{"lootr:looted_stat":39,"minecraft:interact_with_crafting_table":21,"minecraft:open_barrel":5,"minecraft:eat_cake_slice":2,"minecraft:leave_game":12,"minecraft:time_since_death":162125,"minecraft:damage_resisted":16,"minecraft:sprint_one_cm":724391,"minecraft:damage_blocked_by_shield":3786,"minecraft:drop":116,"minecraft:talked_to_villager":2,"minecraft:play_time":308025,"minecraft:deaths":2,"minecraft:jump":7096,"minecraft:walk_on_water_one_cm":28764,"minecraft:interact_with_furnace":76,"minecraft:sleep_in_bed":7,"minecraft:waystone_activated":5,"minecraft:damage_dealt":15550,"minecraft:crouch_one_cm":8166,"tombstone:undead_killed":55,"tombstone:villager_killed":1,"minecraft:interact_with_smithing_table":1,"minecraft:mob_kills":113,"minecraft:inspect_hopper":1,"minecraft:damage_dealt_resisted":0,"minecraft:climb_one_cm":15308,"minecraft:walk_one_cm":440105,"minecraft:sneak_time":3011,"minecraft:walk_under_water_one_cm":20240,"minecraft:boat_one_cm":40,"minecraft:interact_with_lectern":1,"minecraft:interact_with_blast_furnace":4,"minecraft:total_world_time":308025,"minecraft:time_since_rest":49296,"minecraft:damage_taken":4294,"tombstone:cast_on_ally":1,"minecraft:swim_one_cm":180605,"minecraft:fly_one_cm":1457720,"minecraft:open_chest":48,"minecraft:fall_one_cm":236943},"minecraft:picked_up":{"minecraft:wheat":39,"minecraft:iron_chestplate":1,"minecraft:brown_bed":2,"minecraft:wither_rose":1,"minecraft:enchanted_book":2,"minecraft:string":2,"forbidden_arcanus:xpetrified_orb":1,"silentgear:sinew":1,"integrateddynamics:menril_log":3,"minecraft:beetroot_soup":1,"mysticalagriculture:inferium_essence":12,"reliquary:zombie_heart":1,"minecraft:spruce_planks":2,"delightful:acorn":2,"minecraft:coal_block":4,"thermal:spinach_seeds":1,"minecraft:furnace":4,"minecraft:iron_boots":1,"minecraft:tipped_arrow":3,"minecraft:stick":7,"apotheosis:gem":5,"minecraft:torch":5,"minecraft:porkchop":13,"tombstone:grave_dust":2,"minecraft:rotten_flesh":52,"thermal:corn_seeds":1,"thermal:radish_seeds":1,"mekanism:ingot_osmium":6,"reliquary:mob_charm_fragment":1,"ars_nouveau:sourceberry_bush":18,"supplementaries:ash":17,"twigs:tangerine_seashell":1,"minecraft:cobblestone":346,"occultism:datura_seeds":7,"minecraft:feather":7,"eidolon:raw_silver":1,"integrateddynamics:crystalized_menril_chunk":3,"minecraft:potato":2,"biomesoplenty:fir_log":8,"paraglider:spirit_orb":8,"minecraft:tuff":4,"create:raw_zinc":55,"supplementaries:flax_seeds":1,"minecraft:dirt":95,"bhc:red_heart":2,"minecraft:bone":17,"minecraft:wheat_seeds":117,"everythingcopper:copper_helmet":1,"minecraft:bamboo":47,"minecraft:oak_planks":64,"minecraft:cooked_porkchop":10,"ars_elemental:yellow_archwood_log":20,"railcraft:silver_raw":1,"minecraft:dark_prismarine":2,"minecraft:soul_lantern":1,"thermal:eggplant_seeds":1,"minecraft:bread":19,"minecraft:chainmail_helmet":2,"minecraft:oak_sapling":3,"minecraft:crafting_table":3,"productivebees:slimy_nest":1,"minecraft:chicken":7,"croptopia:peach":1,"minecraft:turtle_helmet":1,"minecraft:gold_block":1,"enderio:broken_spawner":2,"railcraft:lead_raw":3,"sushigocrafting:soy_seeds":3,"minecraft:iron_axe":1,"evilcraft:poison_sac":1,"artifacts:fire_gauntlet":1,"minecraft:sugar_cane":10,"minecraft:egg":3,"minecraft:stone":244,"alltheores:raw_zinc":1,"alltheores:raw_osmium_block":4,"tombstone:essence_of_undeath":1,"alltheores:raw_osmium":48,"minecraft:white_wool":1,"minecraft:mutton":2,"minecraft:rail":6,"forbidden_arcanus:spawner_scrap":4,"minecraft:basalt":9,"sushigocrafting:rice_seeds":1,"minecraft:glow_ink_sac":1,"integrateddynamics:on_the_dynamics_of_integration":3,"croptopia:glowing_calamari":3,"minecraft:oak_log":16,"minecraft:yellow_bed":1,"botania:red_mushroom":1,"tombstone:gift":3,"minecraft:white_banner":3,"alltheores:raw_zinc_block":1,"thermal:tomato_seeds":1,"minecraft:iron_sword":2,"thermal:blitz_rod":1,"sushigocrafting:cucumber_seeds":8,"minecraft:dandelion":1,"minecraft:raw_iron_block":1,"minecraft:gravel":1,"thermal:rice_seeds":1,"minecraft:slime_ball":12,"immersiveengineering:seed":12,"railcraft:nickel_raw":1,"croptopia:orange":20,"minecraft:iron_helmet":2,"alltheores:raw_silver":2,"deepresonance:resonating_crystal_natural":2,"tombstone:magic_scroll":2,"thermal:amaranth_seeds":1,"alltheores:raw_silver_block":2,"minecraft:coal":31,"minecraft:hopper":1,"minecraft:sunflower":21},"minecraft:killed_by":{"minecraft:zombie":2},"minecraft:broken":{"minecraft:wooden_shovel":1,"minecraft:stone_sword":1,"minecraft:shield":1},"minecraft:used":{"minecraft:shield":38,"minecraft:stone":26,"minecraft:iron_sword":104,"minecraft:carrot":23,"minecraft:lava_bucket":1,"minecraft:furnace":5,"ars_nouveau:sourceberry_bush":21,"minecraft:egg":3,"minecraft:stone_pickaxe":129,"minecraft:wooden_pickaxe":3,"minecraft:chainmail_helmet":1,"croptopia:orange":20,"minecraft:bread":39,"minecraft:string":2,"minecraft:gravel":1,"croptopia:toast":1,"minecraft:oak_boat":1,"minecraft:stone_sword":147,"minecraft:spruce_planks":2,"minecraft:wooden_shovel":67,"minecraft:cooked_chicken":5,"minecraft:torch":7,"minecraft:dirt":71,"minecraft:iron_axe":34,"everythingcopper:copper_sword":49,"tombstone:gift":6,"minecraft:beetroot_soup":1,"minecraft:cooked_mutton":2,"minecraft:water_bucket":8,"minecraft:baked_potato":3,"minecraft:crafting_table":6,"minecolonies:supplychestdeployer":1,"minecraft:chicken":2,"minecraft:iron_pickaxe":262,"minecraft:stone_axe":40,"minecraft:cobblestone":157,"minecraft:cooked_porkchop":13,"minecraft:bucket":10,"minecraft:yellow_bed":1,"quark:oak_chest":3},"minecraft:crafted":{"minecraft:oak_planks":45,"mekanism:ingot_osmium":36,"minecraft:cooked_chicken":5,"mekanismtools:osmium_chestplate":1,"croptopia:toast":54,"minecraft:cooked_mutton":2,"mekanism:raw_osmium":4,"mekanismtools:osmium_boots":1,"minecraft:wooden_shovel":1,"minecraft:cooked_porkchop":13,"minecraft:crafting_table":5,"minecraft:wooden_pickaxe":1,"mekanismtools:osmium_leggings":1,"biomesoplenty:fir_planks":8,"minecraft:shield":2,"constructionwand:stone_wand":2,"minecraft:stick":25,"quark:oak_chest":3,"minecraft:stone_sword":2,"minecraft:furnace":2,"integrateddynamics:menril_planks":3,"minecraft:stone_pickaxe":2,"mekanismtools:osmium_helmet":1,"minecraft:wheat":12,"crafting_on_a_stick:crafting_table":1,"minecraft:stone_axe":1,"minecraft:bread":49,"minecraft:air":418,"minecraft:oak_boat":1,"create:raw_zinc":1,"minecraft:torch":7,"create:zinc_ingot":48},"minecraft:mined":{"railcraft:nickel_ore":1,"biomesoplenty:mossy_black_sand":1,"create:deepslate_zinc_ore":23,"minecraft:red_nether_bricks":2,"minecraft:spruce_trapdoor":1,"minecraft:grass_block":49,"gtceu:coal_ore":1,"productivebees:slimy_nest":1,"minecraft:coal_block":2,"ars_nouveau:sourceberry_bush":1,"minecraft:hopper":2,"minecraft:spawner":6,"minecraft:raw_iron_block":1,"minecraft:fire":4,"minecraft:brown_bed":1,"biomesoplenty:webbing":1,"alltheores:raw_osmium_block":4,"minecraft:torch":4,"minecraft:cobblestone":32,"railcraft:tin_ore":1,"minecraft:sugar_cane":1,"minecraft:wall_torch":1,"croptopia:zucchini_crop":1,"alltheores:deepslate_osmium_ore":3,"minecraft:wheat":41,"integrateddynamics:menril_log_filled":3,"biomesoplenty:fir_log":8,"minecraft:wither_rose":1,"minecraft:grass":138,"minecraft:oak_log":16,"alltheores:raw_silver_block":2,"minecraft:sand":8,"minecraft:dirt":16,"minecraft:smooth_basalt":2,"twigs:rhyolite":1,"minecraft:oak_leaves":2,"minecraft:deepslate":38,"create:zinc_ore":32,"minecraft:dark_prismarine":2,"minecraft:tuff":1,"eidolon:deep_silver_ore":1,"alltheores:zinc_ore":1,"croptopia:orange_crop":1,"alltheores:osmium_ore":44,"botania:red_mushroom":1,"alltheores:deepslate_silver_ore":2,"croptopia:ginger_crop":1,"minecraft:packed_mud":1,"minecraft:furnace":4,"deepresonance:resonating_crystal_natural":2,"minecraft:gold_block":1,"minecraft:cobblestone_slab":1,"biomesoplenty:barley":83,"minecraft:bamboo":1,"minecraft:stone":128,"caupona:fig_log":2,"alltheores:raw_zinc_block":1,"railcraft:deepslate_lead_ore":3,"twigs:pebble":1,"minecraft:basalt":9,"minecraft:dandelion":1,"minecraft:crafting_table":2,"minecraft:stone_slab":1,"minecraft:tall_grass":34,"ars_elemental:yellow_archwood_log":20,"supplementaries:urn":3,"forbidden_arcanus:xpetrified_ore":1,"railcraft:deepslate_silver_ore":1,"minecraft:white_wall_banner":1,"minecraft:yellow_bed":1,"minecraft:coal_ore":32,"minecraft:sunflower":38,"minecraft:gravel":1,"minecraft:fern":3}},"DataVersion":3465}