{"stats":{"minecraft:crafted":{"minecraft:oak_planks":19,"minecraft:cooked_porkchop":13,"minecraft:crafting_table":2,"minecraft:cooked_chicken":5,"minecraft:wooden_pickaxe":1,"minecraft:furnace":1,"minecraft:stone_axe":1,"minecraft:cooked_mutton":2,"minecraft:air":128,"biomesoplenty:fir_planks":8,"quark:oak_chest":2,"minecraft:stick":16,"minecraft:stone_pickaxe":2,"minecraft:stone_sword":2,"minecraft:torch":7},"minecraft:broken":{"minecraft:stone_sword":1},"minecraft:killed_by":{"minecraft:zombie":1},"minecraft:mined":{"minecraft:tuff":1,"twigs:pebble":1,"croptopia:orange_crop":1,"minecraft:dandelion":1,"minecraft:crafting_table":2,"minecraft:torch":4,"gtceu:coal_ore":1,"minecraft:tall_grass":23,"minecraft:cobblestone":16,"ars_nouveau:sourceberry_bush":1,"ars_elemental:yellow_archwood_log":20,"minecraft:wall_torch":1,"minecraft:spawner":1,"minecraft:furnace":3,"railcraft:deepslate_silver_ore":1,"biomesoplenty:fir_log":8,"minecraft:grass":69,"minecraft:oak_log":16,"minecraft:sunflower":11,"minecraft:gravel":1,"twigs:rhyolite":1,"minecraft:stone":108,"minecraft:oak_leaves":2,"minecraft:fern":2,"caupona:fig_log":2},"minecraft:used":{"minecraft:stone_sword":147,"minecraft:stone_pickaxe":129,"minecraft:spruce_planks":2,"minecraft:wooden_pickaxe":3,"minecraft:cooked_chicken":2,"minecraft:torch":7,"minecraft:dirt":6,"minecraft:crafting_table":4,"croptopia:orange":6,"minecraft:chicken":2,"minecraft:iron_axe":27,"minecraft:string":2,"minecraft:gravel":1,"minecraft:stone_axe":40,"minecraft:cobblestone":34,"everythingcopper:copper_sword":5,"ars_nouveau:sourceberry_bush":21,"minecraft:furnace":3,"minecraft:cooked_porkchop":10,"quark:oak_chest":2,"tombstone:gift":1,"minecraft:egg":3},"minecraft:killed":{"minecraft:pig":5,"minecraft:spider":2,"minecraft:wandering_trader":1,"minecraft:sheep":1,"eidolon:wraith":1,"minecraft:trader_llama":2,"minecraft:zombie":21,"evilcraft:poisonous_libelle":1,"minecraft:chicken":7,"ars_nouveau:whirlisprig":1,"eidolon:slimy_slug":1,"naturalist:sparrow":4},"minecraft:custom":{"minecraft:interact_with_furnace":23,"lootr:looted_stat":7,"minecraft:mob_kills":47,"minecraft:interact_with_crafting_table":7,"minecraft:damage_dealt_resisted":0,"minecraft:leave_game":6,"minecraft:time_since_death":74963,"minecraft:sleep_in_bed":3,"minecraft:climb_one_cm":13194,"minecraft:damage_resisted":0,"minecraft:time_since_rest":2406,"minecraft:waystone_activated":1,"minecraft:sprint_one_cm":284507,"minecraft:damage_taken":918,"minecraft:walk_one_cm":159747,"minecraft:drop":33,"minecraft:damage_dealt":7479,"minecraft:swim_one_cm":50339,"minecraft:talked_to_villager":2,"minecraft:fly_one_cm":626401,"minecraft:open_chest":6,"minecraft:crouch_one_cm":847,"minecraft:play_time":127785,"tombstone:undead_killed":22,"minecraft:deaths":1,"minecraft:sneak_time":335,"minecraft:walk_under_water_one_cm":2019,"tombstone:villager_killed":1,"minecraft:jump":3003,"minecraft:walk_on_water_one_cm":3639,"minecraft:total_world_time":127785,"minecraft:fall_one_cm":104570},"minecraft:dropped":{"occultism:datura_seeds":1,"minecraft:wheat_seeds":1,"sushigocrafting:cucumber_seeds":6,"minecraft:tuff":4,"minecraft:cooked_porkchop":10,"minecraft:oak_planks":48,"silentgear:sinew":1,"minecraft:rail":6,"silentgear:blueprint_package":1,"twigs:tangerine_seashell":1,"biomesoplenty:fir_planks":30,"mysticalagriculture:inferium_essence":4,"apotheosis:gem":1,"minecraft:oak_sapling":3,"tombstone:grave_dust":1,"minecraft:stone_pickaxe":1,"sushigocrafting:soy_seeds":1},"minecraft:picked_up":{"occultism:datura_seeds":2,"minecraft:crafting_table":2,"minecraft:feather":7,"sushigocrafting:rice_seeds":1,"minecraft:chicken":7,"minecraft:turtle_helmet":1,"integrateddynamics:on_the_dynamics_of_integration":1,"minecraft:potato":2,"biomesoplenty:fir_log":8,"minecraft:enchanted_book":1,"paraglider:spirit_orb":4,"minecraft:tuff":4,"minecraft:oak_log":16,"sushigocrafting:soy_seeds":3,"minecraft:string":2,"silentgear:sinew":1,"minecraft:dirt":6,"tombstone:gift":1,"minecraft:iron_axe":1,"evilcraft:poison_sac":1,"bhc:red_heart":2,"minecraft:wheat_seeds":2,"mysticalagriculture:inferium_essence":10,"reliquary:zombie_heart":1,"minecraft:spruce_planks":2,"delightful:acorn":2,"thermal:tomato_seeds":1,"thermal:spinach_seeds":1,"minecraft:oak_planks":60,"minecraft:furnace":3,"minecraft:egg":3,"minecraft:stick":6,"apotheosis:gem":3,"minecraft:cooked_porkchop":10,"minecraft:dandelion":1,"minecraft:torch":5,"sushigocrafting:cucumber_seeds":6,"minecraft:gravel":1,"minecraft:porkchop":13,"tombstone:grave_dust":1,"ars_elemental:yellow_archwood_log":20,"railcraft:silver_raw":1,"minecraft:rotten_flesh":20,"immersiveengineering:seed":9,"croptopia:orange":7,"thermal:eggplant_seeds":1,"tombstone:essence_of_undeath":1,"minecraft:chainmail_helmet":1,"reliquary:mob_charm_fragment":1,"ars_nouveau:sourceberry_bush":18,"tombstone:magic_scroll":1,"minecraft:oak_sapling":3,"minecraft:mutton":2,"twigs:tangerine_seashell":1,"minecraft:rail":6,"minecraft:white_wool":1,"minecraft:cobblestone":116,"minecraft:sunflower":11}},"DataVersion":3465}