{"stats":{"minecraft:crafted":{"minecraft:oak_planks":19,"minecraft:cooked_chicken":5,"minecraft:furnace":1,"minecraft:cooked_mutton":2,"minecraft:stone_pickaxe":2,"minecraft:cooked_porkchop":13,"minecraft:crafting_table":2,"minecraft:wooden_pickaxe":1,"minecraft:stone_axe":1,"minecraft:air":128,"biomesoplenty:fir_planks":8,"minecraft:stick":16,"quark:oak_chest":2,"minecraft:stone_sword":2,"minecraft:torch":7},"minecraft:killed_by":{"minecraft:zombie":1},"minecraft:broken":{"minecraft:stone_sword":1},"minecraft:mined":{"minecraft:tuff":1,"croptopia:orange_crop":1,"gtceu:coal_ore":1,"ars_nouveau:sourceberry_bush":1,"minecraft:spawner":1,"minecraft:furnace":3,"minecraft:brown_bed":1,"minecraft:stone":108,"caupona:fig_log":2,"twigs:pebble":1,"minecraft:dandelion":1,"minecraft:crafting_table":2,"minecraft:torch":4,"minecraft:tall_grass":23,"minecraft:cobblestone":16,"ars_elemental:yellow_archwood_log":20,"minecraft:wall_torch":1,"railcraft:deepslate_silver_ore":1,"biomesoplenty:fir_log":8,"minecraft:grass":69,"minecraft:oak_log":16,"minecraft:sunflower":11,"minecraft:gravel":1,"twigs:rhyolite":1,"minecraft:oak_leaves":2,"minecraft:fern":2},"minecraft:used":{"minecraft:stone_sword":147,"minecraft:spruce_planks":2,"minecraft:cooked_chicken":2,"minecraft:torch":7,"minecraft:dirt":6,"minecraft:iron_axe":27,"everythingcopper:copper_sword":5,"minecraft:furnace":3,"ars_nouveau:sourceberry_bush":21,"tombstone:gift":1,"minecraft:egg":3,"minecraft:stone_pickaxe":129,"minecraft:wooden_pickaxe":3,"minecraft:chainmail_helmet":1,"minecraft:crafting_table":4,"croptopia:orange":6,"minecraft:chicken":2,"minecraft:string":2,"minecraft:gravel":1,"minecraft:stone_axe":40,"minecraft:cobblestone":34,"minecraft:cooked_porkchop":11,"quark:oak_chest":2},"minecraft:killed":{"minecraft:spider":2,"eidolon:wraith":1,"minecraft:chicken":7,"eidolon:slimy_slug":1,"minecraft:pig":5,"minecraft:wandering_trader":1,"minecraft:sheep":1,"minecraft:trader_llama":2,"evilcraft:poisonous_libelle":1,"minecraft:zombie":21,"ars_nouveau:whirlisprig":1,"naturalist:sparrow":4},"minecraft:custom":{"lootr:looted_stat":9,"minecraft:mob_kills":47,"minecraft:interact_with_crafting_table":7,"minecraft:damage_dealt_resisted":0,"minecraft:leave_game":6,"minecraft:time_since_death":86963,"minecraft:climb_one_cm":13194,"minecraft:damage_resisted":0,"minecraft:sprint_one_cm":304603,"minecraft:walk_one_cm":170531,"minecraft:drop":38,"minecraft:talked_to_villager":2,"minecraft:play_time":139785,"minecraft:deaths":1,"minecraft:sneak_time":335,"minecraft:walk_under_water_one_cm":2019,"minecraft:jump":3120,"minecraft:walk_on_water_one_cm":3639,"minecraft:total_world_time":139785,"minecraft:interact_with_furnace":23,"minecraft:sleep_in_bed":3,"minecraft:time_since_rest":14406,"minecraft:waystone_activated":1,"minecraft:damage_taken":918,"minecraft:damage_dealt":7479,"minecraft:swim_one_cm":50339,"minecraft:fly_one_cm":653939,"minecraft:open_chest":9,"minecraft:crouch_one_cm":847,"tombstone:undead_killed":22,"tombstone:villager_killed":1,"minecraft:fall_one_cm":108601},"minecraft:dropped":{"occultism:datura_seeds":1,"minecraft:wheat_seeds":1,"minecraft:cooked_porkchop":10,"minecraft:iron_helmet":2,"silentgear:sinew":1,"minecraft:chainmail_helmet":1,"minecraft:rail":6,"silentgear:blueprint_package":1,"tombstone:grave_dust":1,"sushigocrafting:soy_seeds":1,"sushigocrafting:cucumber_seeds":6,"minecraft:tuff":4,"minecraft:oak_planks":48,"twigs:tangerine_seashell":1,"biomesoplenty:fir_planks":30,"everythingcopper:copper_helmet":1,"mysticalagriculture:inferium_essence":4,"apotheosis:gem":1,"minecraft:oak_sapling":3,"minecraft:brown_bed":1,"minecraft:stone_pickaxe":1},"minecraft:picked_up":{"minecraft:crafting_table":2,"minecraft:chicken":7,"croptopia:peach":1,"minecraft:turtle_helmet":1,"minecraft:brown_bed":2,"minecraft:enchanted_book":1,"sushigocrafting:soy_seeds":3,"silentgear:sinew":1,"minecraft:string":2,"minecraft:iron_axe":1,"evilcraft:poison_sac":1,"mysticalagriculture:inferium_essence":10,"reliquary:zombie_heart":1,"delightful:acorn":2,"minecraft:spruce_planks":2,"thermal:spinach_seeds":1,"minecraft:egg":3,"minecraft:furnace":3,"minecraft:stick":6,"apotheosis:gem":3,"minecraft:torch":5,"minecraft:porkchop":13,"tombstone:grave_dust":1,"minecraft:rotten_flesh":20,"tombstone:essence_of_undeath":1,"reliquary:mob_charm_fragment":1,"ars_nouveau:sourceberry_bush":18,"minecraft:mutton":2,"twigs:tangerine_seashell":1,"minecraft:white_wool":1,"minecraft:rail":6,"minecraft:cobblestone":116,"occultism:datura_seeds":2,"minecraft:feather":7,"sushigocrafting:rice_seeds":1,"integrateddynamics:on_the_dynamics_of_integration":1,"minecraft:potato":2,"biomesoplenty:fir_log":8,"paraglider:spirit_orb":4,"minecraft:tuff":4,"minecraft:oak_log":16,"minecraft:dirt":6,"tombstone:gift":1,"bhc:red_heart":2,"minecraft:wheat_seeds":2,"thermal:tomato_seeds":1,"everythingcopper:copper_helmet":1,"minecraft:oak_planks":60,"minecraft:cooked_porkchop":10,"minecraft:dandelion":1,"minecraft:gravel":1,"sushigocrafting:cucumber_seeds":7,"ars_elemental:yellow_archwood_log":20,"railcraft:silver_raw":1,"immersiveengineering:seed":10,"croptopia:orange":14,"minecraft:iron_helmet":2,"thermal:eggplant_seeds":1,"minecraft:chainmail_helmet":2,"tombstone:magic_scroll":1,"minecraft:oak_sapling":3,"minecraft:sunflower":11}},"DataVersion":3465}