{"stats":{"minecraft:dropped":{"occultism:datura_seeds":1,"minecraft:wheat_seeds":1,"sushigocrafting:cucumber_seeds":6,"minecraft:tuff":4,"minecraft:cooked_porkchop":10,"silentgear:sinew":1,"minecraft:rail":6,"silentgear:blueprint_package":1,"twigs:tangerine_seashell":1,"biomesoplenty:fir_planks":30,"mysticalagriculture:inferium_essence":4,"apotheosis:gem":1,"minecraft:oak_sapling":3,"tombstone:grave_dust":1,"minecraft:stone_pickaxe":1,"sushigocrafting:soy_seeds":1},"minecraft:broken":{"minecraft:stone_sword":1},"minecraft:killed_by":{"minecraft:zombie":1},"minecraft:picked_up":{"occultism:datura_seeds":1,"minecraft:crafting_table":2,"minecraft:feather":7,"sushigocrafting:rice_seeds":1,"minecraft:chicken":7,"minecraft:turtle_helmet":1,"integrateddynamics:on_the_dynamics_of_integration":1,"biomesoplenty:fir_log":8,"minecraft:enchanted_book":1,"paraglider:spirit_orb":4,"minecraft:tuff":4,"minecraft:oak_log":10,"sushigocrafting:soy_seeds":1,"minecraft:string":2,"minecraft:dirt":6,"silentgear:sinew":1,"tombstone:gift":1,"minecraft:iron_axe":1,"evilcraft:poison_sac":1,"bhc:red_heart":2,"minecraft:wheat_seeds":1,"mysticalagriculture:inferium_essence":10,"reliquary:zombie_heart":1,"delightful:acorn":2,"minecraft:spruce_planks":2,"minecraft:oak_planks":12,"minecraft:egg":3,"minecraft:furnace":3,"minecraft:stick":6,"apotheosis:gem":2,"minecraft:cooked_porkchop":10,"minecraft:torch":3,"minecraft:gravel":1,"sushigocrafting:cucumber_seeds":6,"minecraft:porkchop":13,"tombstone:grave_dust":1,"ars_elemental:yellow_archwood_log":20,"railcraft:silver_raw":1,"minecraft:rotten_flesh":20,"immersiveengineering:seed":3,"croptopia:orange":7,"minecraft:chainmail_helmet":1,"tombstone:essence_of_undeath":1,"tombstone:magic_scroll":1,"reliquary:mob_charm_fragment":1,"ars_nouveau:sourceberry_bush":18,"minecraft:oak_sapling":3,"minecraft:rail":6,"minecraft:mutton":2,"twigs:tangerine_seashell":1,"minecraft:white_wool":1,"minecraft:cobblestone":116},"minecraft:killed":{"minecraft:pig":5,"minecraft:spider":2,"minecraft:wandering_trader":1,"minecraft:sheep":1,"eidolon:wraith":1,"minecraft:trader_llama":2,"minecraft:zombie":20,"evilcraft:poisonous_libelle":1,"minecraft:chicken":7,"ars_nouveau:whirlisprig":1,"eidolon:slimy_slug":1,"naturalist:sparrow":4},"minecraft:used":{"minecraft:stone_sword":147,"minecraft:stone_pickaxe":129,"minecraft:spruce_planks":2,"minecraft:wooden_pickaxe":3,"minecraft:cooked_chicken":2,"minecraft:torch":5,"minecraft:dirt":6,"minecraft:crafting_table":3,"croptopia:orange":6,"minecraft:iron_axe":21,"minecraft:chicken":2,"minecraft:string":2,"minecraft:gravel":1,"minecraft:stone_axe":40,"minecraft:cobblestone":34,"minecraft:furnace":3,"ars_nouveau:sourceberry_bush":21,"minecraft:cooked_porkchop":7,"tombstone:gift":1,"minecraft:egg":3},"minecraft:crafted":{"minecraft:oak_planks":10,"minecraft:cooked_porkchop":13,"minecraft:crafting_table":1,"minecraft:wooden_pickaxe":1,"minecraft:cooked_chicken":5,"minecraft:furnace":1,"minecraft:stone_axe":1,"minecraft:cooked_mutton":2,"minecraft:air":89,"biomesoplenty:fir_planks":8,"minecraft:stick":16,"minecraft:stone_pickaxe":2,"minecraft:stone_sword":2,"minecraft:torch":7},"minecraft:mined":{"minecraft:tuff":1,"twigs:pebble":1,"croptopia:orange_crop":1,"minecraft:crafting_table":2,"minecraft:torch":3,"gtceu:coal_ore":1,"minecraft:tall_grass":19,"minecraft:cobblestone":16,"ars_nouveau:sourceberry_bush":1,"ars_elemental:yellow_archwood_log":20,"minecraft:spawner":1,"minecraft:furnace":3,"railcraft:deepslate_silver_ore":1,"biomesoplenty:fir_log":8,"minecraft:grass":27,"minecraft:oak_log":10,"minecraft:gravel":1,"twigs:rhyolite":1,"minecraft:stone":108,"minecraft:oak_leaves":2,"minecraft:fern":2,"caupona:fig_log":2},"minecraft:custom":{"lootr:looted_stat":1,"minecraft:interact_with_furnace":23,"minecraft:mob_kills":46,"minecraft:interact_with_crafting_table":6,"minecraft:damage_dealt_resisted":0,"minecraft:leave_game":5,"minecraft:time_since_death":57325,"minecraft:climb_one_cm":12197,"minecraft:damage_resisted":0,"minecraft:time_since_rest":57074,"minecraft:sprint_one_cm":211752,"minecraft:damage_taken":868,"minecraft:walk_one_cm":136384,"minecraft:drop":31,"minecraft:damage_dealt":7280,"minecraft:swim_one_cm":35834,"minecraft:talked_to_villager":2,"minecraft:fly_one_cm":504966,"minecraft:crouch_one_cm":847,"minecraft:play_time":110147,"tombstone:undead_killed":21,"minecraft:deaths":1,"minecraft:sneak_time":335,"minecraft:walk_under_water_one_cm":1749,"tombstone:villager_killed":1,"minecraft:jump":2513,"minecraft:walk_on_water_one_cm":2942,"minecraft:total_world_time":110147,"minecraft:fall_one_cm":88540}},"DataVersion":3465}