{"stats":{"minecraft:dropped":{"sushigocrafting:cucumber_seeds":2,"silentgear:blueprint_package":1,"twigs:tangerine_seashell":1,"mysticalagriculture:inferium_essence":4,"apotheosis:gem":1,"sushigocrafting:soy_seeds":1},"minecraft:killed":{"minecraft:pig":5,"minecraft:sheep":1,"evilcraft:poisonous_libelle":1,"minecraft:zombie":7,"minecraft:chicken":5,"ars_nouveau:whirlisprig":1},"minecraft:custom":{"minecraft:interact_with_furnace":23,"minecraft:mob_kills":20,"minecraft:interact_with_crafting_table":4,"minecraft:damage_dealt_resisted":0,"minecraft:leave_game":3,"minecraft:time_since_death":540,"minecraft:time_since_rest":289,"minecraft:sprint_one_cm":65173,"minecraft:damage_taken":308,"minecraft:walk_one_cm":75106,"minecraft:drop":10,"minecraft:damage_dealt":2507,"minecraft:swim_one_cm":24813,"minecraft:fly_one_cm":167430,"minecraft:crouch_one_cm":508,"minecraft:play_time":53362,"tombstone:undead_killed":7,"minecraft:deaths":1,"minecraft:sneak_time":94,"minecraft:walk_under_water_one_cm":186,"minecraft:jump":940,"minecraft:walk_on_water_one_cm":960,"minecraft:total_world_time":53362,"minecraft:fall_one_cm":32416},"minecraft:killed_by":{"minecraft:zombie":1},"minecraft:used":{"minecraft:stone_sword":68,"minecraft:stone_pickaxe":84,"minecraft:wooden_pickaxe":3,"minecraft:cooked_chicken":2,"minecraft:crafting_table":2,"croptopia:orange":5,"minecraft:stone_axe":40,"minecraft:cobblestone":26,"minecraft:furnace":3,"minecraft:cooked_porkchop":1,"minecraft:egg":3},"minecraft:mined":{"croptopia:orange_crop":1,"minecraft:crafting_table":2,"minecraft:tall_grass":13,"minecraft:cobblestone":13,"ars_elemental:yellow_archwood_log":20,"minecraft:furnace":3,"biomesoplenty:fir_log":8,"minecraft:grass":15,"minecraft:oak_log":6,"minecraft:stone":71,"minecraft:oak_leaves":1,"caupona:fig_log":2,"minecraft:fern":1},"minecraft:crafted":{"minecraft:oak_planks":6,"minecraft:cooked_porkchop":13,"minecraft:crafting_table":1,"minecraft:wooden_pickaxe":1,"minecraft:cooked_chicken":5,"minecraft:furnace":1,"minecraft:stone_axe":1,"minecraft:cooked_mutton":2,"minecraft:air":61,"biomesoplenty:fir_planks":8,"minecraft:stick":8,"minecraft:stone_pickaxe":1,"minecraft:stone_sword":1},"minecraft:picked_up":{"occultism:datura_seeds":1,"minecraft:crafting_table":2,"minecraft:feather":4,"minecraft:chicken":5,"sushigocrafting:rice_seeds":1,"minecraft:turtle_helmet":1,"integrateddynamics:on_the_dynamics_of_integration":1,"biomesoplenty:fir_log":8,"minecraft:oak_log":6,"sushigocrafting:soy_seeds":1,"silentgear:sinew":1,"minecraft:dirt":6,"minecraft:iron_axe":1,"evilcraft:poison_sac":1,"minecraft:wheat_seeds":1,"mysticalagriculture:inferium_essence":4,"minecraft:oak_planks":12,"minecraft:furnace":3,"minecraft:egg":3,"minecraft:stick":6,"apotheosis:gem":2,"sushigocrafting:cucumber_seeds":3,"minecraft:porkchop":13,"ars_elemental:yellow_archwood_log":20,"minecraft:rotten_flesh":8,"immersiveengineering:seed":3,"croptopia:orange":6,"minecraft:chainmail_helmet":1,"tombstone:essence_of_undeath":1,"minecraft:oak_sapling":1,"minecraft:mutton":2,"twigs:tangerine_seashell":1,"minecraft:white_wool":1,"minecraft:cobblestone":84}},"DataVersion":3465}