{"stats":{"minecraft:dropped":{"minecraft:bread":18,"occultism:datura_seeds":1,"minecraft:wheat_seeds":1,"minecraft:glow_ink_sac":1,"minecraft:cooked_porkchop":10,"alltheores:raw_zinc":1,"minecraft:iron_helmet":2,"minecraft:cobblestone":228,"botania:red_mushroom":1,"eidolon:raw_silver":1,"minecraft:chainmail_helmet":1,"silentgear:sinew":1,"minecraft:rail":6,"silentgear:blueprint_package":1,"minecraft:dirt":18,"tombstone:grave_dust":1,"sushigocrafting:soy_seeds":1,"croptopia:glowing_calamari":2,"alltheores:raw_silver_block":2,"sushigocrafting:cucumber_seeds":6,"minecraft:tuff":4,"minecraft:rotten_flesh":50,"minecraft:oak_planks":48,"twigs:tangerine_seashell":1,"supplementaries:flax_seeds":1,"biomesoplenty:fir_planks":30,"everythingcopper:copper_helmet":1,"mysticalagriculture:inferium_essence":4,"apotheosis:gem":1,"minecraft:oak_sapling":3,"minecraft:brown_bed":1,"minecraft:stone_pickaxe":1,"minecraft:wooden_pickaxe":1,"immersiveengineering:seed":1},"minecraft:mined":{"create:zinc_ore":32,"railcraft:nickel_ore":1,"create:deepslate_zinc_ore":23,"minecraft:tuff":1,"eidolon:deep_silver_ore":1,"alltheores:zinc_ore":1,"croptopia:orange_crop":1,"alltheores:osmium_ore":44,"botania:red_mushroom":1,"minecraft:grass_block":48,"gtceu:coal_ore":1,"alltheores:deepslate_silver_ore":2,"ars_nouveau:sourceberry_bush":1,"minecraft:spawner":2,"minecraft:furnace":4,"deepresonance:resonating_crystal_natural":2,"minecraft:brown_bed":1,"biomesoplenty:barley":83,"minecraft:stone":119,"caupona:fig_log":2,"alltheores:raw_zinc_block":1,"railcraft:deepslate_lead_ore":3,"twigs:pebble":1,"minecraft:dandelion":1,"alltheores:raw_osmium_block":4,"minecraft:crafting_table":2,"minecraft:torch":4,"minecraft:tall_grass":34,"minecraft:cobblestone":22,"railcraft:tin_ore":1,"ars_elemental:yellow_archwood_log":20,"minecraft:wall_torch":1,"supplementaries:urn":3,"alltheores:deepslate_osmium_ore":3,"forbidden_arcanus:xpetrified_ore":1,"railcraft:deepslate_silver_ore":1,"biomesoplenty:fir_log":8,"minecraft:grass":134,"minecraft:oak_log":16,"alltheores:raw_silver_block":2,"minecraft:dirt":16,"minecraft:sunflower":38,"minecraft:gravel":1,"twigs:rhyolite":1,"minecraft:oak_leaves":2,"minecraft:deepslate":38,"minecraft:fern":2},"minecraft:picked_up":{"minecraft:crafting_table":2,"minecraft:chicken":7,"croptopia:peach":1,"minecraft:turtle_helmet":1,"minecraft:brown_bed":2,"minecraft:enchanted_book":1,"enderio:broken_spawner":2,"railcraft:lead_raw":3,"sushigocrafting:soy_seeds":3,"forbidden_arcanus:xpetrified_orb":1,"silentgear:sinew":1,"minecraft:string":2,"minecraft:iron_axe":1,"evilcraft:poison_sac":1,"artifacts:fire_gauntlet":1,"mysticalagriculture:inferium_essence":10,"reliquary:zombie_heart":1,"minecraft:spruce_planks":2,"delightful:acorn":2,"thermal:spinach_seeds":1,"minecraft:egg":3,"minecraft:furnace":4,"minecraft:stick":6,"apotheosis:gem":3,"alltheores:raw_zinc":1,"minecraft:torch":5,"minecraft:porkchop":13,"tombstone:grave_dust":1,"minecraft:rotten_flesh":50,"thermal:corn_seeds":1,"alltheores:raw_osmium_block":4,"thermal:radish_seeds":1,"supplementaries:ash":8,"alltheores:raw_osmium":48,"tombstone:essence_of_undeath":1,"mekanism:ingot_osmium":6,"reliquary:mob_charm_fragment":1,"ars_nouveau:sourceberry_bush":18,"minecraft:mutton":2,"twigs:tangerine_seashell":1,"minecraft:rail":6,"minecraft:white_wool":1,"minecraft:cobblestone":288,"occultism:datura_seeds":7,"minecraft:feather":7,"sushigocrafting:rice_seeds":1,"eidolon:raw_silver":1,"minecraft:glow_ink_sac":1,"integrateddynamics:on_the_dynamics_of_integration":1,"croptopia:glowing_calamari":3,"minecraft:potato":2,"biomesoplenty:fir_log":8,"paraglider:spirit_orb":4,"minecraft:tuff":4,"create:raw_zinc":55,"minecraft:oak_log":16,"supplementaries:flax_seeds":1,"botania:red_mushroom":1,"minecraft:dirt":94,"tombstone:gift":1,"alltheores:raw_zinc_block":1,"bhc:red_heart":2,"minecraft:bone":13,"minecraft:wheat_seeds":12,"thermal:tomato_seeds":1,"everythingcopper:copper_helmet":1,"minecraft:oak_planks":60,"minecraft:cooked_porkchop":10,"minecraft:dandelion":1,"minecraft:gravel":1,"sushigocrafting:cucumber_seeds":8,"ars_elemental:yellow_archwood_log":20,"railcraft:silver_raw":1,"thermal:rice_seeds":1,"immersiveengineering:seed":12,"railcraft:nickel_raw":1,"minecraft:iron_helmet":2,"croptopia:orange":20,"thermal:eggplant_seeds":1,"alltheores:raw_silver":2,"minecraft:bread":18,"minecraft:chainmail_helmet":2,"deepresonance:resonating_crystal_natural":2,"tombstone:magic_scroll":1,"minecraft:oak_sapling":3,"thermal:amaranth_seeds":1,"alltheores:raw_silver_block":2,"minecraft:sunflower":21},"minecraft:custom":{"lootr:looted_stat":16,"minecraft:mob_kills":68,"minecraft:interact_with_crafting_table":18,"minecraft:open_barrel":5,"minecraft:damage_dealt_resisted":0,"minecraft:leave_game":9,"minecraft:time_since_death":79111,"minecraft:climb_one_cm":13194,"minecraft:damage_resisted":16,"minecraft:sprint_one_cm":482167,"minecraft:walk_one_cm":316715,"minecraft:damage_blocked_by_shield":3165,"minecraft:drop":60,"minecraft:talked_to_villager":2,"minecraft:play_time":225011,"minecraft:deaths":2,"minecraft:sneak_time":1553,"minecraft:walk_under_water_one_cm":9684,"minecraft:jump":4689,"minecraft:walk_on_water_one_cm":14693,"minecraft:total_world_time":225011,"minecraft:interact_with_furnace":57,"minecraft:sleep_in_bed":5,"minecraft:time_since_rest":2032,"minecraft:waystone_activated":1,"minecraft:damage_taken":2462,"minecraft:damage_dealt":10956,"minecraft:swim_one_cm":89629,"minecraft:fly_one_cm":950096,"minecraft:open_chest":40,"minecraft:crouch_one_cm":5653,"tombstone:undead_killed":33,"tombstone:villager_killed":1,"minecraft:fall_one_cm":152745},"minecraft:broken":{"minecraft:wooden_shovel":1,"minecraft:stone_sword":1,"minecraft:shield":1},"minecraft:killed_by":{"minecraft:zombie":2},"minecraft:killed":{"minecraft:cave_spider":1,"minecraft:spider":8,"quark:forgotten":1,"minecraft:skeleton":6,"eidolon:wraith":2,"minecraft:chicken":7,"minecraft:silverfish":1,"eidolon:slimy_slug":1,"minecraft:pig":5,"minecraft:wandering_trader":1,"minecraft:sheep":1,"minecraft:trader_llama":2,"evilcraft:poisonous_libelle":1,"minecraft:zombie":24,"ars_nouveau:whirlisprig":1,"naturalist:sparrow":4},"minecraft:used":{"minecraft:stone_sword":147,"minecraft:spruce_planks":2,"minecraft:shield":30,"minecraft:iron_sword":16,"minecraft:wooden_shovel":67,"minecraft:cooked_chicken":5,"minecraft:torch":7,"minecraft:dirt":70,"minecraft:iron_axe":27,"everythingcopper:copper_sword":49,"minecraft:furnace":4,"ars_nouveau:sourceberry_bush":21,"tombstone:gift":2,"minecraft:egg":3,"minecraft:cooked_mutton":2,"minecraft:stone_pickaxe":129,"minecraft:wooden_pickaxe":3,"minecraft:chainmail_helmet":1,"minecraft:crafting_table":4,"minecolonies:supplychestdeployer":1,"croptopia:orange":6,"minecraft:chicken":2,"minecraft:bread":13,"minecraft:string":2,"minecraft:iron_pickaxe":182,"minecraft:gravel":1,"minecraft:stone_axe":40,"minecraft:cobblestone":116,"minecraft:cooked_porkchop":13,"quark:oak_chest":3},"minecraft:crafted":{"minecraft:oak_planks":35,"mekanism:ingot_osmium":36,"minecraft:cooked_chicken":5,"mekanismtools:osmium_chestplate":1,"minecraft:furnace":1,"minecraft:cooked_mutton":2,"mekanism:raw_osmium":4,"minecraft:stone_pickaxe":2,"mekanismtools:osmium_boots":1,"mekanismtools:osmium_helmet":1,"minecraft:wooden_shovel":1,"minecraft:cooked_porkchop":13,"minecraft:crafting_table":2,"minecraft:wooden_pickaxe":1,"mekanismtools:osmium_leggings":1,"minecraft:stone_axe":1,"minecraft:air":239,"biomesoplenty:fir_planks":8,"minecraft:shield":1,"constructionwand:stone_wand":2,"create:raw_zinc":1,"minecraft:stick":24,"quark:oak_chest":3,"minecraft:stone_sword":2,"minecraft:torch":7,"create:zinc_ingot":48}},"DataVersion":3465}