{"stats":{"minecraft:dropped":{"silentgear:blueprint_package":1,"twigs:tangerine_seashell":1,"apotheosis:gem":1,"sushigocrafting:soy_seeds":1},"minecraft:killed":{"minecraft:pig":5,"minecraft:sheep":1,"evilcraft:poisonous_libelle":1,"minecraft:zombie":7,"minecraft:chicken":3,"ars_nouveau:whirlisprig":1},"minecraft:custom":{"minecraft:interact_with_furnace":8,"minecraft:mob_kills":18,"minecraft:interact_with_crafting_table":4,"minecraft:damage_dealt_resisted":0,"minecraft:leave_game":2,"minecraft:time_since_death":42791,"minecraft:time_since_rest":42791,"minecraft:sprint_one_cm":50741,"minecraft:damage_taken":100,"minecraft:walk_one_cm":68151,"minecraft:drop":4,"minecraft:damage_dealt":2427,"minecraft:swim_one_cm":17503,"minecraft:fly_one_cm":128607,"minecraft:crouch_one_cm":508,"minecraft:play_time":42791,"tombstone:undead_killed":7,"minecraft:sneak_time":94,"minecraft:walk_under_water_one_cm":186,"minecraft:jump":732,"minecraft:walk_on_water_one_cm":960,"minecraft:total_world_time":42791,"minecraft:fall_one_cm":23761},"minecraft:used":{"minecraft:stone_sword":63,"minecraft:stone_pickaxe":81,"minecraft:wooden_pickaxe":3,"minecraft:cooked_chicken":1,"minecraft:crafting_table":2,"croptopia:orange":5,"minecraft:stone_axe":32,"minecraft:cobblestone":22,"minecraft:furnace":2,"minecraft:cooked_porkchop":1,"minecraft:egg":1},"minecraft:mined":{"croptopia:orange_crop":1,"minecraft:crafting_table":2,"minecraft:tall_grass":8,"minecraft:cobblestone":13,"ars_elemental:yellow_archwood_log":20,"minecraft:furnace":2,"minecraft:grass":5,"minecraft:oak_log":6,"minecraft:stone":69,"minecraft:oak_leaves":1,"caupona:fig_log":2,"minecraft:fern":1},"minecraft:crafted":{"minecraft:oak_planks":6,"minecraft:cooked_porkchop":1,"minecraft:crafting_table":1,"minecraft:wooden_pickaxe":1,"minecraft:cooked_chicken":1,"minecraft:furnace":1,"minecraft:stone_axe":1,"minecraft:air":29,"minecraft:stick":8,"minecraft:stone_pickaxe":1,"minecraft:stone_sword":1},"minecraft:picked_up":{"occultism:datura_seeds":1,"minecraft:crafting_table":2,"minecraft:feather":2,"minecraft:chicken":3,"sushigocrafting:rice_seeds":1,"minecraft:turtle_helmet":1,"integrateddynamics:on_the_dynamics_of_integration":1,"minecraft:oak_log":6,"sushigocrafting:soy_seeds":1,"silentgear:sinew":1,"minecraft:dirt":6,"minecraft:iron_axe":1,"evilcraft:poison_sac":1,"minecraft:wheat_seeds":1,"mysticalagriculture:inferium_essence":3,"minecraft:oak_planks":12,"minecraft:furnace":2,"minecraft:egg":1,"minecraft:stick":6,"apotheosis:gem":2,"minecraft:porkchop":13,"ars_elemental:yellow_archwood_log":20,"minecraft:rotten_flesh":8,"immersiveengineering:seed":2,"croptopia:orange":6,"minecraft:chainmail_helmet":1,"tombstone:essence_of_undeath":1,"minecraft:oak_sapling":1,"minecraft:mutton":2,"twigs:tangerine_seashell":1,"minecraft:white_wool":1,"minecraft:cobblestone":82}},"DataVersion":3465}