{"stats":{"minecraft:dropped":{"sushigocrafting:cucumber_seeds":2,"silentgear:sinew":1,"silentgear:blueprint_package":1,"twigs:tangerine_seashell":1,"mysticalagriculture:inferium_essence":4,"apotheosis:gem":1,"sushigocrafting:soy_seeds":1},"minecraft:killed_by":{"minecraft:zombie":1},"minecraft:picked_up":{"occultism:datura_seeds":1,"minecraft:crafting_table":2,"minecraft:feather":5,"sushigocrafting:rice_seeds":1,"minecraft:chicken":6,"minecraft:turtle_helmet":1,"integrateddynamics:on_the_dynamics_of_integration":1,"biomesoplenty:fir_log":8,"minecraft:oak_log":6,"sushigocrafting:soy_seeds":1,"minecraft:dirt":6,"silentgear:sinew":1,"minecraft:iron_axe":1,"evilcraft:poison_sac":1,"minecraft:wheat_seeds":1,"mysticalagriculture:inferium_essence":4,"minecraft:oak_planks":12,"minecraft:egg":3,"minecraft:furnace":3,"minecraft:stick":6,"apotheosis:gem":2,"sushigocrafting:cucumber_seeds":3,"minecraft:porkchop":13,"ars_elemental:yellow_archwood_log":20,"minecraft:rotten_flesh":8,"immersiveengineering:seed":3,"croptopia:orange":6,"minecraft:chainmail_helmet":1,"tombstone:essence_of_undeath":1,"ars_nouveau:sourceberry_bush":18,"minecraft:oak_sapling":1,"minecraft:mutton":2,"twigs:tangerine_seashell":1,"minecraft:white_wool":1,"minecraft:cobblestone":102},"minecraft:killed":{"minecraft:pig":5,"minecraft:sheep":1,"minecraft:zombie":8,"evilcraft:poisonous_libelle":1,"minecraft:chicken":6,"ars_nouveau:whirlisprig":1},"minecraft:used":{"minecraft:stone_sword":71,"minecraft:stone_pickaxe":102,"minecraft:wooden_pickaxe":3,"minecraft:cooked_chicken":2,"minecraft:crafting_table":2,"croptopia:orange":6,"minecraft:stone_axe":40,"minecraft:cobblestone":26,"ars_nouveau:sourceberry_bush":9,"minecraft:furnace":3,"minecraft:cooked_porkchop":1,"minecraft:egg":3},"minecraft:mined":{"croptopia:orange_crop":1,"minecraft:crafting_table":2,"minecraft:tall_grass":13,"minecraft:cobblestone":13,"ars_nouveau:sourceberry_bush":1,"ars_elemental:yellow_archwood_log":20,"minecraft:furnace":3,"biomesoplenty:fir_log":8,"minecraft:grass":15,"minecraft:oak_log":6,"minecraft:stone":89,"minecraft:oak_leaves":1,"minecraft:fern":1,"caupona:fig_log":2},"minecraft:crafted":{"minecraft:oak_planks":6,"minecraft:cooked_porkchop":13,"minecraft:crafting_table":1,"minecraft:wooden_pickaxe":1,"minecraft:cooked_chicken":5,"minecraft:furnace":1,"minecraft:stone_axe":1,"minecraft:cooked_mutton":2,"minecraft:air":61,"biomesoplenty:fir_planks":8,"minecraft:stick":8,"minecraft:stone_pickaxe":1,"minecraft:stone_sword":1},"minecraft:custom":{"minecraft:interact_with_furnace":23,"minecraft:mob_kills":22,"minecraft:interact_with_crafting_table":4,"minecraft:damage_dealt_resisted":0,"minecraft:leave_game":4,"minecraft:time_since_death":12203,"minecraft:damage_resisted":0,"minecraft:time_since_rest":11952,"minecraft:sprint_one_cm":85512,"minecraft:damage_taken":378,"minecraft:walk_one_cm":82589,"minecraft:drop":11,"minecraft:damage_dealt":2597,"minecraft:swim_one_cm":25512,"minecraft:fly_one_cm":221976,"minecraft:crouch_one_cm":584,"minecraft:play_time":65025,"tombstone:undead_killed":8,"minecraft:deaths":1,"minecraft:sneak_time":141,"minecraft:walk_under_water_one_cm":227,"minecraft:jump":1233,"minecraft:walk_on_water_one_cm":1158,"minecraft:total_world_time":65025,"minecraft:fall_one_cm":44396}},"DataVersion":3465}