{"stats":{"minecraft:killed":{"ars_nouveau:whirlisprig":1},"minecraft:custom":{"minecraft:time_since_rest":16968,"minecraft:sprint_one_cm":22488,"minecraft:damage_taken":20,"minecraft:walk_one_cm":16292,"minecraft:mob_kills":1,"minecraft:damage_dealt":245,"minecraft:swim_one_cm":1926,"minecraft:fly_one_cm":54220,"minecraft:interact_with_crafting_table":3,"minecraft:play_time":16968,"minecraft:walk_under_water_one_cm":12,"minecraft:jump":293,"minecraft:time_since_death":16968,"minecraft:walk_on_water_one_cm":531,"minecraft:total_world_time":16968,"minecraft:fall_one_cm":8814},"minecraft:used":{"minecraft:stone_pickaxe":39,"minecraft:wooden_pickaxe":3,"minecraft:stone_axe":8,"minecraft:cobblestone":13,"minecraft:crafting_table":1,"croptopia:orange":2},"minecraft:mined":{"minecraft:crafting_table":1,"minecraft:grass":4,"minecraft:oak_log":6,"minecraft:tall_grass":1,"minecraft:cobblestone":4,"minecraft:stone":38,"minecraft:oak_leaves":1,"caupona:fig_log":2},"minecraft:crafted":{"minecraft:oak_planks":6,"minecraft:crafting_table":1,"minecraft:stick":8,"minecraft:wooden_pickaxe":1,"minecraft:stone_pickaxe":1,"minecraft:stone_sword":1,"minecraft:stone_axe":1,"minecraft:air":28},"minecraft:picked_up":{"occultism:datura_seeds":1,"minecraft:stick":6,"minecraft:crafting_table":1,"integrateddynamics:on_the_dynamics_of_integration":1,"minecraft:oak_log":6,"sushigocrafting:soy_seeds":1,"immersiveengineering:seed":1,"minecraft:wheat_seeds":1,"croptopia:orange":5,"minecraft:oak_sapling":1,"twigs:tangerine_seashell":1,"minecraft:cobblestone":42}},"DataVersion":3465}