{"stats":{"minecraft:killed":{"evilcraft:poisonous_libelle":1,"ars_nouveau:whirlisprig":1},"minecraft:custom":{"minecraft:time_since_rest":30791,"minecraft:sprint_one_cm":32405,"minecraft:damage_taken":80,"minecraft:walk_one_cm":34913,"minecraft:mob_kills":2,"minecraft:damage_dealt":255,"minecraft:swim_one_cm":1926,"minecraft:interact_with_crafting_table":3,"minecraft:fly_one_cm":79801,"minecraft:crouch_one_cm":508,"minecraft:play_time":30791,"minecraft:sneak_time":94,"minecraft:walk_under_water_one_cm":12,"minecraft:jump":398,"minecraft:leave_game":2,"minecraft:walk_on_water_one_cm":531,"minecraft:time_since_death":30791,"minecraft:total_world_time":30791,"minecraft:fall_one_cm":13764},"minecraft:used":{"minecraft:stone_sword":1,"minecraft:stone_pickaxe":39,"minecraft:wooden_pickaxe":3,"minecraft:stone_axe":30,"minecraft:cobblestone":21,"minecraft:crafting_table":1,"croptopia:orange":5},"minecraft:mined":{"minecraft:crafting_table":1,"minecraft:grass":5,"minecraft:oak_log":6,"minecraft:tall_grass":1,"minecraft:cobblestone":4,"minecraft:stone":38,"ars_elemental:yellow_archwood_log":20,"minecraft:oak_leaves":1,"minecraft:fern":1,"caupona:fig_log":2},"minecraft:crafted":{"minecraft:oak_planks":6,"minecraft:crafting_table":1,"minecraft:stick":8,"minecraft:wooden_pickaxe":1,"minecraft:stone_pickaxe":1,"minecraft:stone_sword":1,"minecraft:stone_axe":1,"minecraft:air":28},"minecraft:picked_up":{"occultism:datura_seeds":1,"minecraft:stick":6,"minecraft:crafting_table":1,"integrateddynamics:on_the_dynamics_of_integration":1,"minecraft:oak_log":6,"ars_elemental:yellow_archwood_log":20,"sushigocrafting:soy_seeds":1,"evilcraft:poison_sac":1,"immersiveengineering:seed":1,"minecraft:wheat_seeds":1,"croptopia:orange":5,"minecraft:oak_sapling":1,"twigs:tangerine_seashell":1,"minecraft:cobblestone":42}},"DataVersion":3465}