{"stats":{"minecraft:killed":{"minecraft:zombie":1,"cataclysm:lionfish":1},"minecraft:mined":{"graveyard:vase_block":1,"minecraft:soul_sand":2,"minecraft:potted_wither_rose":1,"minecraft:birch_log":1,"minecraft:black_bed":1,"minecraft:wither_rose":6,"minecraft:cobbled_deepslate_slab":1,"minecraft:grass":8,"minecraft:polished_deepslate_slab":1,"minecraft:grass_block":4,"minecraft:dirt_path":1,"minecraft:dirt":4,"minecraft:tall_grass":1,"minecraft:wither_skeleton_skull":1,"graveyard:wither_skull_pile":1,"minecraft:moss_block":1,"minecraft:oak_leaves":1,"minecraft:wall_torch":1},"minecraft:used":{"minecraft:moss_block":1,"minecraft:wooden_axe":1,"minecraft:bread":2,"minecraft:iron_pickaxe":8,"minecraft:iron_boots":1,"minecraft:dirt":3,"minecraft:carrot":7,"minecraft:black_bed":2},"minecraft:dropped":{"minecraft:flower_pot":1,"minecraft:wither_skeleton_skull":2},"minecraft:picked_up":{"minecraft:birch_log":1,"minecraft:polished_deepslate_slab":1,"minecraft:flower_pot":1,"minecraft:black_bed":1,"minecraft:wither_rose":7,"minecraft:wither_skeleton_skull":2,"minecraft:dirt":9,"hexerei:sage_seed":1,"minecraft:bone":4,"minecraft:rotten_flesh":7,"minecraft:wheat_seeds":4,"minecraft:cobbled_deepslate_slab":1,"minecraft:bone_meal":1,"minecraft:bread":12,"minecraft:moss_block":1,"minecraft:soul_sand":1},"minecraft:custom":{"minecraft:time_since_rest":5437,"minecraft:interact_with_furnace":1,"minecraft:sprint_one_cm":84765,"minecraft:damage_taken":2030,"minecraft:walk_one_cm":64105,"minecraft:interact_with_anvil":1,"minecraft:mob_kills":3,"minecraft:drop":3,"minecraft:damage_dealt":450,"minecraft:fly_one_cm":166319,"minecraft:open_chest":5,"minecraft:crouch_one_cm":1731,"minecraft:play_time":22320,"minecraft:deaths":7,"minecraft:sneak_time":620,"minecraft:walk_under_water_one_cm":213,"minecraft:jump":673,"minecraft:walk_on_water_one_cm":958,"minecraft:time_since_death":5417,"minecraft:climb_one_cm":1488,"minecraft:total_world_time":22320,"minecraft:fall_one_cm":23255},"minecraft:killed_by":{"cataclysm:lionfish":1,"cataclysm:deepling_brute":5,"minecraft:zombie":1}},"DataVersion":3120}