{"stats":{"minecraft:used":{"regions_unexplored:silt_dirt":1,"minecraft:moss_block":3,"minecraft:diorite":1,"minecraft:brown_concrete":1,"minecraft:iron_sword":7,"minecraft:torch":11,"minecraft:polished_deepslate_slab":1,"minecraft:dirt":3,"minecraft:carrot":7,"minecraft:black_bed":2,"minecraft:brown_terracotta":1,"minecraft:gray_terracotta":3,"minecraft:wooden_axe":1,"minecraft:bread":12,"minecraft:iron_pickaxe":49,"minecraft:iron_helmet":1,"minecraft:iron_boots":1,"minecraft:soul_lantern":6,"minecraft:cobblestone":7,"minecraft:written_book":1,"minecraft:black_candle":9,"minecraft:yellow_bed":1},"minecraft:killed_by":{"cataclysm:deepling_brute":5,"minecraft:zombie":1,"cataclysm:lionfish":1},"minecraft:crafted":{"minecraft:spruce_planks":4,"minecraft:flint_and_steel":1,"minecraft:stick":8,"minecraft:torch":16},"minecraft:killed":{"minecraft:zombie":2,"cataclysm:lionfish":1},"minecraft:dropped":{"minecraft:white_tulip":1,"butchersdelight:dead_cow":2,"minecraft:soul_lantern":1,"minecraft:tall_grass":2,"minecraft:wither_skeleton_skull":2,"minecraft:coal":19,"minecraft:flower_pot":1,"minecraft:melon_seeds":2,"minecraft:leather_boots":1,"minecraft:golden_sword":1,"minecraft:wither_rose":7,"minecraft:flowering_azalea":1,"minecraft:iron_pickaxe":1,"minecraft:written_book":1},"minecraft:picked_up":{"minecraft:birch_log":1,"minecraft:wheat":4,"minecraft:flower_pot":1,"minecraft:black_bed":1,"regions_unexplored:silt_dirt":4,"minecraft:wither_rose":7,"minecraft:flint":1,"minecraft:brown_concrete":1,"minecraft:yellow_bed":2,"minecraft:wither_skeleton_skull":2,"minecraft:dirt":9,"minecraft:iron_leggings":1,"minecraft:bone":4,"butchersdelight:dead_cow":2,"minecraft:gray_terracotta":3,"minecraft:wheat_seeds":4,"minecraft:cobbled_deepslate_slab":2,"minecraft:white_tulip":1,"minecraft:tall_grass":1,"minecraft:moss_block":3,"minecraft:flowering_azalea":1,"minecraft:soul_sand":1,"minecraft:polished_deepslate_slab":1,"minecraft:brown_terracotta":1,"minecraft:torch":1,"tarotcards:the_empress":1,"minecraft:diorite":1,"hexerei:sage_seed":1,"minecraft:rotten_flesh":10,"minecraft:soul_lantern":3,"minecraft:bone_meal":1,"minecraft:bread":12,"minecraft:coal":16,"minecraft:cobblestone":7},"minecraft:mined":{"minecraft:gray_terracotta":6,"minecraft:flowering_azalea":1,"minecraft:brown_concrete":2,"minecraft:soul_sand":2,"minecraft:potted_wither_rose":1,"minecraft:torch":1,"minecraft:cobbled_deepslate_slab":3,"minecraft:grass_block":4,"regions_unexplored:silt_dirt":4,"minecraft:tall_grass":4,"minecraft:moss_block":5,"minecraft:wall_torch":1,"minecraft:spawner":1,"graveyard:vase_block":1,"minecraft:birch_log":1,"minecraft:wheat":5,"minecraft:black_bed":1,"minecraft:yellow_bed":2,"minecraft:wither_rose":6,"minecraft:grass":9,"minecraft:coal_ore":16,"minecraft:polished_deepslate_slab":2,"minecraft:dirt_path":1,"minecraft:dirt":5,"minecraft:brown_terracotta":2,"minecraft:wither_skeleton_skull":1,"minecraft:stone":7,"graveyard:wither_skull_pile":1,"regions_unexplored:silt_grass_block":1,"minecraft:chipped_anvil":1,"supplementaries:wall_lantern":2,"minecraft:oak_leaves":2},"minecraft:custom":{"minecraft:interact_with_furnace":1,"minecraft:mob_kills":5,"minecraft:interact_with_anvil":1,"minecraft:interact_with_crafting_table":1,"minecraft:time_since_death":35200,"minecraft:sleep_in_bed":1,"minecraft:climb_one_cm":2552,"minecraft:time_since_rest":15216,"minecraft:sprint_one_cm":179856,"minecraft:damage_taken":2181,"minecraft:walk_one_cm":142254,"minecraft:drop":18,"minecraft:damage_dealt":795,"minecraft:swim_one_cm":1073,"minecraft:fly_one_cm":363013,"minecraft:open_chest":11,"minecraft:crouch_one_cm":3830,"minecraft:play_time":52103,"minecraft:deaths":7,"minecraft:sneak_time":1465,"minecraft:walk_under_water_one_cm":835,"minecraft:jump":1549,"minecraft:walk_on_water_one_cm":3343,"minecraft:total_world_time":52103,"minecraft:fall_one_cm":50144}},"DataVersion":3120}