{"stats":{"minecraft:crafted":{"minecraft:spruce_planks":4,"minecraft:flint_and_steel":1,"minecraft:stick":8,"minecraft:torch":16},"minecraft:killed":{"minecraft:zombie":2,"cataclysm:lionfish":1},"minecraft:mined":{"minecraft:soul_sand":2,"minecraft:potted_wither_rose":1,"minecraft:torch":1,"minecraft:cobbled_deepslate_slab":3,"minecraft:grass_block":4,"minecraft:tall_grass":4,"minecraft:moss_block":1,"minecraft:wall_torch":1,"minecraft:spawner":1,"graveyard:vase_block":1,"minecraft:birch_log":1,"minecraft:wheat":5,"minecraft:black_bed":1,"minecraft:yellow_bed":1,"minecraft:wither_rose":6,"minecraft:grass":9,"minecraft:coal_ore":16,"minecraft:polished_deepslate_slab":2,"minecraft:dirt_path":1,"minecraft:dirt":4,"minecraft:wither_skeleton_skull":1,"minecraft:stone":7,"graveyard:wither_skull_pile":1,"minecraft:oak_leaves":2,"supplementaries:wall_lantern":2},"minecraft:used":{"minecraft:moss_block":1,"minecraft:iron_sword":6,"minecraft:torch":11,"minecraft:polished_deepslate_slab":1,"minecraft:dirt":3,"minecraft:carrot":7,"minecraft:black_bed":2,"minecraft:wooden_axe":1,"minecraft:bread":10,"minecraft:iron_pickaxe":37,"minecraft:iron_helmet":1,"minecraft:iron_boots":1,"minecraft:soul_lantern":6,"minecraft:written_book":1,"minecraft:black_candle":9,"minecraft:yellow_bed":1},"minecraft:dropped":{"butchersdelight:dead_cow":2,"minecraft:soul_lantern":1,"minecraft:tall_grass":1,"minecraft:wither_skeleton_skull":2,"minecraft:coal":19,"minecraft:flower_pot":1,"minecraft:leather_boots":1,"minecraft:golden_sword":1,"minecraft:wither_rose":7,"minecraft:iron_pickaxe":1,"minecraft:written_book":1},"minecraft:picked_up":{"minecraft:birch_log":1,"minecraft:wheat":4,"minecraft:flower_pot":1,"minecraft:black_bed":1,"minecraft:wither_rose":7,"minecraft:flint":1,"minecraft:yellow_bed":1,"minecraft:wither_skeleton_skull":2,"minecraft:dirt":9,"minecraft:iron_leggings":1,"minecraft:bone":4,"butchersdelight:dead_cow":2,"minecraft:wheat_seeds":4,"minecraft:cobbled_deepslate_slab":2,"minecraft:tall_grass":1,"minecraft:moss_block":1,"minecraft:soul_sand":1,"minecraft:polished_deepslate_slab":1,"minecraft:torch":1,"minecraft:diorite":1,"hexerei:sage_seed":1,"minecraft:rotten_flesh":10,"minecraft:soul_lantern":3,"minecraft:bone_meal":1,"minecraft:bread":12,"minecraft:coal":16,"minecraft:cobblestone":7},"minecraft:custom":{"minecraft:interact_with_furnace":1,"minecraft:mob_kills":5,"minecraft:interact_with_anvil":1,"minecraft:interact_with_crafting_table":1,"minecraft:time_since_death":29417,"minecraft:sleep_in_bed":1,"minecraft:climb_one_cm":2393,"minecraft:time_since_rest":9433,"minecraft:sprint_one_cm":157469,"minecraft:damage_taken":2151,"minecraft:walk_one_cm":126714,"minecraft:drop":14,"minecraft:damage_dealt":703,"minecraft:swim_one_cm":1073,"minecraft:fly_one_cm":321269,"minecraft:open_chest":8,"minecraft:crouch_one_cm":2026,"minecraft:play_time":46320,"minecraft:deaths":7,"minecraft:sneak_time":967,"minecraft:walk_under_water_one_cm":708,"minecraft:jump":1359,"minecraft:walk_on_water_one_cm":3119,"minecraft:total_world_time":46320,"minecraft:fall_one_cm":44033},"minecraft:killed_by":{"cataclysm:deepling_brute":5,"minecraft:zombie":1,"cataclysm:lionfish":1}},"DataVersion":3120}