{"stats":{"minecraft:used":{"regions_unexplored:silt_dirt":5,"minecraft:moss_block":3,"minecraft:iron_shovel":105,"minecraft:bone_block":3,"minecraft:ladder":6,"minecraft:brown_concrete":1,"minecraft:iron_sword":489,"minecraft:carrot":8,"hexerei:infused_fabric_carpet_dyed_gray":8,"minecraft:quartz_block":87,"minecraft:iron_helmet":1,"minecraft:bow":53,"minecraft:written_book":1,"minecraft:diorite":18,"minecraft:oak_planks":72,"minecraft:sugar_cane":3,"minecraft:diamond_axe":140,"minecraft:golden_apple":6,"thestairwell:scp_087_b_1_spawn_egg":1,"minecraft:crossbow":20,"minecraft:black_bed":2,"minecraft:deepslate_tiles":2,"minecraft:bread":174,"minecraft:soul_lantern":6,"minecraft:smithing_table":1,"minecraft:cobweb":3,"minecraft:enchanting_table":1,"quark:dark_oak_bookshelf":3,"minecraft:spruce_planks":2,"minecraft:cooked_salmon":5,"minecraft:torch":170,"minecraft:dirt":5,"minecraft:granite":1,"minecraft:golden_shovel":33,"minecraft:iron_hoe":252,"minecraft:brown_terracotta":1,"minecraft:dark_oak_planks":21,"minecraft:wooden_axe":1,"minecraft:bookshelf":12,"minecraft:iron_axe":191,"minecraft:iron_boots":1,"born_in_chaos_v1:intoxicating_dagger":2,"travelersbackpack:ocelot":3,"minecraft:iron_trapdoor":1,"minecraft:cobbled_deepslate":9,"minecraft:iron_leggings":1,"minecraft:water_bucket":13,"minecraft:cartography_table":1,"minecraft:polished_deepslate_slab":1,"minecraft:music_disc_cat":3,"deep_dark_regrowth:sculk_soil":1,"minecraft:gray_terracotta":3,"minecraft:apple":10,"minecraft:iron_pickaxe":139,"minecraft:fishing_rod":14,"minecraft:potion":1,"minecraft:cobblestone":44,"minecraft:bucket":13,"minecraft:black_candle":9,"minecraft:yellow_bed":2,"minecraft:jukebox":1,"minecraft:smooth_stone":2},"minecraft:killed_by":{"theplaguedoctor:plague_doctor":2,"spore:inf_player":1,"spore:inf_villager":1,"cataclysm:deepling_brute":5,"minecraft:zombie":1,"minecraft:vex":1,"minecraft:stray":1,"cataclysm:lionfish":1},"minecraft:broken":{"minecraft:golden_shovel":1,"minecraft:iron_leggings":3,"minecraft:iron_sword":1,"hexerei:witch_helmet":1,"minecraft:iron_hoe":1,"minecraft:iron_axe":1},"minecraft:crafted":{"travelersbackpack:ocelot":2,"minecraft:oak_planks":172,"travelersbackpack:crafting_upgrade":2,"quark:dark_oak_bookshelf":3,"minecraft:bookshelf":12,"minecraft:glass":35,"minecraft:crafting_table":2,"minecraft:spruce_planks":16,"travelersbackpack:standard":3,"minecraft:smithing_table":1,"minecraft:cartography_table":1,"minecraft:paper":3,"quark:oak_chest":1,"minecraft:stick":16,"minecraft:iron_ingot":2,"minecraft:iron_pickaxe":1,"minecraft:fishing_rod":2,"minecraft:jukebox":1,"travelersbackpack:blank_upgrade":4,"minecraft:flint_and_steel":1,"travelersbackpack:white_sleeping_bag":1,"minecraft:iron_axe":1,"minecraft:ladder":4,"minecraft:iron_hoe":1,"quark:spruce_chest":1,"minecraft:dark_oak_planks":48,"minecraft:wheat":234,"minecraft:diamond_sword":1,"minecraft:enchanting_table":1,"travelersbackpack:backpack_tank":4,"minecraft:iron_sword":1,"minecraft:cooked_salmon":5,"minecraft:golden_shovel":1,"minecraft:bucket":2,"minecraft:bread":76,"minecraft:air":0,"minecraft:white_wool":3,"minecraft:iron_shovel":1,"minecraft:iron_leggings":1,"minecraft:torch":100},"minecraft:killed":{"spore:inf_hazmat":3,"minecraft:cave_spider":1,"born_in_chaos_v1:mr_pumpkin":5,"minecraft:witch":2,"graveyard:skeleton_creeper":2,"born_in_chaos_v1:restless_spirit":2,"minecraft:spider":10,"minecraft:skeleton":7,"deep_dark_regrowth:sculk_parasite":1,"spore:inf_player":3,"spore:inf_wanderer":1,"minecraft:zombie_villager":1,"minecraft:creeper":1,"theplaguedoctor:plague_doctor":7,"spore:inf_villager":6,"spore:inf_human":15,"minecraft:zombie":89,"born_in_chaos_v1:dread_hound":1,"born_in_chaos_v1:corpse_fly":4,"minecraft:vex":1,"deep_dark_regrowth:corrupted_skeleton":1,"born_in_chaos_v1:maggot":7,"cataclysm:lionfish":1,"minecraft:drowned":2,"born_in_chaos_v1:fallen_chaos_knight":1,"born_in_chaos_v1:baby_skeleton":1,"minecraft:squid":11,"born_in_chaos_v1:decrepit_skeleton":4,"spore:inf_pillager":9,"with_many_voices:with_many_voices":1},"minecraft:dropped":{"minecraft:iron_sword":1,"butchersdelight:dead_cow":2,"minecraft:oak_log":46,"minecraft:crafting_table":1,"minecraft:decorated_pot":2,"hexerei:crow_blank_amulet":2,"hexerei:witch_helmet":1,"minecraft:leather":5,"siren_head:siren_head_spawn_egg":1,"born_in_chaos_v1:monster_flesh":1,"minecraft:dark_oak_log":1,"hexerei:mandrake_flower":1,"spore:innards":10,"minecraft:sand":137,"minecraft:sugar":1,"minecraft:iron_pickaxe":2,"immersiveengineering:blastbrick":9,"minecraft:fishing_rod":1,"hexerei:witch_hazel_fence":1,"hexerei:sage":3,"minecraft:bone":2,"minecraft:white_tulip":1,"minecraft:lever":1,"born_in_chaos_v1:ethereal_spirit":1,"minecraft:soul_lantern":1,"minecraft:rotten_flesh":91,"minecraft:oak_planks":4,"minecraft:white_candle":1,"minecraft:carrot":2,"supplementaries:ash":1,"hexerei:infused_fabric":1,"immersiveengineering:manual":1,"minecraft:melon_seeds":2,"born_in_chaos_v1:corpse_maggot":3,"minecraft:leather_boots":1,"minecraft:birch_door":1,"spore:alveolic_sack":12,"hexerei:witch_chestplate":1,"minecraft:written_book":1,"minecraft:iron_ingot":3,"minecraft:bread":10,"hexerei:infused_fabric_carpet_dyed_gray":2,"minecraft:iron_helmet":1,"minecraft:lead":1,"minecraft:book":155,"spore:tendons":6,"minecraft:spruce_door":2,"minecraft:coal":31,"minecraft:cobweb":69,"butchersdelight:skullcow":1,"minecraft:ink_sac":25,"minecraft:torch":32,"minecraft:iron_leggings":1,"minecraft:flowering_azalea":1,"minecraft:wither_rose":7,"spore:mutated_heart":7,"minecraft:string":25,"minecraft:redstone":2,"minecraft:tall_grass":2,"minecraft:wither_skeleton_skull":2,"minecraft:iron_boots":1,"spore:cerebrum":11,"spore:mutated_fiber":67,"travelersbackpack:emerald":1,"minecraft:flower_pot":3,"immersiveengineering:treated_wood_horizontal":10,"hexerei:witch_boots":1,"spore:altered_spleen":4,"minecraft:iron_chestplate":1,"born_in_chaos_v1:intoxicating_dagger":1,"minecraft:golden_sword":1,"mushys_fallen_monsters:fallen_part":1,"minecraft:spider_eye":2,"regions_unexplored:silt_dirt":6},"minecraft:picked_up":{"spore:mutated_heart":8,"minecraft:birch_door":1,"minecraft:wheat":4,"minecraft:iron_trapdoor":1,"minecraft:flower_pot":3,"regions_unexplored:silt_dirt":11,"minecraft:wither_rose":7,"minecraft:potion":2,"travelersbackpack:emerald":1,"minecraft:music_disc_cat":3,"minecraft:string":19,"minecraft:iron_leggings":3,"minecraft:pufferfish":1,"minecraft:deepslate_tiles":2,"minecraft:cobbled_deepslate":13,"minecraft:smooth_stone":2,"minecraft:white_tulip":1,"hexerei:infused_fabric":3,"mushys_fallen_monsters:fallen_part":1,"minecraft:stick":31,"tarotcards:the_magician":1,"minecraft:brown_terracotta":1,"minecraft:torch":220,"travelersbackpack:iron_tier_upgrade":1,"minecraft:diorite":18,"minecraft:quartz_block":87,"minecraft:rotten_flesh":119,"hexerei:witch_chestplate":2,"minecraft:tropical_fish":1,"minecraft:red_tulip":1,"supplementaries:ash":2,"minecraft:obsidian":6,"minecraft:cod":5,"minecraft:cobblestone":45,"minecraft:birch_log":1,"minecraft:black_bed":1,"map_atlases:atlas":1,"minecraft:flint":1,"hexerei:mandrake_flower":2,"minecraft:lapis_lazuli":69,"minecraft:wither_skeleton_skull":2,"thestairwell:scp_087_b_1_spawn_egg":1,"travelersbackpack:gold_tier_upgrade":1,"minecraft:dirt":15,"minecraft:bone":24,"minecraft:gray_terracotta":3,"minecraft:wheat_seeds":12,"minecraft:cobbled_deepslate_slab":2,"minecraft:dark_oak_sign":5,"tarotcards:the_emperor":1,"minecraft:glowstone_dust":2,"minecraft:moss_block":3,"the_old_ai:scp_079_offline":1,"minecraft:oak_planks":4,"spore:cerebrum":3,"minecraft:music_disc_13":1,"tarotcards:the_empress":1,"butchersdelight:skullcow":1,"minecraft:sand":164,"hexerei:sage":5,"minecraft:ink_sac":29,"minecraft:white_candle":1,"minecraft:sugar":1,"minecraft:soul_lantern":3,"minecraft:lever":1,"minecraft:granite":1,"minecraft:bone_meal":1,"minecraft:golden_apple":2,"minecraft:bread":76,"spore:spine_fragment":6,"minecraft:oak_sapling":38,"minecraft:fishing_rod":1,"minecraft:crafting_table":1,"minecraft:ladder":2,"minecraft:redstone_lamp":1,"immersiveengineering:manual":1,"minecraft:moss_carpet":5,"butchersdelight:dead_cow":2,"hexerei:infused_fabric_carpet_dyed_gray":12,"deep_dark_regrowth:sculk_soil":1,"minecraft:tinted_glass":6,"minecraft:sugar_cane":6,"minecraft:spruce_trapdoor":2,"hexerei:witch_hazel_window_pane":2,"minecraft:polished_deepslate_slab":1,"minecraft:oak_door":2,"minecraft:cookie":3,"minecraft:carrot":3,"minecraft:redstone":21,"hexerei:witch_hazel_fence":7,"minecraft:dark_oak_planks":3,"hexerei:sage_seed":6,"minecraft:arrow":17,"minecraft:decorated_pot":2,"minecraft:hay_block":26,"hexerei:witch_boots":2,"deep_dark_regrowth:sculk_bone":4,"minecraft:white_wool":1,"born_in_chaos_v1:corpse_maggot":6,"born_in_chaos_v1:monster_flesh":1,"minecraft:tripwire_hook":2,"minecraft:salmon":2,"minecraft:brown_concrete":1,"minecraft:oak_log":89,"minecraft:yellow_bed":2,"hexerei:crow_blank_amulet":1,"minecraft:gunpowder":1,"hexerei:witch_helmet":2,"minecraft:apple":3,"born_in_chaos_v1:intoxicating_dagger":1,"minecraft:stone_bricks":3,"minecraft:iron_ingot":1,"minecraft:cobweb":25,"deep_dark_regrowth:short_infected_mushroom":1,"spore:mutated_fiber":35,"minecraft:tall_grass":1,"minecraft:iron_sword":1,"minecraft:soul_sand":2,"minecraft:flowering_azalea":1,"minecraft:book":320,"minecraft:milk_bucket":1,"minecraft:stone_brick_slab":2,"born_in_chaos_v1:ethereal_spirit":1,"minecraft:spruce_door":2,"minecraft:spider_eye":4,"immersiveengineering:seed":8,"minecraft:coal":16,"minecraft:ender_pearl":1},"minecraft:mined":{"minecraft:dark_oak_planks":3,"spore:fungal_roots":46,"spore:wall_growths":79,"minecraft:potted_dead_bush":1,"minecraft:granite":1,"minecraft:grass_block":8,"spore:fungal_stem":22,"hexerei:witch_hazel_fence":6,"minecraft:spawner":2,"minecraft:tall_seagrass":2,"minecraft:moss_carpet":4,"minecraft:deepslate_lapis_ore":10,"spore:growth_mycelium":15,"minecraft:polished_deepslate_slab":2,"minecraft:dirt_path":1,"graveyard:wither_skull_pile":1,"regions_unexplored:silt_grass_block":2,"minecraft:deepslate_redstone_ore":8,"minecraft:gray_terracotta":6,"minecraft:quartz_block":7,"deep_dark_regrowth:sculk_ribs":5,"spore:growths_big":21,"minecraft:torch":13,"deep_dark_regrowth:overloaded_sculk":18,"minecraft:sugar_cane":2,"minecraft:wall_torch":13,"realmrpg_skeletons:webbed_skeleton":1,"minecraft:birch_log":1,"minecraft:wheat":5,"minecraft:black_bed":1,"minecraft:wither_rose":6,"minecraft:grass":23,"minecraft:oak_log":4,"minecraft:sand":151,"minecraft:dirt":8,"spore:hanging_fungal_stem":57,"minecraft:wither_skeleton_skull":1,"minecraft:oak_leaves":2,"minecraft:deepslate":2,"spore:remains":11,"spore:wall_growths_big":87,"minecraft:brown_concrete":2,"deep_dark_regrowth:sculk_soil":9,"minecraft:potted_wither_rose":1,"deep_dark_regrowth:sculk_sprouts":2,"minecraft:cobbled_deepslate_slab":3,"minecraft:redstone_wire":2,"hexerei:infused_fabric_carpet_dyed_gray":5,"minecraft:spruce_leaves":3,"minecraft:moss_block":6,"spore:growths_small":21,"minecraft:hay_block":26,"spore:blomfung":29,"treechop:chopped_log":7,"minecraft:peony":1,"minecraft:bookshelf":53,"minecraft:vine":2,"hexerei:witch_hazel_window_pane":2,"butchersdelight:skullcow":1,"minecraft:stone":42,"supplementaries:wall_lantern":2,"hexerei:mandrake_flower":1,"minecraft:flowering_azalea":1,"minecraft:soul_sand":2,"hexerei:witch_hazel_leaves":1,"regions_unexplored:silt_dirt":12,"minecraft:tall_grass":5,"the_old_ai:scp_079_refuse":1,"minecraft:sculk":220,"minecraft:diorite":17,"supplementaries:urn":4,"graveyard:vase_block":1,"deep_dark_regrowth:sculk_exhaler":1,"spore:bloomfung2":116,"minecraft:yellow_bed":2,"spore:fungal_stem_top":9,"minecraft:coal_ore":16,"minecraft:cobweb":4,"minecraft:brown_terracotta":2,"hexerei:sage_crop":2,"minecraft:chipped_anvil":1,"minecraft:iron_trapdoor":1,"minecraft:fern":1},"minecraft:custom":{"minecraft:animals_bred":1,"minecraft:interact_with_crafting_table":54,"minecraft:leave_game":4,"minecraft:time_since_death":118182,"minecraft:sprint_one_cm":1360577,"minecraft:drop":115,"minecraft:talked_to_villager":11,"minecraft:play_time":422668,"minecraft:deaths":14,"minecraft:jump":8752,"minecraft:walk_on_water_one_cm":36647,"minecraft:enchant_item":4,"minecraft:interact_with_furnace":28,"minecraft:play_record":3,"minecraft:interact_with_cartography_table":3,"minecraft:sleep_in_bed":5,"minecraft:damage_dealt":43025,"minecraft:player_kills":1,"minecraft:crouch_one_cm":62550,"minecraft:interact_with_smithing_table":11,"minecraft:mob_kills":219,"minecraft:interact_with_anvil":5,"minecraft:damage_dealt_resisted":3193,"minecraft:climb_one_cm":28884,"minecraft:walk_one_cm":948830,"minecraft:sneak_time":30798,"minecraft:walk_under_water_one_cm":27654,"minecraft:total_world_time":422668,"minecraft:interact_with_stonecutter":1,"minecraft:time_since_rest":69649,"minecraft:damage_taken":13075,"minecraft:damage_absorbed":234,"minecraft:swim_one_cm":36780,"minecraft:fly_one_cm":1848988,"minecraft:open_chest":208,"minecraft:fish_caught":8,"minecraft:fall_one_cm":224971}},"DataVersion":3120}