{"stats":{"minecraft:killed":{"born_in_chaos_v1:mr_pumpkin":3,"born_in_chaos_v1:restless_spirit":1,"minecraft:spider":2,"born_in_chaos_v1:maggot":1,"minecraft:skeleton":1,"cataclysm:lionfish":1,"born_in_chaos_v1:decrepit_skeleton":1,"minecraft:zombie":8},"minecraft:dropped":{"hexerei:infused_fabric_carpet_dyed_gray":2,"butchersdelight:dead_cow":2,"minecraft:crafting_table":1,"hexerei:crow_blank_amulet":1,"minecraft:coal":19,"minecraft:dark_oak_log":1,"minecraft:wither_rose":7,"minecraft:flowering_azalea":1,"minecraft:sand":12,"minecraft:iron_pickaxe":1,"minecraft:fishing_rod":1,"minecraft:white_tulip":1,"minecraft:soul_lantern":1,"minecraft:tall_grass":2,"minecraft:wither_skeleton_skull":2,"minecraft:white_candle":1,"minecraft:oak_planks":4,"minecraft:flower_pot":1,"minecraft:melon_seeds":2,"born_in_chaos_v1:corpse_maggot":1,"minecraft:leather_boots":1,"mushys_fallen_monsters:fallen_part":1,"minecraft:golden_sword":1,"regions_unexplored:silt_dirt":6,"minecraft:written_book":1},"minecraft:killed_by":{"cataclysm:lionfish":1,"cataclysm:deepling_brute":5,"minecraft:zombie":1},"minecraft:custom":{"minecraft:interact_with_smithing_table":11,"minecraft:mob_kills":21,"minecraft:interact_with_anvil":2,"minecraft:interact_with_crafting_table":35,"minecraft:damage_dealt_resisted":100,"minecraft:leave_game":4,"minecraft:time_since_death":72272,"minecraft:climb_one_cm":6328,"minecraft:sprint_one_cm":331875,"minecraft:walk_one_cm":299729,"minecraft:drop":30,"minecraft:play_time":150644,"minecraft:deaths":8,"minecraft:sneak_time":8800,"minecraft:walk_under_water_one_cm":1407,"minecraft:jump":2881,"minecraft:walk_on_water_one_cm":7423,"minecraft:total_world_time":150644,"minecraft:interact_with_furnace":24,"minecraft:sleep_in_bed":3,"minecraft:time_since_rest":60927,"minecraft:damage_taken":3295,"minecraft:damage_dealt":4670,"minecraft:swim_one_cm":5671,"minecraft:fly_one_cm":569044,"minecraft:open_chest":49,"minecraft:crouch_one_cm":23969,"minecraft:fish_caught":8,"minecraft:fall_one_cm":74677},"minecraft:mined":{"minecraft:brown_concrete":2,"minecraft:potted_wither_rose":1,"minecraft:cobbled_deepslate_slab":3,"minecraft:grass_block":4,"hexerei:infused_fabric_carpet_dyed_gray":5,"minecraft:spruce_leaves":3,"minecraft:moss_block":6,"minecraft:spawner":1,"treechop:chopped_log":2,"minecraft:polished_deepslate_slab":2,"minecraft:vine":1,"minecraft:dirt_path":1,"minecraft:stone":42,"graveyard:wither_skull_pile":1,"regions_unexplored:silt_grass_block":2,"supplementaries:wall_lantern":2,"minecraft:gray_terracotta":6,"minecraft:flowering_azalea":1,"minecraft:soul_sand":2,"minecraft:torch":2,"regions_unexplored:silt_dirt":12,"minecraft:tall_grass":4,"minecraft:diorite":17,"minecraft:wall_torch":1,"graveyard:vase_block":1,"minecraft:birch_log":1,"minecraft:wheat":5,"minecraft:black_bed":1,"minecraft:yellow_bed":2,"minecraft:wither_rose":6,"minecraft:grass":12,"minecraft:oak_log":4,"minecraft:coal_ore":16,"minecraft:sand":26,"minecraft:dirt":5,"minecraft:cobweb":3,"minecraft:brown_terracotta":2,"minecraft:wither_skeleton_skull":1,"minecraft:chipped_anvil":1,"minecraft:oak_leaves":2},"minecraft:crafted":{"travelersbackpack:ocelot":2,"minecraft:oak_planks":96,"minecraft:fishing_rod":2,"travelersbackpack:crafting_upgrade":2,"travelersbackpack:blank_upgrade":4,"minecraft:flint_and_steel":1,"minecraft:glass":35,"travelersbackpack:white_sleeping_bag":1,"minecraft:iron_axe":1,"quark:spruce_chest":1,"minecraft:dark_oak_planks":16,"minecraft:crafting_table":2,"minecraft:spruce_planks":16,"travelersbackpack:backpack_tank":4,"travelersbackpack:standard":3,"minecraft:smithing_table":1,"minecraft:cooked_salmon":5,"minecraft:golden_shovel":1,"minecraft:bread":1,"minecraft:air":0,"minecraft:white_wool":3,"minecraft:stick":12,"quark:oak_chest":1,"minecraft:iron_ingot":2,"minecraft:torch":16},"minecraft:picked_up":{"minecraft:crafting_table":1,"minecraft:wheat":4,"minecraft:flower_pot":1,"regions_unexplored:silt_dirt":11,"minecraft:wither_rose":7,"minecraft:potion":1,"minecraft:string":5,"minecraft:iron_leggings":1,"minecraft:pufferfish":1,"butchersdelight:dead_cow":2,"hexerei:infused_fabric_carpet_dyed_gray":6,"minecraft:white_tulip":1,"mushys_fallen_monsters:fallen_part":1,"minecraft:stick":9,"minecraft:polished_deepslate_slab":1,"minecraft:brown_terracotta":1,"minecraft:torch":3,"travelersbackpack:iron_tier_upgrade":1,"minecraft:diorite":18,"hexerei:sage_seed":1,"minecraft:rotten_flesh":20,"minecraft:tropical_fish":1,"supplementaries:ash":1,"minecraft:cod":5,"minecraft:cobblestone":42,"minecraft:birch_log":1,"born_in_chaos_v1:corpse_maggot":1,"minecraft:tripwire_hook":2,"minecraft:salmon":2,"minecraft:black_bed":1,"minecraft:flint":1,"minecraft:brown_concrete":1,"minecraft:oak_log":24,"minecraft:yellow_bed":2,"minecraft:wither_skeleton_skull":2,"travelersbackpack:gold_tier_upgrade":1,"minecraft:dirt":9,"minecraft:bone":5,"minecraft:gray_terracotta":3,"minecraft:wheat_seeds":4,"minecraft:cobbled_deepslate_slab":2,"minecraft:tall_grass":1,"minecraft:soul_sand":1,"minecraft:moss_block":3,"minecraft:flowering_azalea":1,"minecraft:oak_planks":4,"tarotcards:the_empress":1,"minecraft:sand":39,"minecraft:ink_sac":3,"minecraft:white_candle":1,"minecraft:soul_lantern":3,"minecraft:bone_meal":1,"minecraft:bread":12,"minecraft:oak_sapling":6,"minecraft:coal":16},"minecraft:used":{"regions_unexplored:silt_dirt":5,"minecraft:moss_block":3,"minecraft:bone_block":3,"minecraft:spruce_planks":1,"minecraft:brown_concrete":1,"minecraft:iron_sword":41,"minecraft:torch":15,"minecraft:dirt":3,"minecraft:carrot":7,"hexerei:infused_fabric_carpet_dyed_gray":2,"minecraft:golden_shovel":13,"minecraft:wooden_axe":1,"minecraft:brown_terracotta":1,"minecraft:iron_axe":37,"minecraft:iron_helmet":1,"minecraft:iron_boots":1,"travelersbackpack:ocelot":2,"minecraft:written_book":1,"minecraft:diorite":18,"minecraft:oak_planks":72,"minecraft:polished_deepslate_slab":1,"minecraft:crossbow":10,"minecraft:black_bed":2,"minecraft:gray_terracotta":3,"minecraft:bread":32,"minecraft:iron_pickaxe":102,"minecraft:soul_lantern":6,"minecraft:fishing_rod":14,"minecraft:cobblestone":41,"minecraft:smithing_table":1,"minecraft:black_candle":9,"minecraft:yellow_bed":2,"minecraft:cobweb":3}},"DataVersion":3120}