{"stats":{"minecraft:used":{"regions_unexplored:silt_dirt":5,"minecraft:moss_block":3,"minecraft:iron_shovel":105,"minecraft:bone_block":3,"minecraft:ladder":6,"minecraft:brown_concrete":1,"minecraft:iron_sword":269,"minecraft:carrot":7,"hexerei:infused_fabric_carpet_dyed_gray":8,"minecraft:quartz_block":70,"minecraft:iron_helmet":1,"minecraft:bow":13,"minecraft:written_book":1,"minecraft:diorite":18,"minecraft:oak_planks":72,"minecraft:sugar_cane":3,"minecraft:diamond_axe":66,"minecraft:golden_apple":2,"thestairwell:scp_087_b_1_spawn_egg":1,"minecraft:crossbow":16,"minecraft:black_bed":2,"minecraft:deepslate_tiles":2,"minecraft:bread":128,"minecraft:soul_lantern":6,"minecraft:smithing_table":1,"minecraft:cobweb":3,"minecraft:enchanting_table":1,"quark:dark_oak_bookshelf":3,"minecraft:spruce_planks":2,"minecraft:cooked_salmon":5,"minecraft:torch":110,"minecraft:dirt":4,"minecraft:golden_shovel":33,"minecraft:brown_terracotta":1,"minecraft:dark_oak_planks":21,"minecraft:wooden_axe":1,"minecraft:bookshelf":12,"minecraft:iron_axe":191,"minecraft:iron_boots":1,"born_in_chaos_v1:intoxicating_dagger":2,"travelersbackpack:ocelot":3,"minecraft:iron_trapdoor":1,"minecraft:iron_leggings":1,"minecraft:water_bucket":10,"minecraft:cartography_table":1,"minecraft:polished_deepslate_slab":1,"minecraft:music_disc_cat":2,"minecraft:gray_terracotta":3,"minecraft:apple":10,"minecraft:iron_pickaxe":113,"minecraft:fishing_rod":14,"minecraft:potion":1,"minecraft:cobblestone":41,"minecraft:bucket":10,"minecraft:black_candle":9,"minecraft:yellow_bed":2,"minecraft:jukebox":1,"minecraft:smooth_stone":2},"minecraft:killed_by":{"theplaguedoctor:plague_doctor":2,"spore:inf_player":1,"spore:inf_villager":1,"cataclysm:deepling_brute":5,"minecraft:zombie":1,"minecraft:vex":1,"minecraft:stray":1,"cataclysm:lionfish":1},"minecraft:broken":{"minecraft:golden_shovel":1,"minecraft:iron_leggings":1,"minecraft:iron_axe":1},"minecraft:crafted":{"travelersbackpack:ocelot":2,"minecraft:oak_planks":172,"travelersbackpack:crafting_upgrade":2,"quark:dark_oak_bookshelf":3,"minecraft:bookshelf":12,"minecraft:glass":35,"minecraft:crafting_table":2,"minecraft:spruce_planks":16,"travelersbackpack:standard":3,"minecraft:smithing_table":1,"minecraft:cartography_table":1,"minecraft:paper":3,"quark:oak_chest":1,"minecraft:stick":12,"minecraft:iron_ingot":2,"minecraft:fishing_rod":2,"minecraft:jukebox":1,"travelersbackpack:blank_upgrade":4,"minecraft:flint_and_steel":1,"travelersbackpack:white_sleeping_bag":1,"minecraft:iron_axe":1,"minecraft:ladder":4,"quark:spruce_chest":1,"minecraft:dark_oak_planks":48,"minecraft:wheat":234,"minecraft:enchanting_table":1,"travelersbackpack:backpack_tank":4,"minecraft:cooked_salmon":5,"minecraft:golden_shovel":1,"minecraft:bucket":2,"minecraft:bread":76,"minecraft:air":0,"minecraft:white_wool":3,"minecraft:iron_shovel":1,"minecraft:iron_leggings":1,"minecraft:torch":100},"minecraft:killed":{"spore:inf_hazmat":3,"born_in_chaos_v1:mr_pumpkin":4,"minecraft:witch":1,"graveyard:skeleton_creeper":1,"born_in_chaos_v1:restless_spirit":2,"minecraft:spider":6,"minecraft:skeleton":4,"spore:inf_player":3,"spore:inf_wanderer":1,"minecraft:creeper":1,"theplaguedoctor:plague_doctor":5,"spore:inf_villager":1,"spore:inf_human":4,"minecraft:zombie":39,"born_in_chaos_v1:corpse_fly":1,"minecraft:vex":1,"born_in_chaos_v1:maggot":4,"cataclysm:lionfish":1,"minecraft:drowned":2,"minecraft:squid":11,"born_in_chaos_v1:decrepit_skeleton":1},"minecraft:dropped":{"butchersdelight:dead_cow":2,"minecraft:oak_log":46,"minecraft:crafting_table":1,"minecraft:decorated_pot":2,"hexerei:crow_blank_amulet":2,"hexerei:witch_helmet":1,"minecraft:leather":5,"siren_head:siren_head_spawn_egg":1,"minecraft:dark_oak_log":1,"hexerei:mandrake_flower":1,"spore:innards":10,"minecraft:sand":137,"minecraft:sugar":1,"minecraft:iron_pickaxe":1,"immersiveengineering:blastbrick":9,"minecraft:fishing_rod":1,"minecraft:bone":2,"minecraft:white_tulip":1,"minecraft:soul_lantern":1,"minecraft:rotten_flesh":90,"minecraft:oak_planks":4,"minecraft:white_candle":1,"supplementaries:ash":1,"hexerei:infused_fabric":1,"immersiveengineering:manual":1,"minecraft:melon_seeds":2,"born_in_chaos_v1:corpse_maggot":3,"minecraft:leather_boots":1,"minecraft:birch_door":1,"spore:alveolic_sack":12,"hexerei:witch_chestplate":1,"minecraft:written_book":1,"minecraft:iron_ingot":3,"minecraft:bread":9,"hexerei:infused_fabric_carpet_dyed_gray":2,"minecraft:iron_helmet":1,"minecraft:lead":1,"minecraft:book":155,"spore:tendons":6,"minecraft:spruce_door":2,"minecraft:coal":19,"minecraft:cobweb":66,"butchersdelight:skullcow":1,"minecraft:ink_sac":25,"minecraft:iron_leggings":1,"minecraft:flowering_azalea":1,"minecraft:wither_rose":7,"spore:mutated_heart":7,"minecraft:string":25,"minecraft:redstone":2,"minecraft:tall_grass":2,"minecraft:wither_skeleton_skull":2,"minecraft:iron_boots":1,"spore:cerebrum":11,"spore:mutated_fiber":67,"minecraft:flower_pot":3,"immersiveengineering:treated_wood_horizontal":10,"hexerei:witch_boots":1,"spore:altered_spleen":4,"minecraft:iron_chestplate":1,"born_in_chaos_v1:intoxicating_dagger":1,"minecraft:golden_sword":1,"mushys_fallen_monsters:fallen_part":1,"regions_unexplored:silt_dirt":6},"minecraft:picked_up":{"spore:mutated_heart":1,"minecraft:birch_door":1,"minecraft:wheat":4,"minecraft:iron_trapdoor":1,"minecraft:flower_pot":3,"regions_unexplored:silt_dirt":11,"minecraft:wither_rose":7,"minecraft:potion":2,"minecraft:music_disc_cat":3,"minecraft:string":18,"minecraft:iron_leggings":2,"minecraft:pufferfish":1,"minecraft:deepslate_tiles":2,"minecraft:smooth_stone":2,"minecraft:white_tulip":1,"hexerei:infused_fabric":3,"mushys_fallen_monsters:fallen_part":1,"minecraft:stick":31,"minecraft:brown_terracotta":1,"minecraft:torch":214,"travelersbackpack:iron_tier_upgrade":1,"minecraft:diorite":18,"minecraft:quartz_block":87,"minecraft:rotten_flesh":67,"hexerei:witch_chestplate":2,"minecraft:tropical_fish":1,"minecraft:red_tulip":1,"supplementaries:ash":2,"minecraft:obsidian":6,"minecraft:cod":5,"minecraft:cobblestone":42,"minecraft:birch_log":1,"minecraft:black_bed":1,"map_atlases:atlas":1,"minecraft:flint":1,"hexerei:mandrake_flower":2,"minecraft:wither_skeleton_skull":2,"thestairwell:scp_087_b_1_spawn_egg":1,"travelersbackpack:gold_tier_upgrade":1,"minecraft:dirt":14,"minecraft:bone":9,"minecraft:gray_terracotta":3,"minecraft:wheat_seeds":12,"minecraft:cobbled_deepslate_slab":2,"minecraft:dark_oak_sign":5,"minecraft:glowstone_dust":2,"minecraft:moss_block":3,"minecraft:oak_planks":4,"spore:cerebrum":1,"minecraft:music_disc_13":1,"tarotcards:the_empress":1,"butchersdelight:skullcow":1,"minecraft:sand":164,"hexerei:sage":5,"minecraft:ink_sac":29,"minecraft:white_candle":1,"minecraft:sugar":1,"minecraft:soul_lantern":3,"minecraft:bone_meal":1,"minecraft:golden_apple":2,"minecraft:bread":76,"spore:spine_fragment":2,"minecraft:oak_sapling":38,"minecraft:crafting_table":1,"minecraft:ladder":2,"minecraft:redstone_lamp":1,"immersiveengineering:manual":1,"minecraft:moss_carpet":4,"butchersdelight:dead_cow":2,"hexerei:infused_fabric_carpet_dyed_gray":12,"minecraft:tinted_glass":6,"minecraft:sugar_cane":6,"minecraft:spruce_trapdoor":2,"hexerei:witch_hazel_window_pane":2,"minecraft:polished_deepslate_slab":1,"minecraft:oak_door":2,"minecraft:redstone":2,"hexerei:witch_hazel_fence":6,"minecraft:dark_oak_planks":3,"hexerei:sage_seed":6,"minecraft:arrow":2,"minecraft:decorated_pot":2,"minecraft:hay_block":26,"hexerei:witch_boots":2,"minecraft:white_wool":1,"born_in_chaos_v1:corpse_maggot":3,"minecraft:tripwire_hook":2,"minecraft:salmon":2,"minecraft:brown_concrete":1,"minecraft:oak_log":89,"minecraft:yellow_bed":2,"hexerei:crow_blank_amulet":1,"minecraft:gunpowder":1,"hexerei:witch_helmet":2,"minecraft:apple":3,"born_in_chaos_v1:intoxicating_dagger":1,"minecraft:stone_bricks":3,"minecraft:cobweb":22,"spore:mutated_fiber":10,"minecraft:tall_grass":1,"minecraft:soul_sand":1,"minecraft:flowering_azalea":1,"minecraft:book":320,"minecraft:milk_bucket":1,"minecraft:stone_brick_slab":2,"born_in_chaos_v1:ethereal_spirit":1,"minecraft:spruce_door":2,"minecraft:spider_eye":2,"immersiveengineering:seed":8,"minecraft:coal":16,"minecraft:ender_pearl":1},"minecraft:mined":{"minecraft:dark_oak_planks":3,"spore:fungal_roots":46,"spore:wall_growths":79,"minecraft:potted_dead_bush":1,"minecraft:grass_block":8,"spore:fungal_stem":22,"hexerei:witch_hazel_fence":6,"minecraft:spawner":1,"minecraft:tall_seagrass":2,"minecraft:moss_carpet":4,"spore:growth_mycelium":15,"minecraft:polished_deepslate_slab":2,"minecraft:dirt_path":1,"graveyard:wither_skull_pile":1,"regions_unexplored:silt_grass_block":2,"minecraft:gray_terracotta":6,"minecraft:quartz_block":7,"spore:growths_big":14,"minecraft:torch":10,"minecraft:sugar_cane":2,"minecraft:wall_torch":10,"minecraft:birch_log":1,"minecraft:wheat":5,"minecraft:black_bed":1,"minecraft:wither_rose":6,"minecraft:grass":20,"minecraft:oak_log":4,"minecraft:sand":151,"minecraft:dirt":6,"spore:hanging_fungal_stem":57,"minecraft:wither_skeleton_skull":1,"minecraft:oak_leaves":2,"spore:remains":10,"spore:wall_growths_big":87,"minecraft:brown_concrete":2,"minecraft:potted_wither_rose":1,"minecraft:cobbled_deepslate_slab":3,"minecraft:redstone_wire":2,"hexerei:infused_fabric_carpet_dyed_gray":5,"minecraft:spruce_leaves":3,"minecraft:moss_block":6,"spore:growths_small":19,"minecraft:hay_block":26,"spore:blomfung":29,"treechop:chopped_log":7,"minecraft:peony":1,"minecraft:bookshelf":53,"minecraft:vine":2,"hexerei:witch_hazel_window_pane":2,"butchersdelight:skullcow":1,"minecraft:stone":42,"supplementaries:wall_lantern":2,"hexerei:mandrake_flower":1,"minecraft:flowering_azalea":1,"minecraft:soul_sand":2,"hexerei:witch_hazel_leaves":1,"regions_unexplored:silt_dirt":12,"minecraft:tall_grass":4,"minecraft:diorite":17,"graveyard:vase_block":1,"spore:bloomfung2":116,"minecraft:yellow_bed":2,"spore:fungal_stem_top":9,"minecraft:coal_ore":16,"minecraft:cobweb":4,"minecraft:brown_terracotta":2,"hexerei:sage_crop":2,"minecraft:chipped_anvil":1,"minecraft:iron_trapdoor":1,"minecraft:fern":1},"minecraft:custom":{"minecraft:animals_bred":1,"minecraft:interact_with_crafting_table":50,"minecraft:leave_game":4,"minecraft:time_since_death":52182,"minecraft:sprint_one_cm":1097611,"minecraft:drop":99,"minecraft:talked_to_villager":11,"minecraft:play_time":356668,"minecraft:deaths":14,"minecraft:jump":6725,"minecraft:walk_on_water_one_cm":31329,"minecraft:interact_with_furnace":28,"minecraft:play_record":2,"minecraft:interact_with_cartography_table":3,"minecraft:sleep_in_bed":5,"minecraft:damage_dealt":24944,"minecraft:player_kills":1,"minecraft:crouch_one_cm":57250,"minecraft:interact_with_smithing_table":11,"minecraft:mob_kills":108,"minecraft:interact_with_anvil":5,"minecraft:damage_dealt_resisted":110,"minecraft:climb_one_cm":24509,"minecraft:walk_one_cm":790550,"minecraft:sneak_time":27256,"minecraft:walk_under_water_one_cm":20873,"minecraft:total_world_time":356668,"minecraft:interact_with_stonecutter":1,"minecraft:time_since_rest":3649,"minecraft:damage_taken":10518,"minecraft:damage_absorbed":73,"minecraft:swim_one_cm":35439,"minecraft:fly_one_cm":1470822,"minecraft:open_chest":166,"minecraft:fish_caught":8,"minecraft:fall_one_cm":173187}},"DataVersion":3120}