{"stats":{"minecraft:killed":{"born_in_chaos_v1:mr_pumpkin":1,"minecraft:zombie":2,"cataclysm:lionfish":1},"minecraft:dropped":{"minecraft:white_tulip":1,"hexerei:infused_fabric_carpet_dyed_gray":2,"butchersdelight:dead_cow":2,"minecraft:soul_lantern":1,"minecraft:tall_grass":2,"minecraft:wither_skeleton_skull":2,"minecraft:coal":19,"minecraft:flower_pot":1,"minecraft:melon_seeds":2,"minecraft:leather_boots":1,"minecraft:golden_sword":1,"minecraft:wither_rose":7,"minecraft:flowering_azalea":1,"minecraft:iron_pickaxe":1,"regions_unexplored:silt_dirt":6,"minecraft:written_book":1},"minecraft:killed_by":{"cataclysm:deepling_brute":5,"minecraft:zombie":1,"cataclysm:lionfish":1},"minecraft:custom":{"minecraft:interact_with_furnace":4,"minecraft:interact_with_anvil":1,"minecraft:mob_kills":6,"minecraft:interact_with_crafting_table":7,"minecraft:leave_game":3,"minecraft:time_since_death":58734,"minecraft:sleep_in_bed":2,"minecraft:climb_one_cm":3511,"minecraft:time_since_rest":4996,"minecraft:sprint_one_cm":216328,"minecraft:damage_taken":2246,"minecraft:walk_one_cm":174761,"minecraft:drop":21,"minecraft:damage_dealt":943,"minecraft:swim_one_cm":1534,"minecraft:fly_one_cm":440574,"minecraft:open_chest":20,"minecraft:crouch_one_cm":8381,"minecraft:play_time":75637,"minecraft:sneak_time":3317,"minecraft:deaths":7,"minecraft:walk_under_water_one_cm":877,"minecraft:jump":2000,"minecraft:walk_on_water_one_cm":4125,"minecraft:total_world_time":75637,"minecraft:fall_one_cm":57364},"minecraft:mined":{"minecraft:gray_terracotta":6,"minecraft:flowering_azalea":1,"minecraft:brown_concrete":2,"minecraft:soul_sand":2,"minecraft:potted_wither_rose":1,"minecraft:torch":2,"minecraft:cobbled_deepslate_slab":3,"minecraft:grass_block":4,"regions_unexplored:silt_dirt":12,"minecraft:tall_grass":4,"hexerei:infused_fabric_carpet_dyed_gray":3,"minecraft:spruce_leaves":3,"minecraft:moss_block":5,"minecraft:diorite":17,"minecraft:wall_torch":1,"minecraft:spawner":1,"graveyard:vase_block":1,"minecraft:birch_log":1,"minecraft:wheat":5,"minecraft:black_bed":1,"minecraft:yellow_bed":2,"minecraft:wither_rose":6,"minecraft:grass":9,"minecraft:coal_ore":16,"minecraft:polished_deepslate_slab":2,"minecraft:vine":1,"minecraft:dirt_path":1,"minecraft:dirt":5,"minecraft:brown_terracotta":2,"minecraft:wither_skeleton_skull":1,"minecraft:stone":42,"graveyard:wither_skull_pile":1,"regions_unexplored:silt_grass_block":2,"minecraft:chipped_anvil":1,"supplementaries:wall_lantern":2,"minecraft:oak_leaves":2},"minecraft:crafted":{"minecraft:spruce_planks":16,"minecraft:bread":1,"minecraft:air":0,"minecraft:flint_and_steel":1,"minecraft:stick":8,"minecraft:iron_ingot":2,"quark:spruce_chest":1,"minecraft:torch":16},"minecraft:picked_up":{"minecraft:birch_log":1,"minecraft:wheat":4,"minecraft:flower_pot":1,"minecraft:black_bed":1,"regions_unexplored:silt_dirt":11,"minecraft:wither_rose":7,"minecraft:flint":1,"minecraft:brown_concrete":1,"minecraft:yellow_bed":2,"minecraft:wither_skeleton_skull":2,"minecraft:dirt":9,"minecraft:iron_leggings":1,"minecraft:bone":4,"butchersdelight:dead_cow":2,"hexerei:infused_fabric_carpet_dyed_gray":4,"minecraft:gray_terracotta":3,"minecraft:wheat_seeds":4,"minecraft:cobbled_deepslate_slab":2,"minecraft:white_tulip":1,"minecraft:tall_grass":1,"minecraft:moss_block":3,"minecraft:flowering_azalea":1,"minecraft:soul_sand":1,"minecraft:polished_deepslate_slab":1,"minecraft:brown_terracotta":1,"minecraft:torch":3,"tarotcards:the_empress":1,"minecraft:diorite":18,"hexerei:sage_seed":1,"minecraft:rotten_flesh":10,"minecraft:soul_lantern":3,"minecraft:bone_meal":1,"minecraft:bread":12,"minecraft:coal":16,"minecraft:cobblestone":42},"minecraft:used":{"regions_unexplored:silt_dirt":5,"minecraft:moss_block":3,"minecraft:diorite":18,"minecraft:bone_block":3,"minecraft:brown_concrete":1,"minecraft:iron_sword":9,"minecraft:torch":15,"minecraft:polished_deepslate_slab":1,"minecraft:dirt":3,"minecraft:carrot":7,"minecraft:black_bed":2,"minecraft:brown_terracotta":1,"minecraft:gray_terracotta":3,"minecraft:wooden_axe":1,"minecraft:bread":16,"minecraft:iron_pickaxe":102,"minecraft:iron_helmet":1,"minecraft:iron_boots":1,"minecraft:soul_lantern":6,"minecraft:cobblestone":41,"minecraft:written_book":1,"minecraft:black_candle":9,"minecraft:yellow_bed":2}},"DataVersion":3120}