{"stats":{"minecraft:killed":{"born_in_chaos_v1:mr_pumpkin":1,"born_in_chaos_v1:restless_spirit":1,"minecraft:zombie":2,"cataclysm:lionfish":1},"minecraft:dropped":{"minecraft:white_tulip":1,"hexerei:infused_fabric_carpet_dyed_gray":2,"butchersdelight:dead_cow":2,"minecraft:soul_lantern":1,"minecraft:tall_grass":2,"minecraft:wither_skeleton_skull":2,"minecraft:coal":19,"minecraft:flower_pot":1,"minecraft:melon_seeds":2,"minecraft:leather_boots":1,"minecraft:golden_sword":1,"minecraft:wither_rose":7,"minecraft:flowering_azalea":1,"minecraft:iron_pickaxe":1,"regions_unexplored:silt_dirt":6,"minecraft:written_book":1},"minecraft:killed_by":{"cataclysm:deepling_brute":5,"minecraft:zombie":1,"cataclysm:lionfish":1},"minecraft:custom":{"minecraft:interact_with_furnace":12,"minecraft:interact_with_anvil":1,"minecraft:mob_kills":7,"minecraft:interact_with_crafting_table":22,"minecraft:leave_game":3,"minecraft:time_since_death":21265,"minecraft:sleep_in_bed":3,"minecraft:climb_one_cm":4388,"minecraft:time_since_rest":9920,"minecraft:sprint_one_cm":260135,"minecraft:damage_taken":2725,"minecraft:walk_one_cm":212812,"minecraft:drop":21,"minecraft:damage_dealt":1184,"minecraft:swim_one_cm":3824,"minecraft:fly_one_cm":484594,"minecraft:open_chest":29,"minecraft:crouch_one_cm":13357,"minecraft:play_time":99637,"minecraft:sneak_time":5228,"minecraft:deaths":8,"minecraft:walk_under_water_one_cm":1251,"minecraft:jump":2304,"minecraft:walk_on_water_one_cm":6510,"minecraft:total_world_time":99637,"minecraft:fall_one_cm":65938},"minecraft:mined":{"minecraft:gray_terracotta":6,"minecraft:flowering_azalea":1,"minecraft:brown_concrete":2,"minecraft:soul_sand":2,"minecraft:potted_wither_rose":1,"minecraft:torch":2,"minecraft:cobbled_deepslate_slab":3,"minecraft:grass_block":4,"regions_unexplored:silt_dirt":12,"minecraft:tall_grass":4,"hexerei:infused_fabric_carpet_dyed_gray":3,"minecraft:spruce_leaves":3,"minecraft:moss_block":5,"minecraft:diorite":17,"minecraft:wall_torch":1,"minecraft:spawner":1,"graveyard:vase_block":1,"minecraft:birch_log":1,"minecraft:wheat":5,"treechop:chopped_log":1,"minecraft:black_bed":1,"minecraft:yellow_bed":2,"minecraft:wither_rose":6,"minecraft:grass":10,"minecraft:coal_ore":16,"minecraft:polished_deepslate_slab":2,"minecraft:vine":1,"minecraft:dirt_path":1,"minecraft:sand":19,"minecraft:dirt":5,"minecraft:brown_terracotta":2,"minecraft:wither_skeleton_skull":1,"minecraft:stone":42,"graveyard:wither_skull_pile":1,"regions_unexplored:silt_grass_block":2,"minecraft:chipped_anvil":1,"supplementaries:wall_lantern":2,"minecraft:oak_leaves":2},"minecraft:crafted":{"minecraft:oak_planks":56,"travelersbackpack:crafting_upgrade":1,"minecraft:crafting_table":1,"minecraft:spruce_planks":16,"travelersbackpack:backpack_tank":2,"minecraft:golden_shovel":1,"travelersbackpack:blank_upgrade":4,"minecraft:bread":1,"minecraft:air":0,"minecraft:flint_and_steel":1,"minecraft:glass":12,"minecraft:iron_axe":1,"minecraft:stick":12,"minecraft:iron_ingot":2,"quark:spruce_chest":1,"minecraft:torch":16},"minecraft:picked_up":{"minecraft:birch_log":1,"minecraft:wheat":4,"minecraft:flower_pot":1,"minecraft:black_bed":1,"regions_unexplored:silt_dirt":11,"minecraft:wither_rose":7,"minecraft:flint":1,"minecraft:brown_concrete":1,"minecraft:oak_log":14,"minecraft:yellow_bed":2,"minecraft:wither_skeleton_skull":2,"minecraft:dirt":9,"minecraft:iron_leggings":1,"minecraft:bone":4,"butchersdelight:dead_cow":2,"hexerei:infused_fabric_carpet_dyed_gray":4,"minecraft:gray_terracotta":3,"minecraft:wheat_seeds":4,"minecraft:cobbled_deepslate_slab":2,"minecraft:white_tulip":1,"minecraft:tall_grass":1,"minecraft:moss_block":3,"minecraft:flowering_azalea":1,"minecraft:soul_sand":1,"minecraft:stick":6,"minecraft:polished_deepslate_slab":1,"minecraft:brown_terracotta":1,"minecraft:torch":3,"tarotcards:the_empress":1,"minecraft:sand":21,"minecraft:diorite":18,"hexerei:sage_seed":1,"minecraft:rotten_flesh":19,"minecraft:soul_lantern":3,"minecraft:bone_meal":1,"minecraft:bread":12,"supplementaries:ash":1,"minecraft:oak_sapling":6,"minecraft:coal":16,"minecraft:cobblestone":42},"minecraft:used":{"regions_unexplored:silt_dirt":5,"minecraft:moss_block":3,"minecraft:diorite":18,"minecraft:oak_planks":45,"minecraft:bone_block":3,"minecraft:brown_concrete":1,"minecraft:iron_sword":12,"minecraft:torch":15,"minecraft:polished_deepslate_slab":1,"minecraft:dirt":3,"minecraft:carrot":7,"minecraft:golden_shovel":6,"minecraft:black_bed":2,"minecraft:brown_terracotta":1,"minecraft:gray_terracotta":3,"minecraft:wooden_axe":1,"minecraft:iron_axe":4,"minecraft:bread":18,"minecraft:iron_pickaxe":102,"minecraft:iron_helmet":1,"minecraft:iron_boots":1,"minecraft:soul_lantern":6,"minecraft:cobblestone":41,"minecraft:written_book":1,"minecraft:black_candle":9,"minecraft:yellow_bed":2}},"DataVersion":3120}