{"stats":{"minecraft:picked_up":{"minecraft:crafting_table":1,"minecraft:wheat":4,"minecraft:ladder":2,"minecraft:flower_pot":3,"regions_unexplored:silt_dirt":11,"minecraft:wither_rose":7,"minecraft:potion":1,"immersiveengineering:manual":1,"minecraft:string":18,"minecraft:moss_carpet":4,"minecraft:iron_leggings":2,"minecraft:pufferfish":1,"butchersdelight:dead_cow":2,"hexerei:infused_fabric_carpet_dyed_gray":6,"minecraft:smooth_stone":2,"minecraft:white_tulip":1,"minecraft:tinted_glass":6,"minecraft:sugar_cane":6,"mushys_fallen_monsters:fallen_part":1,"minecraft:stick":31,"minecraft:polished_deepslate_slab":1,"minecraft:oak_door":2,"minecraft:brown_terracotta":1,"minecraft:torch":19,"travelersbackpack:iron_tier_upgrade":1,"minecraft:diorite":18,"minecraft:redstone":2,"hexerei:witch_hazel_fence":5,"minecraft:dark_oak_planks":3,"minecraft:quartz_block":52,"hexerei:sage_seed":2,"minecraft:arrow":2,"minecraft:rotten_flesh":43,"hexerei:witch_chestplate":1,"minecraft:tropical_fish":1,"minecraft:decorated_pot":1,"minecraft:hay_block":20,"minecraft:red_tulip":1,"hexerei:witch_boots":1,"supplementaries:ash":2,"minecraft:obsidian":6,"minecraft:cod":5,"minecraft:white_wool":1,"minecraft:cobblestone":42,"minecraft:birch_log":1,"born_in_chaos_v1:corpse_maggot":2,"minecraft:tripwire_hook":2,"minecraft:salmon":2,"minecraft:black_bed":1,"map_atlases:atlas":1,"minecraft:flint":1,"minecraft:brown_concrete":1,"hexerei:mandrake_flower":1,"minecraft:oak_log":89,"minecraft:yellow_bed":2,"hexerei:crow_blank_amulet":1,"minecraft:gunpowder":1,"minecraft:wither_skeleton_skull":2,"travelersbackpack:gold_tier_upgrade":1,"hexerei:witch_helmet":1,"minecraft:dirt":13,"minecraft:bone":8,"minecraft:apple":3,"minecraft:stone_bricks":3,"minecraft:gray_terracotta":3,"minecraft:wheat_seeds":12,"minecraft:cobbled_deepslate_slab":2,"minecraft:dark_oak_sign":4,"minecraft:cobweb":22,"spore:mutated_fiber":10,"minecraft:tall_grass":1,"minecraft:moss_block":3,"minecraft:oak_planks":4,"minecraft:flowering_azalea":1,"minecraft:soul_sand":1,"minecraft:book":320,"spore:cerebrum":1,"minecraft:stone_brick_slab":2,"tarotcards:the_empress":1,"butchersdelight:skullcow":1,"minecraft:sand":164,"hexerei:sage":2,"minecraft:ink_sac":25,"minecraft:spruce_door":2,"minecraft:spider_eye":2,"minecraft:white_candle":1,"immersiveengineering:seed":7,"minecraft:soul_lantern":3,"minecraft:golden_apple":1,"minecraft:bone_meal":1,"minecraft:bread":12,"spore:spine_fragment":2,"minecraft:oak_sapling":35,"minecraft:coal":16},"minecraft:dropped":{"minecraft:bread":9,"minecraft:iron_ingot":3,"hexerei:infused_fabric_carpet_dyed_gray":2,"butchersdelight:dead_cow":2,"minecraft:oak_log":46,"minecraft:crafting_table":1,"minecraft:iron_helmet":1,"minecraft:lead":1,"minecraft:book":155,"hexerei:crow_blank_amulet":2,"minecraft:leather":5,"minecraft:coal":19,"minecraft:cobweb":66,"minecraft:dark_oak_log":1,"butchersdelight:skullcow":1,"minecraft:ink_sac":25,"minecraft:iron_leggings":1,"minecraft:wither_rose":7,"minecraft:flowering_azalea":1,"minecraft:sand":137,"minecraft:iron_pickaxe":1,"minecraft:string":20,"minecraft:fishing_rod":1,"minecraft:bone":2,"minecraft:white_tulip":1,"minecraft:soul_lantern":1,"minecraft:tall_grass":2,"minecraft:rotten_flesh":90,"minecraft:wither_skeleton_skull":2,"minecraft:iron_boots":1,"minecraft:oak_planks":4,"minecraft:white_candle":1,"spore:mutated_fiber":3,"supplementaries:ash":1,"minecraft:flower_pot":1,"minecraft:iron_chestplate":1,"immersiveengineering:manual":1,"minecraft:melon_seeds":2,"born_in_chaos_v1:corpse_maggot":2,"minecraft:leather_boots":1,"minecraft:golden_sword":1,"mushys_fallen_monsters:fallen_part":1,"regions_unexplored:silt_dirt":6,"minecraft:written_book":1},"minecraft:killed":{"spore:inf_hazmat":1,"born_in_chaos_v1:mr_pumpkin":4,"born_in_chaos_v1:restless_spirit":1,"minecraft:spider":5,"born_in_chaos_v1:maggot":2,"minecraft:skeleton":3,"cataclysm:lionfish":1,"minecraft:drowned":2,"spore:inf_player":3,"spore:inf_wanderer":1,"born_in_chaos_v1:decrepit_skeleton":1,"minecraft:squid":11,"theplaguedoctor:plague_doctor":3,"spore:inf_human":2,"minecraft:zombie":17},"minecraft:killed_by":{"theplaguedoctor:plague_doctor":1,"cataclysm:lionfish":1,"spore:inf_player":1,"spore:inf_villager":1,"cataclysm:deepling_brute":5,"minecraft:zombie":1},"minecraft:custom":{"minecraft:interact_with_smithing_table":11,"minecraft:interact_with_anvil":2,"minecraft:mob_kills":64,"minecraft:interact_with_crafting_table":43,"minecraft:damage_dealt_resisted":100,"minecraft:leave_game":4,"minecraft:time_since_death":12385,"minecraft:climb_one_cm":14928,"minecraft:sprint_one_cm":705620,"minecraft:walk_one_cm":562195,"minecraft:drop":74,"minecraft:talked_to_villager":4,"minecraft:play_time":257440,"minecraft:sneak_time":19492,"minecraft:deaths":11,"minecraft:walk_under_water_one_cm":14712,"minecraft:jump":4919,"minecraft:walk_on_water_one_cm":26151,"minecraft:total_world_time":257440,"minecraft:interact_with_furnace":26,"minecraft:interact_with_cartography_table":3,"minecraft:interact_with_stonecutter":1,"minecraft:sleep_in_bed":3,"minecraft:time_since_rest":12473,"minecraft:damage_taken":6786,"minecraft:damage_absorbed":40,"minecraft:damage_dealt":15437,"minecraft:swim_one_cm":30724,"minecraft:fly_one_cm":992884,"minecraft:player_kills":1,"minecraft:open_chest":107,"minecraft:crouch_one_cm":42145,"minecraft:fish_caught":8,"minecraft:fall_one_cm":124352},"minecraft:broken":{"minecraft:golden_shovel":1,"minecraft:iron_axe":1},"minecraft:mined":{"minecraft:dark_oak_planks":3,"spore:fungal_roots":41,"spore:wall_growths_big":69,"minecraft:brown_concrete":2,"spore:wall_growths":72,"minecraft:potted_wither_rose":1,"minecraft:potted_dead_bush":1,"minecraft:cobbled_deepslate_slab":3,"minecraft:grass_block":8,"spore:fungal_stem":13,"minecraft:redstone_wire":2,"hexerei:infused_fabric_carpet_dyed_gray":5,"hexerei:witch_hazel_fence":5,"minecraft:spruce_leaves":3,"minecraft:moss_block":6,"spore:growths_small":10,"minecraft:spawner":1,"minecraft:hay_block":20,"minecraft:tall_seagrass":2,"spore:blomfung":26,"minecraft:moss_carpet":4,"treechop:chopped_log":7,"spore:growth_mycelium":8,"minecraft:peony":1,"minecraft:bookshelf":53,"minecraft:dirt_path":1,"minecraft:vine":2,"minecraft:polished_deepslate_slab":2,"butchersdelight:skullcow":1,"minecraft:stone":42,"graveyard:wither_skull_pile":1,"regions_unexplored:silt_grass_block":2,"supplementaries:wall_lantern":2,"hexerei:mandrake_flower":1,"minecraft:gray_terracotta":6,"minecraft:flowering_azalea":1,"minecraft:quartz_block":5,"minecraft:soul_sand":2,"hexerei:witch_hazel_leaves":1,"spore:growths_big":9,"minecraft:torch":10,"regions_unexplored:silt_dirt":12,"minecraft:tall_grass":4,"minecraft:sugar_cane":2,"minecraft:wall_torch":8,"minecraft:diorite":17,"graveyard:vase_block":1,"spore:bloomfung2":96,"minecraft:birch_log":1,"minecraft:wheat":5,"minecraft:black_bed":1,"minecraft:yellow_bed":2,"minecraft:wither_rose":6,"spore:fungal_stem_top":5,"minecraft:grass":17,"minecraft:oak_log":4,"minecraft:coal_ore":16,"minecraft:dirt":5,"minecraft:sand":151,"spore:hanging_fungal_stem":54,"minecraft:cobweb":4,"minecraft:brown_terracotta":2,"minecraft:wither_skeleton_skull":1,"hexerei:sage_crop":1,"minecraft:chipped_anvil":1,"minecraft:oak_leaves":2,"spore:remains":10},"minecraft:used":{"regions_unexplored:silt_dirt":5,"minecraft:moss_block":3,"minecraft:iron_shovel":105,"minecraft:enchanting_table":1,"quark:dark_oak_bookshelf":3,"minecraft:bone_block":3,"minecraft:spruce_planks":2,"minecraft:brown_concrete":1,"minecraft:iron_sword":207,"minecraft:cooked_salmon":5,"minecraft:torch":47,"minecraft:dirt":4,"minecraft:carrot":7,"hexerei:infused_fabric_carpet_dyed_gray":2,"minecraft:golden_shovel":33,"minecraft:brown_terracotta":1,"minecraft:dark_oak_planks":21,"minecraft:wooden_axe":1,"minecraft:bookshelf":12,"minecraft:iron_axe":191,"minecraft:iron_helmet":1,"minecraft:iron_boots":1,"minecraft:written_book":1,"travelersbackpack:ocelot":3,"minecraft:water_bucket":2,"minecraft:diorite":18,"minecraft:oak_planks":72,"minecraft:cartography_table":1,"minecraft:sugar_cane":3,"minecraft:golden_apple":1,"minecraft:polished_deepslate_slab":1,"minecraft:crossbow":12,"minecraft:black_bed":2,"minecraft:gray_terracotta":3,"minecraft:apple":10,"minecraft:bread":77,"minecraft:iron_pickaxe":110,"minecraft:soul_lantern":6,"minecraft:fishing_rod":14,"minecraft:cobblestone":41,"minecraft:smithing_table":1,"minecraft:bucket":3,"minecraft:black_candle":9,"minecraft:yellow_bed":2,"minecraft:cobweb":3},"minecraft:crafted":{"travelersbackpack:ocelot":2,"minecraft:oak_planks":172,"minecraft:fishing_rod":2,"travelersbackpack:crafting_upgrade":2,"quark:dark_oak_bookshelf":3,"minecraft:bookshelf":12,"travelersbackpack:blank_upgrade":4,"minecraft:flint_and_steel":1,"minecraft:glass":35,"travelersbackpack:white_sleeping_bag":1,"minecraft:iron_axe":1,"quark:spruce_chest":1,"minecraft:dark_oak_planks":40,"minecraft:wheat":180,"minecraft:crafting_table":2,"minecraft:spruce_planks":16,"minecraft:enchanting_table":1,"travelersbackpack:backpack_tank":4,"travelersbackpack:standard":3,"minecraft:smithing_table":1,"minecraft:cooked_salmon":5,"minecraft:golden_shovel":1,"minecraft:bucket":2,"minecraft:bread":61,"minecraft:air":0,"minecraft:cartography_table":1,"minecraft:white_wool":3,"minecraft:paper":3,"minecraft:stick":12,"quark:oak_chest":1,"minecraft:iron_ingot":2,"minecraft:iron_shovel":1,"minecraft:torch":32}},"DataVersion":3120}