{"stats":{"minecraft:killed_by":{"minecraft:spider":1,"cataclysm:deepling_brute":3,"minecraft:zombie":2,"eyesinthedark:eyes_in_the_dark":1},"minecraft:killed":{"born_in_chaos_v1:mr_pumpkin":1,"born_in_chaos_v1:zombie_lumberjack":1,"minecraft:spider":3,"born_in_chaos_v1:maggot":5,"minecraft:skeleton":2,"cataclysm:lionfish":2,"cataclysm:deepling_angler":1,"boh:rake":1,"minecraft:zombie_villager":1,"born_in_chaos_v1:baby_skeleton":2,"minecraft:creeper":1,"cataclysm:deepling_brute":3,"spore:inf_human":4,"minecraft:zombie":82,"born_in_chaos_v1:dark_vortex":1,"boh:jeff_the_killer":1},"minecraft:custom":{"minecraft:mob_kills":120,"minecraft:interact_with_crafting_table":41,"minecraft:interact_with_campfire":1,"minecraft:damage_dealt_resisted":20,"minecraft:time_since_death":143714,"minecraft:climb_one_cm":10954,"minecraft:sprint_one_cm":406894,"minecraft:walk_one_cm":611555,"minecraft:damage_blocked_by_shield":410,"minecraft:drop":29,"minecraft:talked_to_villager":2,"minecraft:play_time":187496,"minecraft:sneak_time":3656,"minecraft:deaths":7,"minecraft:walk_under_water_one_cm":5894,"minecraft:boat_one_cm":392,"minecraft:interact_with_brewingstand":2,"minecraft:jump":4957,"minecraft:walk_on_water_one_cm":9843,"minecraft:total_world_time":187496,"minecraft:interact_with_furnace":21,"minecraft:interact_with_grindstone":3,"minecraft:sleep_in_bed":2,"minecraft:time_since_rest":113232,"minecraft:damage_taken":3670,"minecraft:damage_absorbed":40,"minecraft:trigger_trapped_chest":4,"minecraft:damage_dealt":19621,"minecraft:player_kills":1,"minecraft:swim_one_cm":24612,"minecraft:fly_one_cm":1028387,"minecraft:crouch_one_cm":9878,"minecraft:open_chest":105,"minecraft:fall_one_cm":142920},"minecraft:crafted":{"minecraft:wooden_sword":1,"minecraft:oak_planks":40,"minecraft:stone_shovel":2,"quark:birch_chest":4,"hexerei:animal_fat":2,"minecraft:furnace":2,"quark:birch_ladder":12,"minecraft:flint_and_steel":1,"minecraft:stone_brick_slab":6,"minecraft:birch_fence_gate":2,"minecraft:stone_pickaxe":1,"minecraft:wheat":72,"minecraft:wooden_shovel":1,"minecraft:crafting_table":6,"minecraft:spruce_planks":4,"minecraft:baked_potato":16,"minecraft:wooden_pickaxe":1,"minecraft:iron_helmet":1,"minecraft:iron_sword":2,"minecraft:birch_planks":248,"minecraft:stone_axe":2,"minecraft:bread":27,"minecraft:air":0,"minecraft:oak_boat":2,"minecraft:shield":1,"minecraft:birch_fence":3,"minecraft:stick":80,"quark:oak_chest":2,"minecraft:iron_ingot":6,"minecraft:iron_pickaxe":1,"minecraft:stone_sword":2,"minecraft:acacia_planks":4,"minecraft:torch":156},"minecraft:mined":{"realmrpg_skeletons:waterdrop_skeleton":1,"minecraft:spruce_planks":2,"minecraft:mangrove_roots":1,"minecraft:brewing_stand":3,"minecraft:carved_pumpkin":2,"minecraft:glow_lichen":1,"minecraft:birch_fence_gate":1,"minecraft:grass_block":55,"minecraft:brick_stairs":3,"minecraft:crimson_roots":2,"minecraft:weeping_vines":3,"minecraft:white_concrete":12,"spore:rooted_biomass":4,"butchersdelight:deadpigblock":1,"spore:growths_small":1,"minecraft:oxeye_daisy":4,"minecraft:spawner":1,"minecraft:hay_block":24,"minecraft:furnace":1,"minecraft:fire":2,"minecraft:iron_ore":11,"minecraft:cobbled_deepslate":8,"regions_unexplored:purple_lupine":1,"minecraft:andesite":7,"minecraft:moss_carpet":1,"minecraft:pumpkin":10,"treechop:chopped_log":13,"spore:growth_mycelium":2,"minecraft:peony":3,"minecraft:polished_deepslate":3,"realmrpg_skeletons:rookie_skeleton":2,"minecraft:vine":22,"minecraft:spruce_wood":2,"regions_unexplored:silt_grass_block":1,"minecraft:stone":221,"immersiveengineering:shader_banner":1,"minecraft:green_wool":1,"minecraft:redstone_block":1,"minecraft:quartz_block":1,"hexerei:witch_hazel_leaves":1,"minecraft:stone_brick_slab":3,"minecraft:soul_lantern":1,"minecraft:torch":1,"minecraft:oak_fence":1,"minecraft:cornflower":4,"spore:growths_big":5,"minecraft:crafting_table":2,"realmrpg_skeletons:basic_skeleton":1,"minecraft:copper_ore":1,"supplementaries:wild_flax":1,"minecraft:tall_grass":20,"minecraft:cobblestone":7,"minecraft:honeycomb_block":1,"minecraft:grindstone":1,"minecraft:sugar_cane":4,"butchersdelight:deadchickenblock":5,"horror_element_mod:trapped_leg":1,"minecraft:iron_door":1,"minecraft:wall_torch":4,"minecraft:spruce_stairs":4,"minecraft:stone_stairs":2,"minecraft:birch_planks":5,"minecraft:waxed_weathered_cut_copper_slab":3,"minecraft:stripped_spruce_wood":1,"minecraft:mud":1,"minecraft:tinted_glass":1,"horror_element_mod:spiked_villager":1,"minecraft:lilac":1,"minecraft:wither_rose":4,"quark:birch_chest":2,"minecraft:grass":141,"quark:birch_ladder":2,"minecraft:oak_log":5,"minecraft:coal_ore":49,"minecraft:gravel":14,"minecraft:sand":2,"graveyard:leaning_skeleton":1,"minecraft:dirt":24,"minecraft:cobweb":24,"minecraft:cracked_stone_bricks":2,"minecraft:stone_bricks":26,"spore:rooted_mycelium":21,"minecraft:mossy_stone_bricks":1,"minecraft:oak_leaves":4,"spore:remains":1,"minecraft:birch_fence":3,"minecraft:fern":4},"minecraft:picked_up":{"minecraft:mud":1,"spore:mutated_heart":1,"minecraft:crafting_table":2,"minecraft:redstone_block":1,"minecraft:chicken":6,"minecraft:golden_pickaxe":1,"regions_unexplored:silt_dirt":1,"minecraft:wooden_pickaxe":1,"minecraft:wither_rose":4,"minecraft:potion":2,"minecraft:brewing_stand":3,"minecraft:polished_deepslate":3,"minecraft:cornflower":9,"minecraft:moss_carpet":1,"minecraft:stone_stairs":2,"minecraft:string":23,"minecraft:raw_copper":4,"minecraft:wooden_sword":1,"born_in_chaos_v1:intoxicating_decoction":1,"minecraft:sticky_piston":1,"minecraft:birch_fence":3,"butchersdelight:dead_cow":3,"minecraft:cracked_stone_bricks":2,"minecraft:cobbled_deepslate":3,"minecraft:spruce_planks":2,"spore:rooted_mycelium":19,"minecraft:sugar_cane":7,"minecraft:tinted_glass":1,"minecraft:birch_sapling":18,"minecraft:furnace":1,"minecraft:egg":2,"minecraft:golden_helmet":2,"minecraft:stick":20,"minecraft:raw_iron":16,"minecraft:copper_ingot":3,"minecraft:oak_fence":1,"minecraft:torch":9,"minecraft:acacia_log":1,"minecraft:spruce_stairs":4,"minecraft:honeycomb_block":2,"quark:birch_chest":2,"minecraft:pointed_dripstone":1,"minecraft:golden_chestplate":1,"hexerei:sage_seed":16,"minecraft:quartz_block":1,"minecraft:arrow":1,"minecraft:stone_sword":1,"minecraft:rotten_flesh":95,"minecraft:weeping_vines":1,"minecraft:peony":1,"minecraft:hay_block":21,"minecraft:carved_pumpkin":2,"minecraft:green_wool":1,"minecraft:mangrove_roots":1,"minecraft:brick_stairs":3,"supplementaries:ash":3,"regions_unexplored:purple_lupine":1,"minecraft:skeleton_skull":5,"minecraft:cobblestone":226,"minecraft:oxeye_daisy":4,"minecraft:birch_log":62,"born_in_chaos_v1:corpse_maggot":5,"minecraft:feather":5,"minecraft:lilac":1,"minecraft:iron_door":1,"spore:rooted_biomass":4,"minecraft:andesite":7,"minecraft:potato":1,"minecraft:birch_planks":4,"minecraft:flint":2,"butchersdelight:deadpig":1,"minecraft:stripped_spruce_wood":3,"minecraft:oak_log":40,"supplementaries:flax_seeds":1,"minecraft:gunpowder":1,"minecraft:dirt":82,"minecraft:white_banner":1,"butchersdelight:deadchiken":5,"minecraft:bone":12,"minecraft:apple":2,"minecraft:stone_bricks":25,"minecraft:wheat_seeds":18,"ftbquests:book":3,"minecraft:spruce_wood":16,"minecraft:grindstone":1,"minecraft:iron_ingot":2,"minecraft:waxed_weathered_cut_copper_slab":3,"minecraft:mossy_stone_bricks":1,"minecraft:pumpkin":10,"minecraft:gravel":12,"born_in_chaos_v1:ethereal_spirit":1,"minecraft:stone_brick_slab":3,"minecraft:birch_fence_gate":1,"minecraft:sand":1,"born_in_chaos_v1:dark_rod":2,"minecraft:leather_helmet":1,"quark:birch_ladder":2,"cataclysm:lionfish":3,"immersiveengineering:seed":15,"minecraft:soul_lantern":2,"horror_element_mod:trapped_leg":1,"minecraft:white_concrete":12,"minecraft:bread":2,"minecraft:oak_sapling":6,"minecraft:coal":49,"minecraft:crimson_roots":2},"minecraft:dropped":{"minecraft:bread":9,"minecraft:cracked_stone_bricks":2,"minecraft:leather_helmet":1,"minecraft:music_disc_13":1,"minecraft:dirt":18,"ftbquests:book":1,"minecraft:stone_brick_slab":1,"minecraft:sugar_cane":7,"minecraft:mangrove_roots":1,"minecraft:rotten_flesh":13,"minecraft:honey_bottle":4,"minecraft:leather_chestplate":1,"minecraft:skeleton_skull":5,"minecraft:mossy_stone_bricks":1,"immersiveengineering:seed":2},"minecraft:used":{"regions_unexplored:silt_dirt":1,"minecraft:oak_fence":1,"minecraft:moss_block":5,"quark:birch_chest":6,"minecraft:stone_sword":222,"minecraft:flint_and_steel":10,"minecraft:stone_shovel":261,"minecraft:shield":12,"minecraft:iron_sword":255,"minecraft:wooden_shovel":3,"minecraft:cooked_chicken":2,"minecraft:rotten_flesh":9,"minecraft:torch":159,"minecraft:brewing_stand":2,"minecraft:dirt":38,"minecraft:spruce_stairs":3,"minecraft:stone_brick_slab":2,"quark:birch_ladder":12,"minecraft:brick_stairs":2,"minecraft:stone_bricks":19,"minecraft:oak_sapling":1,"minecraft:furnace":3,"minecraft:pumpkin":6,"minecraft:birch_planks":146,"minecraft:stone_pickaxe":129,"minecraft:baked_potato":10,"minecraft:wooden_pickaxe":10,"minecraft:leather_chestplate":1,"minecraft:leather_boots":1,"minecraft:golden_apple":1,"minecraft:sand":1,"minecraft:waxed_weathered_cut_copper_slab":3,"minecraft:crafting_table":8,"cataclysm:lionfish":1,"minecraft:birch_fence":4,"minecraft:apple":1,"minecraft:cornflower":1,"minecraft:birch_fence_gate":3,"minecraft:iron_pickaxe":248,"minecraft:map":1,"minecraft:bread":40,"minecraft:soul_lantern":2,"minecraft:stone_axe":202,"minecraft:cobblestone":50,"minecraft:grindstone":1,"minecraft:andesite":7,"minecraft:oak_boat":2,"quark:oak_chest":2,"minecraft:cobweb":23},"minecraft:broken":{"aether:golden_gloves":1,"minecraft:stone_sword":2,"minecraft:stone_pickaxe":1,"minecraft:stone_axe":1,"minecraft:stone_shovel":2,"minecraft:golden_chestplate":1}},"DataVersion":3120}