{"stats":{"minecraft:killed_by":{"siren_head:siren_head":2,"cataclysm:deepling_brute":3,"minecraft:zombie":3,"minecraft:spider":1,"eyesinthedark:eyes_in_the_dark":1},"minecraft:killed":{"spore:inf_hazmat":2,"born_in_chaos_v1:mr_pumpkin":5,"minecraft:witch":2,"born_in_chaos_v1:zombie_lumberjack":1,"minecraft:spider":4,"minecraft:skeleton":3,"boh:rake":1,"minecraft:zombie_villager":2,"minecraft:creeper":1,"spore:inf_villager":2,"cataclysm:deepling_brute":3,"minecraft:zombie":120,"spore:inf_human":7,"born_in_chaos_v1:dread_hound":1,"born_in_chaos_v1:corpse_fly":4,"born_in_chaos_v1:door_knight":1,"born_in_chaos_v1:siamese_skeletonsleft":1,"born_in_chaos_v1:zombie_bruiser":1,"born_in_chaos_v1:maggot":9,"cataclysm:lionfish":2,"cataclysm:deepling_angler":1,"born_in_chaos_v1:baby_skeleton":3,"born_in_chaos_v1:dark_vortex":1,"boh:jeff_the_killer":1},"minecraft:custom":{"minecraft:interact_with_crafting_table":69,"minecraft:leave_game":1,"minecraft:time_since_death":17420,"minecraft:sprint_one_cm":800416,"minecraft:damage_blocked_by_shield":1620,"minecraft:drop":95,"minecraft:talked_to_villager":3,"minecraft:play_time":380327,"minecraft:deaths":10,"minecraft:interact_with_brewingstand":2,"minecraft:jump":8762,"minecraft:walk_on_water_one_cm":15014,"minecraft:interact_with_furnace":52,"minecraft:sleep_in_bed":3,"minecraft:damage_dealt":30349,"minecraft:player_kills":1,"minecraft:crouch_one_cm":24451,"minecraft:inspect_dispenser":3,"minecraft:mob_kills":191,"minecraft:interact_with_campfire":40,"minecraft:damage_dealt_resisted":1127,"minecraft:climb_one_cm":28583,"minecraft:walk_one_cm":1386104,"minecraft:sneak_time":7477,"minecraft:walk_under_water_one_cm":9840,"minecraft:boat_one_cm":1449,"minecraft:total_world_time":380327,"minecraft:interact_with_grindstone":3,"minecraft:time_since_rest":17489,"minecraft:damage_taken":9050,"minecraft:damage_absorbed":78,"minecraft:trigger_trapped_chest":4,"minecraft:swim_one_cm":42755,"minecraft:fly_one_cm":1733094,"minecraft:open_chest":309,"minecraft:fall_one_cm":238768},"minecraft:crafted":{"minecraft:oak_planks":200,"quark:birch_chest":4,"hexerei:animal_fat":2,"butchersdelightfoods:cooked_ham":1,"quark:birch_ladder":12,"minecraft:stone_brick_slab":6,"minecraft:birch_fence_gate":2,"minecraft:wooden_shovel":1,"minecraft:crafting_table":8,"minecraft:spruce_planks":68,"minecraft:wooden_pickaxe":1,"minecraft:iron_helmet":1,"minecraft:baked_potato":17,"minecraft:campfire":2,"minecraft:birch_planks":248,"minecraft:charcoal":8,"minecraft:shield":1,"minecraft:birch_fence":3,"minecraft:stick":124,"quark:oak_chest":4,"minecraft:iron_ingot":9,"minecraft:iron_pickaxe":2,"minecraft:stone_sword":4,"minecraft:wooden_sword":1,"minecraft:stone_shovel":2,"minecraft:furnace":5,"minecraft:oak_trapdoor":2,"minecraft:flint_and_steel":1,"minecraft:iron_axe":1,"born_in_chaos_v1:fried_maggot":3,"minecraft:stone_pickaxe":2,"minecraft:wheat":81,"minecraft:iron_sword":2,"quark:spruce_ladder":8,"minecraft:stone_axe":3,"minecraft:bread":27,"minecraft:air":0,"minecraft:oak_boat":3,"minecraft:white_wool":3,"minecraft:white_bed":1,"minecraft:acacia_planks":4,"minecraft:torch":356},"minecraft:mined":{"minecraft:dark_oak_planks":1,"spore:fungal_roots":68,"minecraft:spruce_planks":2,"minecraft:white_bed":2,"spore:wall_growths":94,"minecraft:brewing_stand":5,"minecraft:carved_pumpkin":2,"minecraft:grass_block":55,"spore:fungal_stem":56,"minecraft:white_concrete":12,"minecraft:oxeye_daisy":4,"minecraft:spawner":1,"minecraft:smooth_stone":1,"regions_unexplored:stone_bud":1,"minecraft:iron_ore":23,"minecraft:cobbled_deepslate":8,"minecraft:fire":2,"regions_unexplored:purple_lupine":1,"minecraft:pumpkin":10,"minecraft:moss_carpet":1,"spore:growth_mycelium":97,"realmrpg_skeletons:rookie_skeleton":2,"minecraft:spruce_wood":2,"minecraft:azalea":1,"regions_unexplored:silt_grass_block":1,"minecraft:tripwire":1,"minecraft:quartz_block":4,"minecraft:soul_lantern":1,"spore:growths_big":103,"minecraft:torch":6,"supplementaries:wild_flax":1,"minecraft:cobblestone":8,"minecraft:honeycomb_block":1,"spore:biomass_block":30,"minecraft:grindstone":1,"minecraft:sugar_cane":7,"minecraft:oak_planks":2,"minecraft:iron_door":2,"minecraft:wall_torch":7,"minecraft:stone_stairs":2,"minecraft:mud":1,"minecraft:tinted_glass":1,"minecraft:wheat":20,"horror_element_mod:spiked_villager":1,"minecraft:lilac":2,"minecraft:wither_rose":4,"quark:birch_chest":2,"minecraft:grass":192,"quark:birch_ladder":2,"minecraft:oak_log":13,"minecraft:sand":2,"minecraft:dirt":25,"spore:hanging_fungal_stem":38,"minecraft:potted_red_tulip":2,"spore:rooted_mycelium":21,"minecraft:oak_leaves":4,"spore:remains":12,"realmrpg_skeletons:waterdrop_skeleton":1,"minecraft:deepslate_tiles":2,"spore:wall_growths_big":86,"minecraft:mangrove_roots":1,"minecraft:glow_lichen":1,"minecraft:birch_fence_gate":1,"minecraft:crimson_roots":2,"minecraft:brick_stairs":3,"minecraft:weeping_vines":3,"spore:rooted_biomass":6,"spore:sicken_biomass_block":7,"hexerei:infused_fabric_carpet_dyed_gray":15,"minecraft:moss_block":5,"butchersdelight:deadpigblock":1,"regions_unexplored:raw_redstone_block":5,"spore:growths_small":57,"minecraft:hay_block":25,"minecraft:oak_trapdoor":1,"minecraft:furnace":2,"minecraft:carrots":2,"spore:blomfung":13,"minecraft:andesite":7,"treechop:chopped_log":32,"minecraft:peony":3,"minecraft:polished_deepslate":3,"minecraft:bookshelf":82,"minecraft:potatoes":3,"minecraft:vine":28,"regions_unexplored:medium_grass":3,"minecraft:stone":308,"immersiveengineering:shader_banner":1,"minecraft:green_wool":1,"butchersdelight:hookedpig":1,"regions_unexplored:redstone_bulb":1,"minecraft:redstone_block":1,"minecraft:glass_pane":3,"hexerei:witch_hazel_leaves":1,"butchersdelight:hookedcow":1,"minecraft:stone_brick_slab":4,"minecraft:oak_fence":1,"minecraft:crafting_table":4,"minecraft:cornflower":4,"realmrpg_skeletons:basic_skeleton":1,"minecraft:tall_grass":25,"minecraft:copper_ore":1,"horror_element_mod:trapped_leg":1,"butchersdelight:deadchickenblock":5,"minecraft:spruce_stairs":4,"minecraft:birch_planks":5,"minecraft:waxed_weathered_cut_copper_slab":3,"minecraft:stripped_spruce_wood":1,"regions_unexplored:redstone_bud":2,"spore:bloomfung2":216,"quark:spruce_ladder":1,"spore:fungal_stem_top":12,"minecraft:coal_ore":131,"minecraft:gravel":14,"graveyard:leaning_skeleton":1,"minecraft:cobweb":24,"minecraft:cracked_stone_bricks":2,"minecraft:stone_bricks":26,"minecraft:mossy_stone_bricks":1,"minecraft:birch_fence":3,"minecraft:fern":5},"minecraft:dropped":{"butchersdelightfoods:cooked_ham":1,"minecraft:oak_log":22,"minecraft:glass_bottle":1,"minecraft:cracked_stone_bricks":2,"minecraft:leather_helmet":1,"minecraft:music_disc_13":1,"minecraft:dirt":20,"immersiveengineering:coal_coke":3,"spore:innards":8,"immersiveengineering:blastbrick":9,"ftbquests:book":1,"minecraft:bone":2,"immersiveengineering:waterwheel_segment":4,"minecraft:sugar_cane":7,"minecraft:mangrove_roots":1,"minecraft:birch_sapling":1,"butchersdelight:cleaver":1,"minecraft:rotten_flesh":13,"minecraft:oak_planks":1,"regions_unexplored:maple_sapling":1,"minecraft:honey_bottle":5,"minecraft:poppy":1,"minecraft:leather_chestplate":1,"supplementaries:ash":3,"minecraft:deepslate_tiles":2,"minecraft:skeleton_skull":5,"minecraft:leather_boots":1,"spore:alveolic_sack":4,"spore:armor_fragment":37,"immersiveengineering:seed":3,"minecraft:bread":9,"hexerei:infused_fabric_carpet_dyed_gray":1,"minecraft:wheat_seeds":1,"minecraft:iron_helmet":1,"minecraft:cobblestone":69,"spore:tendons":7,"butchersdelight:skullcow":1,"minecraft:iron_leggings":1,"immersiveengineering:plate_steel":9,"spore:mutated_heart":11,"minecraft:chainmail_leggings":1,"minecraft:bucket":2,"minecraft:stone_brick_slab":1,"minecraft:redstone":1,"hexerei:sage_seed":1,"minecraft:iron_boots":2,"spore:cerebrum":10,"spore:mutated_fiber":68,"immersiveengineering:treated_wood_horizontal":10,"spore:altered_spleen":4,"minecraft:iron_chestplate":1,"minecraft:mossy_stone_bricks":1,"minecraft:oak_sapling":18,"minecraft:red_tulip":1},"minecraft:picked_up":{"spore:mutated_heart":2,"minecraft:iron_chestplate":1,"minecraft:wheat":1,"butchersdelightfoods:legcow":1,"minecraft:redstone_block":1,"minecraft:flower_pot":2,"spore:sicken_biomass_block":7,"quark:spruce_ladder":1,"regions_unexplored:silt_dirt":1,"butchersdelightfoods:cooked_ham":4,"minecraft:wither_rose":4,"minecraft:potion":4,"minecraft:brewing_stand":5,"minecraft:polished_deepslate":3,"minecraft:string":24,"minecraft:raw_copper":4,"minecraft:iron_leggings":1,"minecraft:sticky_piston":1,"butchersdelight:cleaver":1,"minecraft:cobbled_deepslate":3,"minecraft:deepslate_tiles":2,"minecraft:smooth_stone":8,"minecraft:spruce_planks":2,"minecraft:furnace":2,"minecraft:iron_boots":2,"minecraft:golden_helmet":2,"minecraft:stick":97,"minecraft:oak_fence":1,"minecraft:torch":16,"minecraft:acacia_log":1,"minecraft:spruce_stairs":4,"minecraft:porkchop":2,"minecraft:honeycomb_block":2,"minecraft:pointed_dripstone":1,"regions_unexplored:raw_redstone_block":5,"minecraft:golden_chestplate":1,"minecraft:quartz_block":8,"minecraft:stone_sword":1,"born_in_chaos_v1:fried_maggot":8,"minecraft:rotten_flesh":135,"butchersdelightfoods:ham":1,"minecraft:red_tulip":2,"minecraft:carved_pumpkin":2,"minecraft:green_wool":1,"minecraft:mangrove_roots":1,"supplementaries:ash":6,"minecraft:cobblestone":373,"minecraft:birch_log":66,"minecraft:cooked_beef":2,"butchersdelightfoods:beeftenderloin":1,"minecraft:feather":5,"minecraft:lilac":2,"minecraft:iron_door":2,"minecraft:andesite":7,"minecraft:potato":5,"butchersdelight:deadpig":1,"minecraft:flint":2,"minecraft:stripped_spruce_wood":3,"supplementaries:flax_seeds":1,"butchersdelightfoods:cookedporkloin":5,"minecraft:dirt":85,"minecraft:bone":16,"butchersdelightfoods:cookedbeefribs":5,"minecraft:wheat_seeds":42,"ftbquests:book":3,"minecraft:grindstone":1,"minecraft:waxed_weathered_cut_copper_slab":3,"minecraft:mossy_stone_bricks":1,"minecraft:moss_block":4,"spore:biomass_block":25,"minecraft:oak_planks":3,"spore:vent_door":1,"minecraft:cooked_porkchop":2,"butchersdelightfoods:porkloin":1,"butchersdelight:skullcow":2,"minecraft:birch_fence_gate":1,"minecraft:sand":1,"butchersdelightfoods:beefribs":1,"quark:birch_ladder":2,"cataclysm:lionfish":3,"minecraft:soul_lantern":2,"horror_element_mod:trapped_leg":1,"minecraft:white_concrete":12,"minecraft:bread":11,"butchersdelight:hook":2,"minecraft:oak_sapling":53,"minecraft:crimson_roots":2,"minecraft:crafting_table":4,"minecraft:mud":1,"minecraft:chicken":6,"minecraft:golden_pickaxe":1,"minecraft:wooden_pickaxe":1,"minecraft:shield":1,"minecraft:cornflower":9,"minecraft:stone_stairs":2,"minecraft:moss_carpet":1,"minecraft:oak_trapdoor":1,"minecraft:wooden_sword":1,"butchersdelightfoods:cookedporkribs":4,"born_in_chaos_v1:intoxicating_decoction":1,"minecraft:birch_fence":3,"hexerei:infused_fabric_carpet_dyed_gray":16,"butchersdelight:dead_cow":3,"minecraft:cracked_stone_bricks":2,"minecraft:beef":2,"spore:rooted_mycelium":19,"minecraft:poppy":1,"minecraft:tinted_glass":1,"minecraft:sugar_cane":15,"minecraft:birch_sapling":20,"butchersdelightfoods:porkribs":1,"minecraft:egg":2,"minecraft:raw_iron":28,"minecraft:copper_ingot":3,"quark:birch_chest":2,"minecraft:carrot":3,"minecraft:redstone":5,"butchersdelightfoods:cooked_leg_cow":5,"hexerei:sage_seed":21,"minecraft:arrow":1,"minecraft:weeping_vines":1,"regions_unexplored:redstone_bulb":1,"regions_unexplored:maple_sapling":1,"minecraft:peony":1,"butchersdelightfoods:coockedbeeftenderloin":4,"minecraft:hay_block":21,"regions_unexplored:purple_lupine":1,"minecraft:brick_stairs":3,"minecraft:skeleton_skull":5,"minecraft:oxeye_daisy":4,"born_in_chaos_v1:fused_bone":1,"born_in_chaos_v1:corpse_maggot":15,"born_in_chaos_v1:monster_flesh":1,"spore:rooted_biomass":6,"minecraft:birch_planks":4,"minecraft:oak_log":261,"minecraft:gunpowder":1,"minecraft:white_banner":1,"butchersdelight:deadchiken":5,"minecraft:apple":9,"minecraft:stone_bricks":25,"minecraft:spruce_wood":16,"minecraft:iron_ingot":4,"spore:mutated_fiber":8,"minecraft:glass_bottle":1,"minecraft:book":246,"minecraft:pumpkin":10,"minecraft:stone_brick_slab":3,"born_in_chaos_v1:ethereal_spirit":1,"minecraft:gravel":12,"born_in_chaos_v1:dark_rod":2,"minecraft:white_bed":2,"minecraft:spruce_door":1,"minecraft:leather_helmet":1,"immersiveengineering:seed":18,"regions_unexplored:maple_log":6,"minecraft:coal":131},"minecraft:used":{"regions_unexplored:silt_dirt":1,"minecraft:moss_block":7,"minecraft:shield":61,"butchersdelight:hook":2,"minecraft:iron_sword":335,"butchersdelightfoods:beeftenderloin":1,"minecraft:rotten_flesh":27,"butchersdelightfoods:cookedbeefribs":1,"minecraft:carrot":10,"hexerei:infused_fabric_carpet_dyed_gray":10,"minecraft:milk_bucket":5,"quark:birch_ladder":12,"minecraft:quartz_block":1,"minecraft:stone_bricks":19,"minecraft:bow":16,"minecraft:written_book":2,"minecraft:oak_sapling":4,"minecraft:furnace":6,"regions_unexplored:redstone_bulb":1,"minecraft:spruce_door":1,"minecraft:stone_pickaxe":263,"minecraft:oak_planks":106,"minecraft:wooden_pickaxe":10,"minecraft:leather_chestplate":1,"minecraft:sugar_cane":3,"minecraft:golden_apple":2,"butchersdelight:skullcow":1,"minecraft:sand":1,"minecraft:waxed_weathered_cut_copper_slab":3,"cataclysm:lionfish":1,"minecraft:birch_fence":4,"born_in_chaos_v1:monster_flesh":1,"minecraft:birch_fence_gate":3,"minecraft:string":1,"minecraft:bread":52,"minecraft:iron_door":1,"minecraft:soul_lantern":2,"minecraft:grindstone":1,"minecraft:andesite":7,"minecraft:birch_log":4,"minecraft:oak_boat":3,"minecraft:cobweb":23,"minecraft:oak_fence":1,"minecraft:oak_trapdoor":2,"quark:birch_chest":6,"minecraft:stone_sword":423,"minecraft:flint_and_steel":10,"butchersdelightfoods:cookedporkloin":1,"minecraft:stone_shovel":261,"minecraft:redstone":1,"minecraft:spruce_planks":50,"minecraft:wooden_shovel":70,"born_in_chaos_v1:fried_maggot":9,"minecraft:cooked_chicken":20,"butchersdelightfoods:cooked_leg_cow":1,"spore:vent_door":1,"minecraft:torch":370,"minecraft:dirt":38,"minecraft:brewing_stand":4,"minecraft:spruce_stairs":3,"minecraft:stone_brick_slab":3,"butchersdelight:cleaver":2,"minecraft:iron_axe":129,"minecraft:brick_stairs":2,"minecraft:cooked_beef":10,"minecraft:pumpkin":6,"minecraft:wheat_seeds":12,"minecraft:birch_planks":146,"minecraft:glass_bottle":1,"minecraft:baked_potato":22,"minecraft:leather_boots":1,"minecraft:crafting_table":11,"minecraft:white_bed":3,"minecraft:campfire":2,"minecraft:cornflower":1,"minecraft:flower_pot":1,"minecraft:apple":16,"minecraft:iron_pickaxe":321,"minecraft:map":1,"minecraft:stone_axe":425,"minecraft:potion":2,"minecraft:cobblestone":106,"quark:spruce_ladder":9,"minecraft:cooked_porkchop":2,"minecraft:bucket":1,"quark:oak_chest":4,"minecraft:smooth_stone":7},"minecraft:broken":{"aether:golden_gloves":1,"minecraft:wooden_shovel":1,"minecraft:stone_pickaxe":2,"minecraft:stone_axe":3,"minecraft:stone_shovel":2,"minecraft:golden_chestplate":1,"minecraft:stone_sword":3,"minecraft:iron_pickaxe":1}},"DataVersion":3120}