{"stats":{"minecraft:killed_by":{"siren_head:siren_head":1,"cataclysm:deepling_brute":3,"minecraft:zombie":3,"minecraft:spider":1,"eyesinthedark:eyes_in_the_dark":1},"minecraft:killed":{"born_in_chaos_v1:mr_pumpkin":5,"minecraft:witch":2,"born_in_chaos_v1:zombie_lumberjack":1,"minecraft:spider":4,"minecraft:skeleton":2,"boh:rake":1,"minecraft:zombie_villager":2,"minecraft:creeper":1,"cataclysm:deepling_brute":3,"spore:inf_human":4,"minecraft:zombie":115,"born_in_chaos_v1:dread_hound":1,"born_in_chaos_v1:corpse_fly":4,"born_in_chaos_v1:door_knight":1,"born_in_chaos_v1:siamese_skeletonsleft":1,"born_in_chaos_v1:maggot":9,"cataclysm:lionfish":2,"cataclysm:deepling_angler":1,"born_in_chaos_v1:baby_skeleton":3,"born_in_chaos_v1:dark_vortex":1,"boh:jeff_the_killer":1},"minecraft:custom":{"minecraft:interact_with_crafting_table":63,"minecraft:leave_game":1,"minecraft:time_since_death":89977,"minecraft:sprint_one_cm":620857,"minecraft:damage_blocked_by_shield":465,"minecraft:drop":49,"minecraft:talked_to_villager":2,"minecraft:play_time":297017,"minecraft:deaths":9,"minecraft:jump":7149,"minecraft:interact_with_brewingstand":2,"minecraft:walk_on_water_one_cm":13557,"minecraft:interact_with_furnace":49,"minecraft:sleep_in_bed":2,"minecraft:damage_dealt":28615,"minecraft:player_kills":1,"minecraft:crouch_one_cm":22856,"minecraft:mob_kills":178,"minecraft:interact_with_campfire":16,"minecraft:damage_dealt_resisted":1127,"minecraft:climb_one_cm":26353,"minecraft:walk_one_cm":1001175,"minecraft:sneak_time":6937,"minecraft:walk_under_water_one_cm":7858,"minecraft:boat_one_cm":641,"minecraft:total_world_time":297017,"minecraft:interact_with_grindstone":3,"minecraft:time_since_rest":90017,"minecraft:damage_taken":6835,"minecraft:damage_absorbed":40,"minecraft:trigger_trapped_chest":4,"minecraft:swim_one_cm":38853,"minecraft:fly_one_cm":1429850,"minecraft:open_chest":213,"minecraft:fall_one_cm":197114},"minecraft:crafted":{"minecraft:oak_planks":184,"quark:birch_chest":4,"hexerei:animal_fat":2,"butchersdelightfoods:cooked_ham":1,"quark:birch_ladder":12,"minecraft:stone_brick_slab":6,"minecraft:birch_fence_gate":2,"minecraft:wooden_shovel":1,"minecraft:crafting_table":8,"minecraft:spruce_planks":68,"minecraft:wooden_pickaxe":1,"minecraft:iron_helmet":1,"minecraft:baked_potato":17,"minecraft:birch_planks":248,"minecraft:campfire":2,"minecraft:charcoal":8,"minecraft:shield":1,"minecraft:birch_fence":3,"minecraft:stick":100,"quark:oak_chest":2,"minecraft:iron_ingot":9,"minecraft:iron_pickaxe":2,"minecraft:stone_sword":4,"minecraft:wooden_sword":1,"minecraft:stone_shovel":2,"minecraft:furnace":5,"minecraft:oak_trapdoor":2,"minecraft:flint_and_steel":1,"born_in_chaos_v1:fried_maggot":3,"minecraft:stone_pickaxe":2,"minecraft:wheat":81,"minecraft:iron_sword":2,"quark:spruce_ladder":8,"minecraft:stone_axe":3,"minecraft:bread":27,"minecraft:air":0,"minecraft:oak_boat":2,"minecraft:white_wool":3,"minecraft:white_bed":1,"minecraft:acacia_planks":4,"minecraft:torch":248},"minecraft:mined":{"minecraft:spruce_planks":2,"minecraft:white_bed":2,"minecraft:brewing_stand":5,"minecraft:carved_pumpkin":2,"minecraft:grass_block":55,"minecraft:white_concrete":12,"minecraft:oxeye_daisy":4,"minecraft:spawner":1,"minecraft:iron_ore":21,"minecraft:cobbled_deepslate":8,"minecraft:fire":2,"regions_unexplored:purple_lupine":1,"minecraft:pumpkin":10,"minecraft:moss_carpet":1,"spore:growth_mycelium":2,"realmrpg_skeletons:rookie_skeleton":2,"minecraft:spruce_wood":2,"regions_unexplored:silt_grass_block":1,"minecraft:tripwire":1,"minecraft:quartz_block":1,"minecraft:soul_lantern":1,"spore:growths_big":6,"minecraft:torch":4,"supplementaries:wild_flax":1,"minecraft:cobblestone":8,"minecraft:honeycomb_block":1,"minecraft:grindstone":1,"minecraft:oak_planks":1,"minecraft:sugar_cane":7,"minecraft:iron_door":1,"minecraft:wall_torch":5,"minecraft:stone_stairs":2,"minecraft:mud":1,"minecraft:tinted_glass":1,"minecraft:wheat":20,"horror_element_mod:spiked_villager":1,"minecraft:lilac":1,"minecraft:wither_rose":4,"quark:birch_ladder":2,"minecraft:grass":180,"quark:birch_chest":2,"minecraft:oak_log":5,"minecraft:sand":2,"minecraft:dirt":24,"spore:rooted_mycelium":21,"minecraft:oak_leaves":4,"spore:remains":2,"realmrpg_skeletons:waterdrop_skeleton":1,"minecraft:mangrove_roots":1,"minecraft:glow_lichen":1,"minecraft:birch_fence_gate":1,"minecraft:crimson_roots":2,"minecraft:brick_stairs":3,"minecraft:weeping_vines":3,"spore:rooted_biomass":4,"hexerei:infused_fabric_carpet_dyed_gray":13,"minecraft:moss_block":3,"butchersdelight:deadpigblock":1,"regions_unexplored:raw_redstone_block":5,"spore:growths_small":1,"minecraft:hay_block":24,"minecraft:oak_trapdoor":1,"minecraft:furnace":2,"minecraft:carrots":2,"minecraft:andesite":7,"treechop:chopped_log":20,"minecraft:peony":3,"minecraft:polished_deepslate":3,"minecraft:potatoes":3,"minecraft:vine":22,"regions_unexplored:medium_grass":1,"minecraft:stone":300,"immersiveengineering:shader_banner":1,"minecraft:green_wool":1,"butchersdelight:hookedpig":1,"regions_unexplored:redstone_bulb":1,"minecraft:redstone_block":1,"minecraft:glass_pane":3,"hexerei:witch_hazel_leaves":1,"butchersdelight:hookedcow":1,"minecraft:stone_brick_slab":3,"minecraft:oak_fence":1,"minecraft:crafting_table":4,"minecraft:cornflower":4,"realmrpg_skeletons:basic_skeleton":1,"minecraft:tall_grass":23,"minecraft:copper_ore":1,"horror_element_mod:trapped_leg":1,"butchersdelight:deadchickenblock":5,"minecraft:spruce_stairs":4,"minecraft:birch_planks":5,"minecraft:waxed_weathered_cut_copper_slab":3,"minecraft:stripped_spruce_wood":1,"regions_unexplored:redstone_bud":2,"quark:spruce_ladder":1,"minecraft:coal_ore":108,"minecraft:gravel":14,"graveyard:leaning_skeleton":1,"minecraft:cobweb":24,"minecraft:cracked_stone_bricks":2,"minecraft:stone_bricks":26,"minecraft:mossy_stone_bricks":1,"minecraft:birch_fence":3,"minecraft:fern":5},"minecraft:dropped":{"butchersdelightfoods:cooked_ham":1,"minecraft:glass_bottle":1,"minecraft:cracked_stone_bricks":2,"minecraft:leather_helmet":1,"minecraft:music_disc_13":1,"minecraft:dirt":20,"ftbquests:book":1,"minecraft:sugar_cane":7,"minecraft:mangrove_roots":1,"minecraft:birch_sapling":1,"butchersdelight:cleaver":1,"minecraft:rotten_flesh":13,"minecraft:oak_planks":1,"regions_unexplored:maple_sapling":1,"minecraft:honey_bottle":5,"minecraft:poppy":1,"minecraft:leather_chestplate":1,"supplementaries:ash":1,"minecraft:skeleton_skull":5,"minecraft:leather_boots":1,"immersiveengineering:seed":2,"minecraft:bread":9,"hexerei:infused_fabric_carpet_dyed_gray":1,"minecraft:cobblestone":68,"butchersdelight:skullcow":1,"minecraft:bucket":2,"minecraft:stone_brick_slab":1,"minecraft:mossy_stone_bricks":1,"minecraft:oak_sapling":18},"minecraft:picked_up":{"spore:mutated_heart":1,"minecraft:iron_chestplate":1,"minecraft:wheat":1,"butchersdelightfoods:legcow":1,"minecraft:redstone_block":1,"quark:spruce_ladder":1,"regions_unexplored:silt_dirt":1,"minecraft:wither_rose":4,"minecraft:potion":4,"minecraft:brewing_stand":5,"minecraft:polished_deepslate":3,"minecraft:string":24,"minecraft:raw_copper":4,"minecraft:sticky_piston":1,"butchersdelight:cleaver":1,"minecraft:cobbled_deepslate":3,"minecraft:spruce_planks":2,"minecraft:furnace":2,"minecraft:iron_boots":1,"minecraft:golden_helmet":2,"minecraft:stick":47,"minecraft:oak_fence":1,"minecraft:torch":12,"minecraft:acacia_log":1,"minecraft:spruce_stairs":4,"minecraft:porkchop":2,"minecraft:honeycomb_block":2,"minecraft:pointed_dripstone":1,"regions_unexplored:raw_redstone_block":5,"minecraft:golden_chestplate":1,"minecraft:quartz_block":1,"born_in_chaos_v1:fried_maggot":6,"minecraft:stone_sword":1,"minecraft:rotten_flesh":128,"butchersdelightfoods:ham":1,"minecraft:carved_pumpkin":2,"minecraft:green_wool":1,"minecraft:mangrove_roots":1,"supplementaries:ash":4,"minecraft:cobblestone":372,"minecraft:birch_log":66,"minecraft:cooked_beef":2,"butchersdelightfoods:beeftenderloin":1,"minecraft:feather":5,"minecraft:lilac":1,"minecraft:iron_door":1,"minecraft:andesite":7,"minecraft:potato":5,"butchersdelight:deadpig":1,"minecraft:flint":2,"minecraft:stripped_spruce_wood":3,"supplementaries:flax_seeds":1,"butchersdelightfoods:cookedporkloin":1,"minecraft:dirt":84,"minecraft:bone":15,"butchersdelightfoods:cookedbeefribs":1,"minecraft:wheat_seeds":41,"ftbquests:book":3,"minecraft:grindstone":1,"minecraft:waxed_weathered_cut_copper_slab":3,"minecraft:mossy_stone_bricks":1,"minecraft:moss_block":2,"minecraft:oak_planks":2,"minecraft:cooked_porkchop":2,"butchersdelightfoods:porkloin":1,"butchersdelight:skullcow":2,"minecraft:birch_fence_gate":1,"minecraft:sand":1,"butchersdelightfoods:beefribs":1,"cataclysm:lionfish":3,"quark:birch_ladder":2,"minecraft:soul_lantern":2,"horror_element_mod:trapped_leg":1,"minecraft:white_concrete":12,"minecraft:bread":2,"butchersdelight:hook":2,"minecraft:oak_sapling":27,"minecraft:crimson_roots":2,"minecraft:mud":1,"minecraft:crafting_table":4,"minecraft:chicken":6,"minecraft:golden_pickaxe":1,"minecraft:wooden_pickaxe":1,"minecraft:oak_trapdoor":1,"minecraft:cornflower":9,"minecraft:stone_stairs":2,"minecraft:moss_carpet":1,"minecraft:wooden_sword":1,"born_in_chaos_v1:intoxicating_decoction":1,"minecraft:birch_fence":3,"hexerei:infused_fabric_carpet_dyed_gray":14,"butchersdelight:dead_cow":3,"minecraft:cracked_stone_bricks":2,"minecraft:beef":2,"spore:rooted_mycelium":19,"minecraft:poppy":1,"minecraft:tinted_glass":1,"minecraft:sugar_cane":15,"minecraft:birch_sapling":19,"butchersdelightfoods:porkribs":1,"minecraft:egg":2,"minecraft:raw_iron":26,"minecraft:copper_ingot":3,"quark:birch_chest":2,"minecraft:carrot":3,"minecraft:redstone":3,"butchersdelightfoods:cooked_leg_cow":1,"hexerei:sage_seed":20,"minecraft:arrow":1,"minecraft:weeping_vines":1,"regions_unexplored:redstone_bulb":1,"regions_unexplored:maple_sapling":1,"minecraft:peony":1,"minecraft:hay_block":21,"minecraft:brick_stairs":3,"regions_unexplored:purple_lupine":1,"minecraft:skeleton_skull":5,"minecraft:oxeye_daisy":4,"born_in_chaos_v1:fused_bone":1,"born_in_chaos_v1:corpse_maggot":15,"born_in_chaos_v1:monster_flesh":1,"spore:rooted_biomass":4,"minecraft:birch_planks":4,"minecraft:oak_log":108,"minecraft:gunpowder":1,"minecraft:white_banner":1,"butchersdelight:deadchiken":5,"minecraft:apple":8,"minecraft:stone_bricks":25,"minecraft:iron_ingot":4,"minecraft:spruce_wood":16,"minecraft:glass_bottle":1,"minecraft:pumpkin":10,"minecraft:stone_brick_slab":3,"born_in_chaos_v1:ethereal_spirit":1,"minecraft:gravel":12,"born_in_chaos_v1:dark_rod":2,"minecraft:white_bed":2,"minecraft:leather_helmet":1,"immersiveengineering:seed":15,"minecraft:coal":108},"minecraft:used":{"regions_unexplored:silt_dirt":1,"minecraft:moss_block":5,"minecraft:shield":16,"butchersdelight:hook":2,"minecraft:iron_sword":305,"butchersdelightfoods:beeftenderloin":1,"minecraft:rotten_flesh":23,"minecraft:carrot":10,"hexerei:infused_fabric_carpet_dyed_gray":10,"minecraft:milk_bucket":2,"quark:birch_ladder":12,"minecraft:stone_bricks":19,"minecraft:oak_sapling":4,"minecraft:furnace":6,"regions_unexplored:redstone_bulb":1,"minecraft:stone_pickaxe":262,"minecraft:oak_planks":94,"minecraft:wooden_pickaxe":10,"minecraft:leather_chestplate":1,"minecraft:sugar_cane":3,"minecraft:golden_apple":1,"butchersdelight:skullcow":1,"minecraft:sand":1,"minecraft:waxed_weathered_cut_copper_slab":3,"cataclysm:lionfish":1,"minecraft:birch_fence":4,"born_in_chaos_v1:monster_flesh":1,"minecraft:birch_fence_gate":3,"minecraft:string":1,"minecraft:bread":40,"minecraft:soul_lantern":2,"minecraft:grindstone":1,"minecraft:andesite":7,"minecraft:birch_log":4,"minecraft:oak_boat":2,"minecraft:cobweb":23,"minecraft:oak_trapdoor":2,"minecraft:oak_fence":1,"quark:birch_chest":6,"minecraft:stone_sword":411,"minecraft:flint_and_steel":10,"minecraft:stone_shovel":261,"minecraft:spruce_planks":50,"minecraft:wooden_shovel":70,"born_in_chaos_v1:fried_maggot":7,"minecraft:cooked_chicken":14,"minecraft:torch":252,"minecraft:dirt":38,"minecraft:brewing_stand":4,"minecraft:spruce_stairs":3,"minecraft:stone_brick_slab":3,"butchersdelight:cleaver":2,"minecraft:brick_stairs":2,"minecraft:cooked_beef":2,"minecraft:pumpkin":6,"minecraft:wheat_seeds":12,"minecraft:birch_planks":146,"minecraft:glass_bottle":1,"minecraft:baked_potato":20,"minecraft:leather_boots":1,"minecraft:crafting_table":11,"minecraft:white_bed":3,"minecraft:campfire":2,"minecraft:cornflower":1,"minecraft:apple":15,"minecraft:iron_pickaxe":276,"minecraft:map":1,"minecraft:stone_axe":266,"minecraft:potion":2,"minecraft:cobblestone":97,"quark:spruce_ladder":9,"minecraft:cooked_porkchop":2,"quark:oak_chest":2},"minecraft:broken":{"aether:golden_gloves":1,"minecraft:wooden_shovel":1,"minecraft:stone_pickaxe":1,"minecraft:stone_axe":2,"minecraft:stone_shovel":2,"minecraft:golden_chestplate":1,"minecraft:stone_sword":3,"minecraft:iron_pickaxe":1}},"DataVersion":3120}