{"stats":{"minecraft:killed_by":{"minecraft:spider":1,"cataclysm:deepling_brute":3,"minecraft:zombie":2,"eyesinthedark:eyes_in_the_dark":1},"minecraft:killed":{"born_in_chaos_v1:mr_pumpkin":1,"born_in_chaos_v1:zombie_lumberjack":1,"minecraft:spider":3,"born_in_chaos_v1:maggot":5,"minecraft:skeleton":1,"cataclysm:lionfish":2,"cataclysm:deepling_angler":1,"boh:rake":1,"minecraft:zombie_villager":1,"born_in_chaos_v1:baby_skeleton":2,"minecraft:creeper":1,"cataclysm:deepling_brute":3,"minecraft:zombie":80,"born_in_chaos_v1:dark_vortex":1,"boh:jeff_the_killer":1},"minecraft:custom":{"minecraft:mob_kills":111,"minecraft:interact_with_crafting_table":34,"minecraft:damage_dealt_resisted":20,"minecraft:time_since_death":101714,"minecraft:climb_one_cm":8858,"minecraft:sprint_one_cm":291509,"minecraft:walk_one_cm":456129,"minecraft:damage_blocked_by_shield":170,"minecraft:drop":17,"minecraft:talked_to_villager":2,"minecraft:play_time":145496,"minecraft:sneak_time":2895,"minecraft:deaths":7,"minecraft:walk_under_water_one_cm":5598,"minecraft:interact_with_brewingstand":2,"minecraft:jump":3732,"minecraft:walk_on_water_one_cm":8419,"minecraft:total_world_time":145496,"minecraft:interact_with_furnace":20,"minecraft:interact_with_grindstone":3,"minecraft:sleep_in_bed":2,"minecraft:time_since_rest":71232,"minecraft:damage_taken":3303,"minecraft:trigger_trapped_chest":4,"minecraft:damage_dealt":18250,"minecraft:player_kills":1,"minecraft:swim_one_cm":21699,"minecraft:fly_one_cm":815313,"minecraft:crouch_one_cm":7572,"minecraft:open_chest":87,"minecraft:fall_one_cm":112557},"minecraft:mined":{"minecraft:spruce_planks":2,"minecraft:mangrove_roots":1,"minecraft:brewing_stand":3,"minecraft:carved_pumpkin":2,"minecraft:glow_lichen":1,"minecraft:birch_fence_gate":1,"minecraft:grass_block":46,"minecraft:brick_stairs":3,"minecraft:crimson_roots":2,"minecraft:weeping_vines":3,"butchersdelight:deadpigblock":1,"minecraft:spawner":1,"minecraft:hay_block":22,"minecraft:furnace":1,"minecraft:iron_ore":11,"minecraft:cobbled_deepslate":8,"regions_unexplored:purple_lupine":1,"minecraft:andesite":7,"minecraft:pumpkin":10,"treechop:chopped_log":10,"spore:growth_mycelium":2,"minecraft:peony":2,"minecraft:vine":21,"minecraft:spruce_wood":2,"minecraft:stone":132,"immersiveengineering:shader_banner":1,"minecraft:green_wool":1,"minecraft:stone_brick_slab":3,"minecraft:soul_lantern":1,"minecraft:cornflower":1,"spore:growths_big":1,"minecraft:crafting_table":2,"realmrpg_skeletons:basic_skeleton":1,"supplementaries:wild_flax":1,"minecraft:tall_grass":17,"minecraft:cobblestone":2,"minecraft:honeycomb_block":1,"minecraft:grindstone":1,"butchersdelight:deadchickenblock":4,"horror_element_mod:trapped_leg":1,"minecraft:iron_door":1,"minecraft:wall_torch":4,"minecraft:spruce_stairs":4,"minecraft:birch_planks":5,"minecraft:waxed_weathered_cut_copper_slab":3,"minecraft:stripped_spruce_wood":1,"minecraft:mud":1,"horror_element_mod:spiked_villager":1,"minecraft:wither_rose":4,"quark:birch_chest":2,"minecraft:grass":51,"quark:birch_ladder":2,"minecraft:oak_log":2,"minecraft:coal_ore":49,"minecraft:sand":2,"graveyard:leaning_skeleton":1,"minecraft:dirt":20,"minecraft:cobweb":18,"minecraft:cracked_stone_bricks":2,"minecraft:stone_bricks":26,"minecraft:mossy_stone_bricks":1,"minecraft:oak_leaves":3,"spore:remains":1,"minecraft:birch_fence":3,"minecraft:fern":4},"minecraft:crafted":{"minecraft:wooden_sword":1,"minecraft:oak_planks":4,"minecraft:stone_shovel":1,"quark:birch_chest":4,"hexerei:animal_fat":2,"minecraft:furnace":2,"quark:birch_ladder":12,"minecraft:stone_brick_slab":6,"minecraft:birch_fence_gate":2,"minecraft:stone_pickaxe":1,"minecraft:wheat":72,"minecraft:crafting_table":4,"minecraft:spruce_planks":4,"minecraft:baked_potato":12,"minecraft:wooden_pickaxe":1,"minecraft:iron_helmet":1,"minecraft:iron_sword":2,"minecraft:birch_planks":248,"minecraft:stone_axe":2,"minecraft:bread":27,"minecraft:air":0,"minecraft:shield":1,"minecraft:birch_fence":3,"minecraft:stick":72,"minecraft:iron_ingot":6,"minecraft:iron_pickaxe":1,"minecraft:stone_sword":2,"minecraft:torch":156},"minecraft:dropped":{"minecraft:cracked_stone_bricks":2,"minecraft:leather_helmet":1,"minecraft:music_disc_13":1,"minecraft:dirt":17,"ftbquests:book":1,"minecraft:stone_brick_slab":1,"minecraft:mangrove_roots":1,"minecraft:rotten_flesh":13,"minecraft:honey_bottle":4,"minecraft:leather_chestplate":1,"minecraft:skeleton_skull":5,"minecraft:mossy_stone_bricks":1,"immersiveengineering:seed":1},"minecraft:picked_up":{"minecraft:mud":1,"minecraft:crafting_table":2,"minecraft:chicken":5,"minecraft:golden_pickaxe":1,"minecraft:wooden_pickaxe":1,"minecraft:wither_rose":4,"minecraft:potion":2,"minecraft:brewing_stand":3,"minecraft:cornflower":6,"minecraft:string":18,"minecraft:wooden_sword":1,"born_in_chaos_v1:intoxicating_decoction":1,"minecraft:sticky_piston":1,"minecraft:birch_fence":3,"butchersdelight:dead_cow":3,"minecraft:cracked_stone_bricks":2,"minecraft:cobbled_deepslate":3,"minecraft:spruce_planks":2,"minecraft:birch_sapling":18,"minecraft:furnace":1,"minecraft:egg":2,"minecraft:golden_helmet":2,"minecraft:stick":12,"minecraft:raw_iron":16,"minecraft:torch":8,"minecraft:acacia_log":1,"minecraft:spruce_stairs":4,"minecraft:honeycomb_block":2,"quark:birch_chest":2,"minecraft:pointed_dripstone":1,"minecraft:golden_chestplate":1,"hexerei:sage_seed":6,"minecraft:stone_sword":1,"minecraft:rotten_flesh":92,"minecraft:weeping_vines":1,"minecraft:hay_block":20,"minecraft:carved_pumpkin":2,"minecraft:green_wool":1,"minecraft:mangrove_roots":1,"minecraft:brick_stairs":3,"supplementaries:ash":2,"regions_unexplored:purple_lupine":1,"minecraft:skeleton_skull":5,"minecraft:cobblestone":131,"minecraft:birch_log":62,"born_in_chaos_v1:corpse_maggot":5,"minecraft:feather":4,"minecraft:iron_door":1,"minecraft:andesite":7,"minecraft:potato":1,"minecraft:birch_planks":4,"butchersdelight:deadpig":1,"minecraft:stripped_spruce_wood":3,"minecraft:oak_log":6,"supplementaries:flax_seeds":1,"minecraft:gunpowder":1,"minecraft:dirt":65,"minecraft:white_banner":1,"butchersdelight:deadchiken":5,"minecraft:bone":7,"minecraft:apple":1,"minecraft:stone_bricks":25,"minecraft:wheat_seeds":6,"ftbquests:book":3,"minecraft:spruce_wood":16,"minecraft:grindstone":1,"minecraft:iron_ingot":2,"minecraft:waxed_weathered_cut_copper_slab":3,"minecraft:mossy_stone_bricks":1,"minecraft:pumpkin":10,"born_in_chaos_v1:ethereal_spirit":1,"minecraft:stone_brick_slab":3,"minecraft:birch_fence_gate":1,"minecraft:sand":1,"born_in_chaos_v1:dark_rod":2,"minecraft:leather_helmet":1,"quark:birch_ladder":2,"cataclysm:lionfish":3,"immersiveengineering:seed":8,"minecraft:soul_lantern":2,"horror_element_mod:trapped_leg":1,"minecraft:bread":2,"minecraft:oak_sapling":3,"minecraft:coal":49,"minecraft:crimson_roots":2},"minecraft:used":{"minecraft:moss_block":5,"quark:birch_chest":6,"minecraft:stone_sword":222,"minecraft:stone_shovel":49,"minecraft:shield":4,"minecraft:iron_sword":208,"minecraft:cooked_chicken":2,"minecraft:rotten_flesh":9,"minecraft:torch":120,"minecraft:brewing_stand":2,"minecraft:dirt":29,"minecraft:spruce_stairs":3,"minecraft:stone_brick_slab":2,"quark:birch_ladder":12,"minecraft:brick_stairs":2,"minecraft:stone_bricks":19,"minecraft:oak_sapling":1,"minecraft:furnace":3,"minecraft:pumpkin":6,"minecraft:birch_planks":146,"minecraft:stone_pickaxe":116,"minecraft:wooden_pickaxe":10,"minecraft:leather_chestplate":1,"minecraft:leather_boots":1,"minecraft:sand":1,"minecraft:waxed_weathered_cut_copper_slab":3,"minecraft:crafting_table":6,"cataclysm:lionfish":1,"minecraft:birch_fence":4,"minecraft:apple":1,"minecraft:cornflower":1,"minecraft:birch_fence_gate":3,"minecraft:iron_pickaxe":142,"minecraft:map":1,"minecraft:bread":36,"minecraft:soul_lantern":2,"minecraft:stone_axe":148,"minecraft:cobblestone":29,"minecraft:grindstone":1,"minecraft:andesite":7,"minecraft:cobweb":17},"minecraft:broken":{"aether:golden_gloves":1,"minecraft:stone_sword":2,"minecraft:stone_axe":1}},"DataVersion":3120}