{"stats":{"minecraft:crafted":{"minecraft:wooden_sword":1,"minecraft:stone_shovel":1,"quark:birch_chest":2,"minecraft:crafting_table":3,"minecraft:wooden_pickaxe":1,"quark:birch_ladder":12,"minecraft:birch_planks":248,"minecraft:stone_axe":1,"minecraft:bread":15,"minecraft:birch_fence":3,"minecraft:birch_fence_gate":2,"minecraft:stick":72,"minecraft:stone_pickaxe":1,"minecraft:stone_sword":1,"minecraft:wheat":36},"minecraft:killed":{"cataclysm:deepling_angler":1,"minecraft:spider":1,"cataclysm:deepling_brute":3,"minecraft:zombie":1,"cataclysm:lionfish":2,"boh:jeff_the_killer":1},"minecraft:mined":{"minecraft:stone_brick_slab":1,"minecraft:mangrove_roots":1,"minecraft:soul_lantern":1,"minecraft:carved_pumpkin":2,"minecraft:crafting_table":2,"minecraft:birch_fence_gate":1,"minecraft:grass_block":15,"minecraft:crimson_roots":2,"minecraft:weeping_vines":3,"supplementaries:wild_flax":1,"minecraft:honeycomb_block":1,"minecraft:tall_grass":7,"minecraft:wall_torch":1,"minecraft:spawner":1,"minecraft:hay_block":8,"minecraft:birch_planks":5,"minecraft:stripped_spruce_wood":1,"minecraft:mud":1,"minecraft:cobbled_deepslate":1,"regions_unexplored:purple_lupine":1,"minecraft:pumpkin":10,"treechop:chopped_log":9,"minecraft:peony":2,"minecraft:grass":28,"quark:birch_chest":2,"minecraft:vine":5,"minecraft:sand":2,"graveyard:leaning_skeleton":1,"minecraft:dirt":8,"minecraft:cobweb":1,"minecraft:spruce_wood":2,"minecraft:cracked_stone_bricks":2,"minecraft:stone":10,"minecraft:stone_bricks":26,"minecraft:mossy_stone_bricks":1,"minecraft:birch_fence":2,"minecraft:fern":2},"minecraft:used":{"minecraft:moss_block":5,"quark:birch_chest":4,"minecraft:stone_sword":83,"minecraft:birch_planks":146,"minecraft:stone_shovel":11,"minecraft:stone_pickaxe":36,"minecraft:wooden_pickaxe":10,"minecraft:rotten_flesh":9,"minecraft:torch":5,"minecraft:sand":1,"minecraft:crafting_table":5,"minecraft:birch_fence":3,"quark:birch_ladder":4,"minecraft:birch_fence_gate":3,"minecraft:bread":8,"minecraft:stone_bricks":17,"minecraft:soul_lantern":2,"minecraft:stone_axe":135,"minecraft:cobweb":1,"minecraft:pumpkin":6},"minecraft:dropped":{"minecraft:mangrove_roots":1,"minecraft:rotten_flesh":13,"minecraft:honey_bottle":4,"minecraft:skeleton_skull":5,"ftbquests:book":1},"minecraft:picked_up":{"minecraft:birch_log":62,"minecraft:mud":1,"minecraft:crafting_table":2,"minecraft:golden_pickaxe":1,"minecraft:wooden_pickaxe":1,"minecraft:birch_planks":4,"minecraft:stripped_spruce_wood":3,"supplementaries:flax_seeds":1,"minecraft:gunpowder":1,"minecraft:dirt":23,"minecraft:string":1,"minecraft:wooden_sword":1,"butchersdelight:deadchiken":4,"minecraft:sticky_piston":1,"minecraft:bone":4,"minecraft:birch_fence":2,"minecraft:stone_bricks":25,"minecraft:cracked_stone_bricks":2,"minecraft:wheat_seeds":2,"ftbquests:book":2,"minecraft:spruce_wood":16,"minecraft:mossy_stone_bricks":1,"minecraft:birch_sapling":18,"minecraft:golden_helmet":2,"minecraft:stick":12,"minecraft:pumpkin":10,"minecraft:stone_brick_slab":1,"minecraft:torch":5,"minecraft:birch_fence_gate":1,"minecraft:sand":1,"minecraft:honeycomb_block":2,"quark:birch_chest":2,"hexerei:sage_seed":2,"cataclysm:lionfish":3,"minecraft:rotten_flesh":12,"minecraft:weeping_vines":1,"immersiveengineering:seed":6,"minecraft:soul_lantern":2,"minecraft:hay_block":6,"minecraft:carved_pumpkin":2,"minecraft:mangrove_roots":1,"regions_unexplored:purple_lupine":1,"minecraft:skeleton_skull":5,"minecraft:crimson_roots":2,"minecraft:cobblestone":10},"minecraft:broken":{"aether:golden_gloves":1,"minecraft:stone_axe":1},"minecraft:custom":{"minecraft:mob_kills":9,"minecraft:interact_with_crafting_table":17,"minecraft:time_since_death":13352,"minecraft:climb_one_cm":3902,"minecraft:time_since_rest":13387,"minecraft:sprint_one_cm":136481,"minecraft:damage_taken":2192,"minecraft:walk_one_cm":180129,"minecraft:trigger_trapped_chest":1,"minecraft:drop":9,"minecraft:damage_dealt":2707,"minecraft:swim_one_cm":17112,"minecraft:fly_one_cm":364604,"minecraft:player_kills":1,"minecraft:open_chest":31,"minecraft:crouch_one_cm":2631,"minecraft:play_time":57134,"minecraft:sneak_time":1759,"minecraft:deaths":7,"minecraft:walk_under_water_one_cm":5001,"minecraft:jump":1567,"minecraft:walk_on_water_one_cm":7191,"minecraft:total_world_time":57134,"minecraft:fall_one_cm":47820},"minecraft:killed_by":{"cataclysm:deepling_brute":3,"minecraft:spider":1,"minecraft:zombie":2,"eyesinthedark:eyes_in_the_dark":1}},"DataVersion":3120}