{"stats":{"minecraft:used":{"minecraft:moss_block":5,"quark:birch_chest":6,"minecraft:stone_sword":138,"minecraft:stone_shovel":48,"minecraft:iron_sword":16,"minecraft:cooked_chicken":2,"minecraft:rotten_flesh":9,"minecraft:torch":55,"minecraft:dirt":29,"minecraft:spruce_stairs":3,"minecraft:stone_brick_slab":2,"quark:birch_ladder":12,"minecraft:stone_bricks":19,"minecraft:furnace":3,"minecraft:pumpkin":6,"minecraft:birch_planks":146,"minecraft:stone_pickaxe":116,"minecraft:leather_chestplate":1,"minecraft:wooden_pickaxe":10,"minecraft:leather_boots":1,"minecraft:sand":1,"minecraft:crafting_table":6,"cataclysm:lionfish":1,"minecraft:birch_fence":4,"minecraft:birch_fence_gate":3,"minecraft:bread":25,"minecraft:iron_pickaxe":19,"minecraft:soul_lantern":2,"minecraft:stone_axe":135,"minecraft:cobblestone":22,"minecraft:grindstone":1,"minecraft:cobweb":1},"minecraft:killed_by":{"minecraft:spider":1,"cataclysm:deepling_brute":3,"minecraft:zombie":2,"eyesinthedark:eyes_in_the_dark":1},"minecraft:broken":{"aether:golden_gloves":1,"minecraft:stone_axe":1},"minecraft:crafted":{"minecraft:wooden_sword":1,"minecraft:stone_shovel":1,"quark:birch_chest":4,"hexerei:animal_fat":1,"minecraft:furnace":2,"quark:birch_ladder":12,"minecraft:stone_brick_slab":6,"minecraft:birch_fence_gate":2,"minecraft:stone_pickaxe":1,"minecraft:wheat":72,"minecraft:crafting_table":4,"minecraft:wooden_pickaxe":1,"minecraft:iron_helmet":1,"minecraft:iron_sword":1,"minecraft:birch_planks":248,"minecraft:stone_axe":2,"minecraft:bread":27,"minecraft:air":0,"minecraft:birch_fence":3,"minecraft:stick":72,"minecraft:iron_ingot":6,"minecraft:iron_pickaxe":1,"minecraft:stone_sword":2,"minecraft:torch":64},"minecraft:dropped":{"minecraft:cracked_stone_bricks":2,"minecraft:leather_helmet":1,"minecraft:music_disc_13":1,"minecraft:dirt":17,"ftbquests:book":1,"minecraft:stone_brick_slab":1,"minecraft:mangrove_roots":1,"minecraft:rotten_flesh":13,"minecraft:honey_bottle":4,"minecraft:leather_chestplate":1,"minecraft:skeleton_skull":5,"minecraft:mossy_stone_bricks":1,"immersiveengineering:seed":1},"minecraft:killed":{"minecraft:spider":1,"cataclysm:lionfish":2,"cataclysm:deepling_angler":1,"boh:rake":1,"cataclysm:deepling_brute":3,"minecraft:zombie":9,"boh:jeff_the_killer":1},"minecraft:picked_up":{"minecraft:mud":1,"minecraft:crafting_table":2,"minecraft:chicken":3,"minecraft:golden_pickaxe":1,"minecraft:wooden_pickaxe":1,"minecraft:wither_rose":4,"minecraft:brewing_stand":1,"minecraft:cornflower":5,"minecraft:string":2,"minecraft:wooden_sword":1,"minecraft:sticky_piston":1,"minecraft:birch_fence":3,"butchersdelight:dead_cow":2,"minecraft:cracked_stone_bricks":2,"minecraft:cobbled_deepslate":3,"minecraft:spruce_planks":2,"minecraft:birch_sapling":18,"minecraft:furnace":1,"minecraft:egg":1,"minecraft:golden_helmet":2,"minecraft:stick":12,"minecraft:raw_iron":12,"minecraft:torch":5,"minecraft:spruce_stairs":4,"minecraft:honeycomb_block":2,"quark:birch_chest":2,"minecraft:pointed_dripstone":1,"minecraft:golden_chestplate":1,"hexerei:sage_seed":4,"minecraft:stone_sword":1,"minecraft:rotten_flesh":28,"minecraft:weeping_vines":1,"minecraft:hay_block":20,"minecraft:carved_pumpkin":2,"minecraft:green_wool":1,"minecraft:mangrove_roots":1,"regions_unexplored:purple_lupine":1,"minecraft:skeleton_skull":5,"minecraft:cobblestone":65,"minecraft:birch_log":62,"minecraft:feather":2,"minecraft:iron_door":1,"minecraft:birch_planks":4,"minecraft:stripped_spruce_wood":3,"supplementaries:flax_seeds":1,"minecraft:gunpowder":1,"minecraft:dirt":62,"minecraft:white_banner":1,"butchersdelight:deadchiken":4,"minecraft:bone":4,"minecraft:stone_bricks":25,"minecraft:wheat_seeds":5,"ftbquests:book":3,"minecraft:spruce_wood":16,"minecraft:grindstone":1,"minecraft:mossy_stone_bricks":1,"minecraft:pumpkin":10,"minecraft:stone_brick_slab":2,"minecraft:birch_fence_gate":1,"minecraft:sand":1,"minecraft:leather_helmet":1,"cataclysm:lionfish":3,"quark:birch_ladder":2,"immersiveengineering:seed":8,"minecraft:soul_lantern":2,"horror_element_mod:trapped_leg":1,"minecraft:crimson_roots":2,"minecraft:coal":16},"minecraft:mined":{"minecraft:spruce_planks":2,"minecraft:mangrove_roots":1,"minecraft:brewing_stand":1,"minecraft:carved_pumpkin":2,"minecraft:birch_fence_gate":1,"minecraft:grass_block":45,"minecraft:crimson_roots":2,"minecraft:weeping_vines":3,"minecraft:spawner":1,"minecraft:hay_block":22,"minecraft:furnace":1,"minecraft:iron_ore":7,"minecraft:cobbled_deepslate":8,"regions_unexplored:purple_lupine":1,"minecraft:pumpkin":10,"treechop:chopped_log":9,"minecraft:peony":2,"minecraft:vine":21,"minecraft:spruce_wood":2,"minecraft:stone":67,"immersiveengineering:shader_banner":1,"minecraft:green_wool":1,"minecraft:stone_brick_slab":2,"minecraft:soul_lantern":1,"minecraft:crafting_table":2,"supplementaries:wild_flax":1,"minecraft:cobblestone":1,"minecraft:tall_grass":16,"minecraft:honeycomb_block":1,"minecraft:grindstone":1,"butchersdelight:deadchickenblock":2,"horror_element_mod:trapped_leg":1,"minecraft:iron_door":1,"minecraft:wall_torch":1,"minecraft:spruce_stairs":4,"minecraft:birch_planks":5,"minecraft:stripped_spruce_wood":1,"minecraft:mud":1,"horror_element_mod:spiked_villager":1,"minecraft:wither_rose":4,"minecraft:grass":47,"quark:birch_ladder":2,"quark:birch_chest":2,"minecraft:coal_ore":16,"minecraft:sand":2,"graveyard:leaning_skeleton":1,"minecraft:dirt":18,"minecraft:cobweb":2,"minecraft:cracked_stone_bricks":2,"minecraft:stone_bricks":26,"minecraft:mossy_stone_bricks":1,"minecraft:birch_fence":3,"minecraft:fern":4},"minecraft:custom":{"minecraft:mob_kills":18,"minecraft:interact_with_crafting_table":30,"minecraft:time_since_death":64450,"minecraft:climb_one_cm":7841,"minecraft:sprint_one_cm":242150,"minecraft:walk_one_cm":351574,"minecraft:drop":17,"minecraft:talked_to_villager":2,"minecraft:play_time":108232,"minecraft:deaths":7,"minecraft:sneak_time":2737,"minecraft:walk_under_water_one_cm":5598,"minecraft:jump":3010,"minecraft:interact_with_brewingstand":1,"minecraft:walk_on_water_one_cm":8419,"minecraft:total_world_time":108232,"minecraft:interact_with_furnace":13,"minecraft:interact_with_grindstone":2,"minecraft:sleep_in_bed":2,"minecraft:time_since_rest":33968,"minecraft:damage_taken":2852,"minecraft:trigger_trapped_chest":4,"minecraft:damage_dealt":4197,"minecraft:swim_one_cm":21699,"minecraft:fly_one_cm":690683,"minecraft:player_kills":1,"minecraft:open_chest":66,"minecraft:crouch_one_cm":7451,"minecraft:fall_one_cm":93966}},"DataVersion":3120}