{
  "ancient_manuscripts:items/acacia_binding_table": {
    "criteria": {
      "has_recipe": "2024-10-25 02:58:54 +0000"
    },
    "done": true
  },
  "minecraft:recipes/woodcutting/birch/birch_stairs_from_birch_planks_woodcutting": {
    "criteria": {
      "give_recipe": "2024-10-25 03:15:48 +0000"
    },
    "done": true
  },
  "repurposed_structures:pyramids": {
    "criteria": {
      "in_pyramid_flower_forest": "2024-10-25 04:12:10 +0000"
    },
    "done": false
  },
  "dnl:story/structures/hivenest/locate": {
    "criteria": {
      "locate_hivenest": "2024-10-25 03:03:39 +0000"
    },
    "done": true
  },
  "minecraft:recipes/woodcutting/witch_hazel/polished_witch_hazel_connected_from_witch_hazel_stairs_woodcutting": {
    "criteria": {
      "give_recipe": "2024-10-25 04:29:57 +0000"
    },
    "done": true
  },
  "naturescompass:natures_compass": {
    "criteria": {
      "has_recipe": "2024-10-25 02:58:54 +0000"
    },
    "done": true
  },
  "dungeons_enhanced:root": {
    "criteria": {
      "entered_druid_circle": "2024-10-25 03:48:30 +0000"
    },
    "done": true
  },
  "minecraft:recipes/woodcutting/birch/birch_planks_from_birch_log_woodcutting": {
    "criteria": {
      "give_recipe": "2024-10-25 04:31:44 +0000"
    },
    "done": true
  },
  "minecraft:recipes/woodcutting/birch/birch_slab_from_birch_planks_woodcutting": {
    "criteria": {
      "give_recipe": "2024-10-25 03:15:48 +0000"
    },
    "done": true
  },
  "minecraft:recipes/woodcutting/oak/oak_boat_from_oak_planks_woodcutting": {
    "criteria": {
      "give_recipe": "2024-10-25 03:15:19 +0000"
    },
    "done": true
  },
  "minecraft:recipes/woodcutting/birch/birch_trapdoor_from_birch_planks_woodcutting": {
    "criteria": {
      "give_recipe": "2024-10-25 03:15:48 +0000"
    },
    "done": true
  },
  "minecraft:recipes/woodcutting/birch/birch_pressure_plate_from_birch_planks_woodcutting": {
    "criteria": {
      "give_recipe": "2024-10-25 03:15:48 +0000"
    },
    "done": true
  },
  "minecraft:recipes/woodcutting/oak/oak_fence_gate_from_oak_planks_woodcutting": {
    "criteria": {
      "give_recipe": "2024-10-25 03:15:19 +0000"
    },
    "done": true
  },
  "aquamirae:adventure/root": {
    "criteria": {
      "crafting_table": "2024-10-25 03:08:52 +0000"
    },
    "done": true
  },
  "minecraft:recipes/woodcutting/oak/oak_sign_from_oak_planks_woodcutting": {
    "criteria": {
      "give_recipe": "2024-10-25 03:15:19 +0000"
    },
    "done": true
  },
  "dnl:story/structures/pillager_camp/locate": {
    "criteria": {
      "locate_pillager_camp": "2024-10-25 03:26:45 +0000"
    },
    "done": true
  },
  "repurposed_structures:witch_huts": {
    "criteria": {
      "in_witch_hut_oak": "2024-10-25 23:34:11 +0000"
    },
    "done": false
  },
  "ancient_manuscripts:items/mangrove_binding_table": {
    "criteria": {
      "has_recipe": "2024-10-25 02:58:54 +0000"
    },
    "done": true
  },
  "minecraft:recipes/woodcutting/oak/oak_slab_from_oak_planks_woodcutting": {
    "criteria": {
      "give_recipe": "2024-10-25 03:15:19 +0000"
    },
    "done": true
  },
  "minecraft:recipes/woodcutting/birch/birch_button_from_birch_planks_woodcutting": {
    "criteria": {
      "give_recipe": "2024-10-25 03:15:48 +0000"
    },
    "done": true
  },
  "betterdungeons:all_dungeons": {
    "criteria": {
      "in_better_spider_dungeon": "2024-10-25 03:38:14 +0000"
    },
    "done": false
  },
  "minecraft:recipes/woodcutting/oak/oak_trapdoor_from_oak_planks_woodcutting": {
    "criteria": {
      "give_recipe": "2024-10-25 03:15:19 +0000"
    },
    "done": true
  },
  "ancient_manuscripts:items/jungle_binding_table": {
    "criteria": {
      "has_recipe": "2024-10-25 02:58:54 +0000"
    },
    "done": true
  },
  "cataclysm:root": {
    "criteria": {
      "custom_test_name": "2024-10-25 02:58:54 +0000"
    },
    "done": true
  },
  "minecraft:recipes/woodcutting/oak/crafting_table_from_oak_planks_woodcutting": {
    "criteria": {
      "give_recipe": "2024-10-25 03:15:19 +0000"
    },
    "done": true
  },
  "minecraft:recipes/woodcutting/birch/birch_fence_from_birch_planks_woodcutting": {
    "criteria": {
      "give_recipe": "2024-10-25 03:15:48 +0000"
    },
    "done": true
  },
  "minecraft:husbandry/balanced_diet": {
    "criteria": {
      "baked_potato": "2024-10-25 03:15:50 +0000",
      "potato": "2024-10-25 03:27:06 +0000",
      "bread": "2024-10-25 03:30:20 +0000",
      "rotten_flesh": "2024-10-25 03:17:40 +0000"
    },
    "done": false
  },
  "regions_unexplored:regions_explored": {
    "criteria": {
      "silver_birch_forest": "2024-10-25 23:37:23 +0000",
      "shrubland": "2024-10-25 03:28:19 +0000",
      "grassy_beach": "2024-10-25 03:30:12 +0000",
      "ochard": "2024-10-25 03:49:46 +0000",
      "maple_forest": "2024-10-25 23:35:37 +0000",
      "temperate_grove": "2024-10-25 03:29:17 +0000"
    },
    "done": false
  },
  "endofherobrine:story/root": {
    "criteria": {
      "requirement": "2024-10-25 02:58:54 +0000"
    },
    "done": true
  },
  "minecraft:recipes/woodcutting/birch/barrel_from_birch_planks_woodcutting": {
    "criteria": {
      "give_recipe": "2024-10-25 03:15:48 +0000"
    },
    "done": true
  },
  "minecraft:recipes/woodcutting/oak/oak_stairs_from_oak_planks_woodcutting": {
    "criteria": {
      "give_recipe": "2024-10-25 03:15:19 +0000"
    },
    "done": true
  },
  "graveyard:graveyard/medium_graveyard": {
    "criteria": {
      "medium_graveyard": "2024-10-25 03:38:17 +0000"
    },
    "done": true
  },
  "minecraft:recipes/woodcutting/oak/oak_planks_from_oak_log_woodcutting": {
    "criteria": {
      "give_recipe": "2024-10-25 03:00:13 +0000"
    },
    "done": true
  },
  "minecraft:story/iron_tools": {
    "criteria": {
      "iron_pickaxe": "2024-10-25 03:43:41 +0000"
    },
    "done": true
  },
  "naturescompass:natures_compass_sapling": {
    "criteria": {
      "has_recipe": "2024-10-25 02:58:54 +0000"
    },
    "done": true
  },
  "ancient_manuscripts:items/dark_oak_binding_table": {
    "criteria": {
      "has_recipe": "2024-10-25 02:58:54 +0000"
    },
    "done": true
  },
  "minecraft:recipes/woodcutting/birch/birch_sign_from_birch_planks_woodcutting": {
    "criteria": {
      "give_recipe": "2024-10-25 03:15:48 +0000"
    },
    "done": true
  },
  "ancient_manuscripts:items/oak_binding_table": {
    "criteria": {
      "has_recipe": "2024-10-25 02:58:54 +0000"
    },
    "done": true
  },
  "minecraft:story/root": {
    "criteria": {
      "crafting_table": "2024-10-25 03:08:52 +0000"
    },
    "done": true
  },
  "regions_unexplored:pioneer": {
    "criteria": {
      "silver_birch_forest": "2024-10-25 23:37:23 +0000",
      "shrubland": "2024-10-25 03:28:19 +0000",
      "grassy_beach": "2024-10-25 03:30:12 +0000",
      "ochard": "2024-10-25 03:49:46 +0000",
      "maple_forest": "2024-10-25 23:35:37 +0000",
      "temperate_grove": "2024-10-25 03:29:17 +0000"
    },
    "done": false
  },
  "ancient_manuscripts:items/birch_binding_table": {
    "criteria": {
      "has_recipe": "2024-10-25 02:58:54 +0000"
    },
    "done": true
  },
  "ancient_manuscripts:items/enchanted_book_glue": {
    "criteria": {
      "has_recipe": "2024-10-25 02:58:54 +0000"
    },
    "done": true
  },
  "ancient_manuscripts:items/empty_glue_bottle": {
    "criteria": {
      "has_recipe": "2024-10-25 02:58:54 +0000"
    },
    "done": true
  },
  "dungeons_enhanced:ambitious_explorer": {
    "criteria": {
      "entered_tower_of_the_undead": "2024-10-25 03:53:31 +0000",
      "entered_stables": "2024-10-25 23:49:01 +0000",
      "entered_druid_circle": "2024-10-25 03:48:30 +0000"
    },
    "done": false
  },
  "repurposed_structures:mansions": {
    "criteria": {
      "in_mansion_oak": "2024-10-25 23:33:06 +0000"
    },
    "done": false
  },
  "minecraft:recipes/woodcutting/oak/oak_slab_from_oak_stairs_woodcutting_combine": {
    "criteria": {
      "give_recipe": "2024-10-25 04:12:51 +0000",
      "has_block": "2024-10-25 04:12:51 +0000"
    },
    "done": true
  },
  "betterdungeons:root": {
    "criteria": {
      "always": "2024-10-25 02:58:54 +0000"
    },
    "done": true
  },
  "minecraft:nether/get_wither_skull": {
    "criteria": {
      "wither_skull": "2024-10-25 03:21:41 +0000"
    },
    "done": true
  },
  "spore:spore": {
    "criteria": {
      "requirement": "2024-10-25 23:48:00 +0000"
    },
    "done": true
  },
  "dnl:entity/guardian_ghast/hurt": {
    "criteria": {
      "not_projectile": "2024-10-25 03:02:36 +0000"
    },
    "done": false
  },
  "minecraft:recipes/woodcutting/birch/birch_door_from_birch_planks_woodcutting": {
    "criteria": {
      "give_recipe": "2024-10-25 03:15:48 +0000"
    },
    "done": true
  },
  "minecraft:recipes/woodcutting/witch_hazel/witch_hazel_planks_from_witch_hazel_stairs_woodcutting": {
    "criteria": {
      "give_recipe": "2024-10-25 04:29:57 +0000"
    },
    "done": true
  },
  "minecraft:adventure/kill_a_mob": {
    "criteria": {
      "minecraft:spider": "2024-10-25 03:14:07 +0000"
    },
    "done": true
  },
  "dnl:util/entity_hit_matching/on_hurt": {
    "criteria": {
      "not_projectile": "2024-10-25 23:54:59 +0000",
      "blocked_false": "2024-10-25 23:54:59 +0000"
    },
    "done": false
  },
  "minecraft:recipes/woodcutting/witch_hazel/polished_witch_hazel_layered_from_witch_hazel_stairs_woodcutting": {
    "criteria": {
      "give_recipe": "2024-10-25 04:29:57 +0000"
    },
    "done": true
  },
  "dnl:story/general/locate_dungeon": {
    "criteria": {
      "locate_hivenest": "2024-10-25 03:03:39 +0000"
    },
    "done": true
  },
  "minecraft:story/obtain_armor": {
    "criteria": {
      "iron_helmet": "2024-10-25 23:08:28 +0000"
    },
    "done": true
  },
  "regions_unexplored:parent": {
    "criteria": {
      "load_in_world": "2024-10-25 02:58:54 +0000"
    },
    "done": true
  },
  "minecraft:story/mine_stone": {
    "criteria": {
      "get_stone": "2024-10-25 03:06:11 +0000"
    },
    "done": true
  },
  "minecraft:recipes/woodcutting/witch_hazel/witch_hazel_connected_from_witch_hazel_stairs_woodcutting": {
    "criteria": {
      "give_recipe": "2024-10-25 04:29:57 +0000"
    },
    "done": true
  },
  "graveyard:graveyard/middle_bone_staff": {
    "criteria": {
      "middle_bone_staff": "2024-10-25 03:02:59 +0000"
    },
    "done": true
  },
  "minecraft:adventure/adventuring_time": {
    "criteria": {
      "minecraft:sunflower_plains": "2024-10-25 03:52:56 +0000",
      "minecraft:birch_forest": "2024-10-25 03:07:52 +0000",
      "minecraft:beach": "2024-10-25 03:06:37 +0000",
      "minecraft:river": "2024-10-25 03:07:49 +0000",
      "minecraft:dripstone_caves": "2024-10-25 03:59:03 +0000",
      "minecraft:forest": "2024-10-25 03:19:58 +0000",
      "minecraft:flower_forest": "2024-10-25 03:38:16 +0000",
      "minecraft:old_growth_birch_forest": "2024-10-25 02:58:54 +0000",
      "minecraft:meadow": "2024-10-25 03:59:01 +0000",
      "minecraft:plains": "2024-10-25 03:26:28 +0000"
    },
    "done": false
  },
  "minecraft:recipes/woodcutting/witch_hazel/polished_witch_hazel_pillar_from_witch_hazel_stairs_woodcutting": {
    "criteria": {
      "give_recipe": "2024-10-25 04:29:57 +0000"
    },
    "done": true
  },
  "minecraft:husbandry/root": {
    "criteria": {
      "consumed_item": "2024-10-25 03:15:50 +0000"
    },
    "done": true
  },
  "minecraft:nether/brew_potion": {
    "criteria": {
      "potion": "2024-10-25 23:39:38 +0000"
    },
    "done": true
  },
  "minecraft:recipes/woodcutting/birch/birch_chest_boat_from_birch_planks_woodcutting": {
    "criteria": {
      "give_recipe": "2024-10-25 03:15:48 +0000"
    },
    "done": true
  },
  "minecraft:adventure/root": {
    "criteria": {
      "killed_by_something": "2024-10-25 02:59:11 +0000"
    },
    "done": true
  },
  "minecraft:recipes/woodcutting/oak/oak_pressure_plate_from_oak_planks_woodcutting": {
    "criteria": {
      "give_recipe": "2024-10-25 03:15:19 +0000"
    },
    "done": true
  },
  "ancient_manuscripts:items/crimson_binding_table": {
    "criteria": {
      "has_recipe": "2024-10-25 02:58:54 +0000"
    },
    "done": true
  },
  "minecraft:recipes/woodcutting/oak/chest_from_oak_planks_woodcutting": {
    "criteria": {
      "give_recipe": "2024-10-25 03:15:19 +0000"
    },
    "done": true
  },
  "minecraft:recipes/woodcutting/witch_hazel/polished_witch_hazel_planks_from_witch_hazel_stairs_woodcutting": {
    "criteria": {
      "give_recipe": "2024-10-25 04:29:57 +0000"
    },
    "done": true
  },
  "graveyard:graveyard/kill_graveyard_mob": {
    "criteria": {
      "ghoul": "2024-10-25 03:02:52 +0000"
    },
    "done": true
  },
  "graveyard:graveyard/root": {
    "criteria": {
      "grave_01": "2024-10-25 23:38:12 +0000"
    },
    "done": true
  },
  "minecraft:recipes/woodcutting/oak/oak_door_from_oak_planks_woodcutting": {
    "criteria": {
      "give_recipe": "2024-10-25 03:15:19 +0000"
    },
    "done": true
  },
  "minecraft:recipes/woodcutting/oak/oak_fence_from_oak_planks_woodcutting": {
    "criteria": {
      "give_recipe": "2024-10-25 03:15:19 +0000"
    },
    "done": true
  },
  "ancient_manuscripts:items/spruce_binding_table": {
    "criteria": {
      "has_recipe": "2024-10-25 02:58:54 +0000"
    },
    "done": true
  },
  "minecraft:adventure/kill_all_mobs": {
    "criteria": {
      "minecraft:pillager": "2024-10-25 03:26:45 +0000",
      "minecraft:spider": "2024-10-25 03:14:07 +0000",
      "minecraft:witch": "2024-10-25 23:31:40 +0000",
      "minecraft:silverfish": "2024-10-25 23:06:50 +0000",
      "minecraft:zombie": "2024-10-25 03:14:51 +0000",
      "minecraft:zombie_villager": "2024-10-25 23:19:50 +0000"
    },
    "done": false
  },
  "graveyard:graveyard/dead_tree": {
    "criteria": {
      "dead_tree": "2024-10-25 23:37:08 +0000"
    },
    "done": true
  },
  "minecraft:recipes/woodcutting/witch_hazel/witch_hazel_slab_from_witch_hazel_stairs_woodcutting_combine": {
    "criteria": {
      "give_recipe": "2024-10-25 04:29:57 +0000",
      "has_block": "2024-10-25 04:29:57 +0000"
    },
    "done": true
  },
  "minecraft:recipes/woodcutting/oak/barrel_from_oak_planks_woodcutting": {
    "criteria": {
      "give_recipe": "2024-10-25 03:15:19 +0000"
    },
    "done": true
  },
  "minecraft:recipes/woodcutting/oak/oak_chest_boat_from_oak_planks_woodcutting": {
    "criteria": {
      "give_recipe": "2024-10-25 03:15:19 +0000"
    },
    "done": true
  },
  "minecraft:recipes/woodcutting/birch/birch_fence_gate_from_birch_planks_woodcutting": {
    "criteria": {
      "give_recipe": "2024-10-25 03:15:48 +0000"
    },
    "done": true
  },
  "dnl:story/themes/illager/locate": {
    "criteria": {
      "locate_plains_pillager_camp": "2024-10-25 03:26:45 +0000"
    },
    "done": true
  },
  "minecraft:recipes/woodcutting/oak/oak_planks_from_oak_stairs_woodcutting": {
    "criteria": {
      "give_recipe": "2024-10-25 04:12:51 +0000"
    },
    "done": true
  },
  "minecraft:recipes/woodcutting/birch/chest_from_birch_planks_woodcutting": {
    "criteria": {
      "give_recipe": "2024-10-25 03:15:48 +0000"
    },
    "done": true
  },
  "betterdeserttemples:root": {
    "criteria": {
      "always": "2024-10-25 02:58:54 +0000"
    },
    "done": true
  },
  "naturescompass:natures_compass_log": {
    "criteria": {
      "has_recipe": "2024-10-25 02:58:54 +0000"
    },
    "done": true
  },
  "ancient_manuscripts:items/warped_binding_table": {
    "criteria": {
      "has_recipe": "2024-10-25 02:58:54 +0000"
    },
    "done": true
  },
  "supplementaries:adventure/way_sign": {
    "criteria": {
      "bastion": "2024-10-25 03:22:51 +0000"
    },
    "done": true
  },
  "minecraft:story/smelt_iron": {
    "criteria": {
      "iron": "2024-10-25 03:41:52 +0000"
    },
    "done": true
  },
  "minecraft:recipes/woodcutting/oak/oak_button_from_oak_planks_woodcutting": {
    "criteria": {
      "give_recipe": "2024-10-25 03:15:19 +0000"
    },
    "done": true
  },
  "minecraft:recipes/woodcutting/birch/birch_boat_from_birch_planks_woodcutting": {
    "criteria": {
      "give_recipe": "2024-10-25 03:15:48 +0000"
    },
    "done": true
  },
  "betterdungeons:spider_dungeon": {
    "criteria": {
      "in_better_spider_dungeon": "2024-10-25 03:38:14 +0000"
    },
    "done": true
  },
  "minecraft:recipes/woodcutting/witch_hazel/polished_witch_hazel_slab_from_witch_hazel_stairs_woodcutting_combine": {
    "criteria": {
      "give_recipe": "2024-10-25 04:29:57 +0000",
      "has_block": "2024-10-25 04:29:57 +0000"
    },
    "done": true
  },
  "travelersbackpack:standard_from_custom": {
    "criteria": {
      "has_the_recipe": "2024-10-25 02:58:54 +0000"
    },
    "done": true
  },
  "minecraft:recipes/woodcutting/birch/crafting_table_from_birch_planks_woodcutting": {
    "criteria": {
      "give_recipe": "2024-10-25 03:15:48 +0000"
    },
    "done": true
  },
  "repurposed_structures:root": {
    "criteria": {
      "always": "2024-10-25 02:58:54 +0000"
    },
    "done": true
  },
  "DataVersion": 3120
}