{
  "minecraft:recipes/woodcutting/witch_hazel/witch_hazel_connected_from_witch_hazel_slab_woodcutting": {
    "criteria": {
      "give_recipe": "2024-10-25 04:31:31 +0000"
    },
    "done": true
  },
  "ancient_manuscripts:items/acacia_binding_table": {
    "criteria": {
      "has_recipe": "2024-10-25 02:41:25 +0000"
    },
    "done": true
  },
  "minecraft:recipes/woodcutting/birch/birch_stairs_from_birch_planks_woodcutting": {
    "criteria": {
      "give_recipe": "2024-10-25 02:47:08 +0000"
    },
    "done": true
  },
  "repurposed_structures:pyramids": {
    "criteria": {
      "in_pyramid_flower_forest": "2024-10-25 04:12:23 +0000"
    },
    "done": false
  },
  "minecraft:recipes/woodcutting/witch_hazel/polished_witch_hazel_trapdoor_from_witch_hazel_slab_woodcutting": {
    "criteria": {
      "give_recipe": "2024-10-25 04:31:31 +0000"
    },
    "done": true
  },
  "dnl:story/structures/hivenest/locate": {
    "criteria": {
      "locate_hivenest": "2024-10-25 02:52:56 +0000"
    },
    "done": true
  },
  "naturescompass:natures_compass": {
    "criteria": {
      "has_recipe": "2024-10-25 02:41:25 +0000"
    },
    "done": true
  },
  "dungeons_enhanced:root": {
    "criteria": {
      "entered_druid_circle": "2024-10-25 03:30:14 +0000"
    },
    "done": true
  },
  "minecraft:recipes/woodcutting/birch/birch_planks_from_birch_log_woodcutting": {
    "criteria": {
      "give_recipe": "2024-10-25 02:45:54 +0000"
    },
    "done": true
  },
  "minecraft:recipes/woodcutting/birch/birch_slab_from_birch_planks_woodcutting": {
    "criteria": {
      "give_recipe": "2024-10-25 02:47:08 +0000"
    },
    "done": true
  },
  "minecraft:recipes/woodcutting/oak/oak_boat_from_oak_planks_woodcutting": {
    "criteria": {
      "give_recipe": "2024-10-25 03:40:24 +0000"
    },
    "done": true
  },
  "minecraft:recipes/woodcutting/birch/birch_trapdoor_from_birch_planks_woodcutting": {
    "criteria": {
      "give_recipe": "2024-10-25 02:47:08 +0000"
    },
    "done": true
  },
  "minecraft:recipes/woodcutting/birch/birch_pressure_plate_from_birch_planks_woodcutting": {
    "criteria": {
      "give_recipe": "2024-10-25 02:47:08 +0000"
    },
    "done": true
  },
  "minecraft:recipes/woodcutting/witch_hazel/polished_witch_hazel_planks_from_witch_hazel_slab_woodcutting": {
    "criteria": {
      "give_recipe": "2024-10-25 04:31:31 +0000"
    },
    "done": true
  },
  "minecraft:recipes/woodcutting/oak/oak_fence_gate_from_oak_planks_woodcutting": {
    "criteria": {
      "give_recipe": "2024-10-25 03:40:24 +0000"
    },
    "done": true
  },
  "aquamirae:adventure/root": {
    "criteria": {
      "crafting_table": "2024-10-25 02:47:12 +0000"
    },
    "done": true
  },
  "dnl:story/structures/pillager_camp/locate": {
    "criteria": {
      "locate_pillager_camp": "2024-10-25 03:26:54 +0000"
    },
    "done": true
  },
  "minecraft:recipes/woodcutting/oak/oak_sign_from_oak_planks_woodcutting": {
    "criteria": {
      "give_recipe": "2024-10-25 03:40:24 +0000"
    },
    "done": true
  },
  "minecraft:recipes/woodcutting/witch_hazel/polished_witch_hazel_stairs_from_witch_hazel_slab_woodcutting": {
    "criteria": {
      "give_recipe": "2024-10-25 04:31:31 +0000"
    },
    "done": true
  },
  "minecraft:recipes/woodcutting/witch_hazel/witch_hazel_stairs_from_witch_hazel_slab_woodcutting": {
    "criteria": {
      "give_recipe": "2024-10-25 04:31:31 +0000"
    },
    "done": true
  },
  "ancient_manuscripts:items/mangrove_binding_table": {
    "criteria": {
      "has_recipe": "2024-10-25 02:41:25 +0000"
    },
    "done": true
  },
  "minecraft:recipes/woodcutting/oak/oak_slab_from_oak_planks_woodcutting": {
    "criteria": {
      "give_recipe": "2024-10-25 03:40:24 +0000"
    },
    "done": true
  },
  "minecraft:recipes/woodcutting/birch/birch_button_from_birch_planks_woodcutting": {
    "criteria": {
      "give_recipe": "2024-10-25 02:47:08 +0000"
    },
    "done": true
  },
  "minecraft:recipes/woodcutting/witch_hazel/polished_witch_hazel_door_from_witch_hazel_slab_woodcutting": {
    "criteria": {
      "give_recipe": "2024-10-25 04:31:31 +0000"
    },
    "done": true
  },
  "betterdungeons:all_dungeons": {
    "criteria": {
      "in_better_spider_dungeon": "2024-10-25 03:27:52 +0000"
    },
    "done": false
  },
  "minecraft:recipes/woodcutting/witch_hazel/witch_hazel_fence_gate_from_witch_hazel_slab_woodcutting": {
    "criteria": {
      "give_recipe": "2024-10-25 04:31:31 +0000"
    },
    "done": true
  },
  "minecraft:recipes/woodcutting/oak/oak_trapdoor_from_oak_planks_woodcutting": {
    "criteria": {
      "give_recipe": "2024-10-25 03:40:24 +0000"
    },
    "done": true
  },
  "minecraft:recipes/woodcutting/witch_hazel/witch_hazel_chest_from_witch_hazel_slab_woodcutting": {
    "criteria": {
      "give_recipe": "2024-10-25 04:31:31 +0000"
    },
    "done": true
  },
  "ancient_manuscripts:items/jungle_binding_table": {
    "criteria": {
      "has_recipe": "2024-10-25 02:41:25 +0000"
    },
    "done": true
  },
  "cataclysm:root": {
    "criteria": {
      "custom_test_name": "2024-10-25 02:41:25 +0000"
    },
    "done": true
  },
  "minecraft:recipes/woodcutting/oak/crafting_table_from_oak_planks_woodcutting": {
    "criteria": {
      "give_recipe": "2024-10-25 03:40:24 +0000"
    },
    "done": true
  },
  "minecraft:recipes/woodcutting/birch/birch_fence_from_birch_planks_woodcutting": {
    "criteria": {
      "give_recipe": "2024-10-25 02:47:08 +0000"
    },
    "done": true
  },
  "minecraft:husbandry/balanced_diet": {
    "criteria": {
      "apple": "2024-10-25 03:25:37 +0000",
      "bread": "2024-10-25 03:26:33 +0000",
      "rotten_flesh": "2024-10-25 02:53:28 +0000"
    },
    "done": false
  },
  "minecraft:recipes/woodcutting/witch_hazel/witch_hazel_planks_from_witch_hazel_slab_woodcutting": {
    "criteria": {
      "give_recipe": "2024-10-25 04:31:31 +0000"
    },
    "done": true
  },
  "regions_unexplored:regions_explored": {
    "criteria": {
      "shrubland": "2024-10-25 03:13:56 +0000",
      "prismachasm": "2024-10-25 04:20:08 +0000",
      "grassy_beach": "2024-10-25 03:28:28 +0000",
      "ochard": "2024-10-25 03:49:42 +0000",
      "temperate_grove": "2024-10-25 03:13:40 +0000"
    },
    "done": false
  },
  "endofherobrine:story/root": {
    "criteria": {
      "requirement": "2024-10-25 02:45:53 +0000"
    },
    "done": true
  },
  "minecraft:recipes/woodcutting/birch/barrel_from_birch_planks_woodcutting": {
    "criteria": {
      "give_recipe": "2024-10-25 02:47:08 +0000"
    },
    "done": true
  },
  "minecraft:recipes/woodcutting/witch_hazel/witch_hazel_door_from_witch_hazel_slab_woodcutting": {
    "criteria": {
      "give_recipe": "2024-10-25 04:31:31 +0000"
    },
    "done": true
  },
  "minecraft:recipes/woodcutting/witch_hazel/witch_hazel_pressure_plate_from_witch_hazel_slab_woodcutting": {
    "criteria": {
      "give_recipe": "2024-10-25 04:31:31 +0000"
    },
    "done": true
  },
  "minecraft:recipes/woodcutting/witch_hazel/polished_witch_hazel_pillar_from_witch_hazel_slab_woodcutting": {
    "criteria": {
      "give_recipe": "2024-10-25 04:31:31 +0000"
    },
    "done": true
  },
  "minecraft:recipes/woodcutting/witch_hazel/polished_witch_hazel_fence_gate_from_witch_hazel_slab_woodcutting": {
    "criteria": {
      "give_recipe": "2024-10-25 04:31:31 +0000"
    },
    "done": true
  },
  "graveyard:graveyard/medium_graveyard": {
    "criteria": {
      "medium_graveyard": "2024-10-25 03:38:20 +0000"
    },
    "done": true
  },
  "minecraft:recipes/woodcutting/oak/oak_stairs_from_oak_planks_woodcutting": {
    "criteria": {
      "give_recipe": "2024-10-25 03:40:24 +0000"
    },
    "done": true
  },
  "minecraft:recipes/woodcutting/witch_hazel/polished_witch_hazel_sign_from_witch_hazel_slab_woodcutting": {
    "criteria": {
      "give_recipe": "2024-10-25 04:31:31 +0000"
    },
    "done": true
  },
  "minecraft:recipes/woodcutting/oak/oak_planks_from_oak_log_woodcutting": {
    "criteria": {
      "give_recipe": "2024-10-25 03:23:18 +0000"
    },
    "done": true
  },
  "minecraft:recipes/woodcutting/witch_hazel/polished_witch_hazel_pressure_plate_from_witch_hazel_slab_woodcutting": {
    "criteria": {
      "give_recipe": "2024-10-25 04:31:31 +0000"
    },
    "done": true
  },
  "minecraft:story/iron_tools": {
    "criteria": {
      "iron_pickaxe": "2024-10-25 03:43:20 +0000"
    },
    "done": true
  },
  "naturescompass:natures_compass_sapling": {
    "criteria": {
      "has_recipe": "2024-10-25 02:41:25 +0000"
    },
    "done": true
  },
  "ancient_manuscripts:items/dark_oak_binding_table": {
    "criteria": {
      "has_recipe": "2024-10-25 02:41:25 +0000"
    },
    "done": true
  },
  "minecraft:recipes/woodcutting/birch/birch_sign_from_birch_planks_woodcutting": {
    "criteria": {
      "give_recipe": "2024-10-25 02:47:08 +0000"
    },
    "done": true
  },
  "ancient_manuscripts:items/oak_binding_table": {
    "criteria": {
      "has_recipe": "2024-10-25 02:41:25 +0000"
    },
    "done": true
  },
  "minecraft:story/root": {
    "criteria": {
      "crafting_table": "2024-10-25 02:47:12 +0000"
    },
    "done": true
  },
  "graveyard:graveyard/corruption": {
    "criteria": {
      "corruption": "2024-10-25 02:50:37 +0000"
    },
    "done": true
  },
  "regions_unexplored:pioneer": {
    "criteria": {
      "shrubland": "2024-10-25 03:13:56 +0000",
      "grassy_beach": "2024-10-25 03:28:28 +0000",
      "ochard": "2024-10-25 03:49:42 +0000",
      "temperate_grove": "2024-10-25 03:13:40 +0000"
    },
    "done": false
  },
  "ancient_manuscripts:items/birch_binding_table": {
    "criteria": {
      "has_recipe": "2024-10-25 02:41:25 +0000"
    },
    "done": true
  },
  "ancient_manuscripts:items/enchanted_book_glue": {
    "criteria": {
      "has_recipe": "2024-10-25 02:41:25 +0000"
    },
    "done": true
  },
  "ancient_manuscripts:items/empty_glue_bottle": {
    "criteria": {
      "has_recipe": "2024-10-25 02:41:25 +0000"
    },
    "done": true
  },
  "dungeons_enhanced:ambitious_explorer": {
    "criteria": {
      "entered_tower_of_the_undead": "2024-10-25 03:53:56 +0000",
      "entered_druid_circle": "2024-10-25 03:30:14 +0000"
    },
    "done": false
  },
  "minecraft:recipes/woodcutting/witch_hazel/witch_hazel_button_from_witch_hazel_slab_woodcutting": {
    "criteria": {
      "give_recipe": "2024-10-25 04:31:31 +0000"
    },
    "done": true
  },
  "betterdungeons:root": {
    "criteria": {
      "always": "2024-10-25 02:41:25 +0000"
    },
    "done": true
  },
  "dnl:entity/guardian_ghast/hurt": {
    "criteria": {
      "not_projectile": "2024-10-25 02:50:04 +0000"
    },
    "done": false
  },
  "minecraft:recipes/woodcutting/birch/birch_door_from_birch_planks_woodcutting": {
    "criteria": {
      "give_recipe": "2024-10-25 02:47:08 +0000"
    },
    "done": true
  },
  "minecraft:adventure/kill_a_mob": {
    "criteria": {
      "minecraft:zombie": "2024-10-25 02:50:13 +0000"
    },
    "done": true
  },
  "dnl:story/general/locate_dungeon": {
    "criteria": {
      "locate_hivenest": "2024-10-25 02:52:56 +0000"
    },
    "done": true
  },
  "minecraft:recipes/woodcutting/witch_hazel/polished_witch_hazel_fence_from_witch_hazel_slab_woodcutting": {
    "criteria": {
      "give_recipe": "2024-10-25 04:31:31 +0000"
    },
    "done": true
  },
  "minecraft:story/obtain_armor": {
    "criteria": {
      "iron_leggings": "2024-10-25 03:40:02 +0000"
    },
    "done": true
  },
  "regions_unexplored:parent": {
    "criteria": {
      "load_in_world": "2024-10-25 02:41:26 +0000"
    },
    "done": true
  },
  "minecraft:story/mine_stone": {
    "criteria": {
      "get_stone": "2024-10-25 02:51:08 +0000"
    },
    "done": true
  },
  "minecraft:adventure/adventuring_time": {
    "criteria": {
      "minecraft:sunflower_plains": "2024-10-25 03:52:56 +0000",
      "minecraft:beach": "2024-10-25 02:53:56 +0000",
      "minecraft:river": "2024-10-25 02:54:49 +0000",
      "minecraft:dripstone_caves": "2024-10-25 03:59:03 +0000",
      "minecraft:forest": "2024-10-25 02:54:34 +0000",
      "minecraft:lush_caves": "2024-10-25 04:16:01 +0000",
      "minecraft:ocean": "2024-10-25 02:58:37 +0000",
      "minecraft:flower_forest": "2024-10-25 03:28:00 +0000",
      "minecraft:old_growth_birch_forest": "2024-10-25 02:41:26 +0000",
      "minecraft:meadow": "2024-10-25 03:59:00 +0000",
      "minecraft:plains": "2024-10-25 02:55:24 +0000"
    },
    "done": false
  },
  "minecraft:adventure/sleep_in_bed": {
    "criteria": {
      "slept_in_bed": "2024-10-25 22:43:02 +0000"
    },
    "done": true
  },
  "minecraft:recipes/woodcutting/witch_hazel/polished_witch_hazel_layered_from_witch_hazel_slab_woodcutting": {
    "criteria": {
      "give_recipe": "2024-10-25 04:31:31 +0000"
    },
    "done": true
  },
  "minecraft:husbandry/root": {
    "criteria": {
      "consumed_item": "2024-10-25 02:53:28 +0000"
    },
    "done": true
  },
  "minecraft:recipes/woodcutting/birch/birch_chest_boat_from_birch_planks_woodcutting": {
    "criteria": {
      "give_recipe": "2024-10-25 02:47:08 +0000"
    },
    "done": true
  },
  "minecraft:recipes/woodcutting/witch_hazel/witch_hazel_sign_from_witch_hazel_slab_woodcutting": {
    "criteria": {
      "give_recipe": "2024-10-25 04:31:31 +0000"
    },
    "done": true
  },
  "minecraft:adventure/root": {
    "criteria": {
      "killed_something": "2024-10-25 02:50:13 +0000"
    },
    "done": true
  },
  "minecraft:recipes/woodcutting/oak/oak_pressure_plate_from_oak_planks_woodcutting": {
    "criteria": {
      "give_recipe": "2024-10-25 03:40:24 +0000"
    },
    "done": true
  },
  "ancient_manuscripts:items/crimson_binding_table": {
    "criteria": {
      "has_recipe": "2024-10-25 02:41:25 +0000"
    },
    "done": true
  },
  "minecraft:recipes/woodcutting/oak/chest_from_oak_planks_woodcutting": {
    "criteria": {
      "give_recipe": "2024-10-25 03:40:24 +0000"
    },
    "done": true
  },
  "regions_unexplored:spelunker": {
    "criteria": {
      "prismachasm": "2024-10-25 04:20:08 +0000"
    },
    "done": false
  },
  "minecraft:recipes/woodcutting/oak/oak_door_from_oak_planks_woodcutting": {
    "criteria": {
      "give_recipe": "2024-10-25 03:40:24 +0000"
    },
    "done": true
  },
  "minecraft:recipes/woodcutting/oak/oak_fence_from_oak_planks_woodcutting": {
    "criteria": {
      "give_recipe": "2024-10-25 03:40:24 +0000"
    },
    "done": true
  },
  "minecraft:recipes/woodcutting/witch_hazel/polished_witch_hazel_slab_from_witch_hazel_slab_woodcutting": {
    "criteria": {
      "give_recipe": "2024-10-25 04:31:31 +0000"
    },
    "done": true
  },
  "ancient_manuscripts:items/spruce_binding_table": {
    "criteria": {
      "has_recipe": "2024-10-25 02:41:25 +0000"
    },
    "done": true
  },
  "minecraft:recipes/woodcutting/witch_hazel/barrel_from_witch_hazel_slab_woodcutting": {
    "criteria": {
      "give_recipe": "2024-10-25 04:31:31 +0000"
    },
    "done": true
  },
  "minecraft:adventure/kill_all_mobs": {
    "criteria": {
      "minecraft:spider": "2024-10-25 22:27:33 +0000",
      "minecraft:zombie": "2024-10-25 02:50:13 +0000",
      "minecraft:zombie_villager": "2024-10-25 22:33:28 +0000"
    },
    "done": false
  },
  "minecraft:recipes/woodcutting/witch_hazel/polished_witch_hazel_connected_from_witch_hazel_slab_woodcutting": {
    "criteria": {
      "give_recipe": "2024-10-25 04:31:31 +0000"
    },
    "done": true
  },
  "minecraft:recipes/woodcutting/oak/barrel_from_oak_planks_woodcutting": {
    "criteria": {
      "give_recipe": "2024-10-25 03:40:24 +0000"
    },
    "done": true
  },
  "minecraft:recipes/woodcutting/witch_hazel/witch_hazel_trapdoor_from_witch_hazel_slab_woodcutting": {
    "criteria": {
      "give_recipe": "2024-10-25 04:31:31 +0000"
    },
    "done": true
  },
  "minecraft:recipes/woodcutting/witch_hazel/crafting_table_from_witch_hazel_slab_woodcutting": {
    "criteria": {
      "give_recipe": "2024-10-25 04:31:31 +0000"
    },
    "done": true
  },
  "minecraft:recipes/woodcutting/birch/birch_fence_gate_from_birch_planks_woodcutting": {
    "criteria": {
      "give_recipe": "2024-10-25 02:47:08 +0000"
    },
    "done": true
  },
  "dnl:story/themes/illager/locate": {
    "criteria": {
      "locate_plains_pillager_camp": "2024-10-25 03:26:54 +0000"
    },
    "done": true
  },
  "minecraft:recipes/woodcutting/oak/oak_chest_boat_from_oak_planks_woodcutting": {
    "criteria": {
      "give_recipe": "2024-10-25 03:40:24 +0000"
    },
    "done": true
  },
  "minecraft:recipes/woodcutting/witch_hazel/witch_hazel_fence_from_witch_hazel_slab_woodcutting": {
    "criteria": {
      "give_recipe": "2024-10-25 04:31:31 +0000"
    },
    "done": true
  },
  "minecraft:recipes/woodcutting/birch/chest_from_birch_planks_woodcutting": {
    "criteria": {
      "give_recipe": "2024-10-25 02:47:08 +0000"
    },
    "done": true
  },
  "betterdeserttemples:root": {
    "criteria": {
      "always": "2024-10-25 02:41:25 +0000"
    },
    "done": true
  },
  "naturescompass:natures_compass_log": {
    "criteria": {
      "has_recipe": "2024-10-25 02:41:25 +0000"
    },
    "done": true
  },
  "ancient_manuscripts:items/warped_binding_table": {
    "criteria": {
      "has_recipe": "2024-10-25 02:41:25 +0000"
    },
    "done": true
  },
  "minecraft:story/mine_diamond": {
    "criteria": {
      "diamond": "2024-10-25 03:38:50 +0000"
    },
    "done": true
  },
  "minecraft:story/upgrade_tools": {
    "criteria": {
      "stone_pickaxe": "2024-10-25 03:00:28 +0000"
    },
    "done": true
  },
  "supplementaries:adventure/way_sign": {
    "criteria": {
      "bastion": "2024-10-25 02:52:20 +0000"
    },
    "done": true
  },
  "minecraft:story/smelt_iron": {
    "criteria": {
      "iron": "2024-10-25 03:39:00 +0000"
    },
    "done": true
  },
  "minecraft:recipes/woodcutting/birch/birch_boat_from_birch_planks_woodcutting": {
    "criteria": {
      "give_recipe": "2024-10-25 02:47:08 +0000"
    },
    "done": true
  },
  "betterdungeons:spider_dungeon": {
    "criteria": {
      "in_better_spider_dungeon": "2024-10-25 03:27:52 +0000"
    },
    "done": true
  },
  "minecraft:recipes/woodcutting/oak/oak_button_from_oak_planks_woodcutting": {
    "criteria": {
      "give_recipe": "2024-10-25 03:40:24 +0000"
    },
    "done": true
  },
  "minecraft:recipes/woodcutting/witch_hazel/polished_witch_hazel_button_from_witch_hazel_slab_woodcutting": {
    "criteria": {
      "give_recipe": "2024-10-25 04:31:31 +0000"
    },
    "done": true
  },
  "travelersbackpack:standard_from_custom": {
    "criteria": {
      "has_the_recipe": "2024-10-25 02:41:25 +0000"
    },
    "done": true
  },
  "minecraft:recipes/woodcutting/birch/crafting_table_from_birch_planks_woodcutting": {
    "criteria": {
      "give_recipe": "2024-10-25 02:47:08 +0000"
    },
    "done": true
  },
  "repurposed_structures:root": {
    "criteria": {
      "always": "2024-10-25 02:41:25 +0000"
    },
    "done": true
  },
  "DataVersion": 3120
}